{"type": "FeatureCollection", "features": [{"type": "Feature", "id": 318859730, "geometry": {"type": "Polygon", "coordinates": [[[-0.910699, 52.144124], [-0.909095, 52.144163], [-0.909074, 52.143603], [-0.911013, 52.143333], [-0.910311, 52.142934], [-0.91072, 52.142618], [-0.911967, 52.142406], [-0.911915, 52.142715], [-0.912659, 52.142786], [-0.912659, 52.142342], [-0.913267, 52.142335], [-0.913436, 52.142008], [-0.91398, 52.142166], [-0.914075, 52.141736], [-0.913828, 52.141502], [-0.913575, 52.141569], [-0.913307, 52.141442], [-0.913508, 52.14134], [-0.912901, 52.141027], [-0.913493, 52.140476], [-0.913804, 52.140393], [-0.914061, 52.14034], [-0.914165, 52.140518], [-0.913912, 52.140554], [-0.91472, 52.141656], [-0.916063, 52.141135], [-0.915909, 52.140987], [-0.916696, 52.140695], [-0.917461, 52.141119], [-0.917723, 52.141087], [-0.917629, 52.140868], [-0.917817, 52.14074], [-0.91821, 52.140598], [-0.91848, 52.140731], [-0.918259, 52.140952], [-0.918404, 52.141235], [-0.918601, 52.141217], [-0.918914, 52.141188], [-0.919305, 52.141137], [-0.919269, 52.141022], [-0.919472, 52.140951], [-0.919603, 52.141095], [-0.919505, 52.141214], [-0.919145, 52.141234], [-0.918674, 52.141268], [-0.918521, 52.141357], [-0.918625, 52.141608], [-0.920026, 52.141297], [-0.920273, 52.141663], [-0.921333, 52.141598], [-0.921306, 52.141914], [-0.921165, 52.143098], [-0.921131, 52.143178], [-0.919534, 52.142817], [-0.919286, 52.142772], [-0.918913, 52.143236], [-0.918067, 52.142934], [-0.918164, 52.142806], [-0.917934, 52.142725], [-0.917913, 52.142897], [-0.918094, 52.143127], [-0.918662, 52.143332], [-0.918785, 52.143507], [-0.918405, 52.143559], [-0.917916, 52.143228], [-0.917736, 52.143258], [-0.917212, 52.14296], [-0.917055, 52.142871], [-0.916689, 52.142723], [-0.916206, 52.142795], [-0.916023, 52.142695], [-0.915862, 52.142847], [-0.916556, 52.143275], [-0.916424, 52.143388], [-0.916066, 52.143192], [-0.915914, 52.143332], [-0.915383, 52.143209], [-0.915237, 52.143272], [-0.915103, 52.14347], [-0.914403, 52.143499], [-0.914539, 52.143935], [-0.914924, 52.143873], [-0.915217, 52.144503], [-0.91464, 52.144575], [-0.914867, 52.145247], [-0.914461, 52.145332], [-0.914384, 52.144853], [-0.914246, 52.144543], [-0.914122, 52.144358], [-0.913991, 52.144349], [-0.913425, 52.144407], [-0.913393, 52.143995], [-0.913235, 52.143804], [-0.91273, 52.1438], [-0.911642, 52.143776], [-0.911087, 52.143834], [-0.910699, 52.144124]]]}, "properties": {"description": "Team Build", "title": "Stokebruerne", "group": 2863042272, "fill": "#ffcc00"}}, {"type": "Feature", "id": 1302782488, "geometry": {"type": "Polygon", "coordinates": [[[-2.970493, 56.460166], [-2.968449, 56.459262], [-2.965836, 56.460739], [-2.968252, 56.461444], [-2.969004, 56.461727], [-2.969209, 56.461013], [-2.970493, 56.460166]]]}, "properties": {"description": "Team Build", "title": "Dundee - City Centre", "group": 2863042272, "fill": "#f1ae29"}}, {"type": "Feature", "id": 529453524, "geometry": {"type": "Polygon", "coordinates": [[[-4.522137, 50.332759], [-4.520287, 50.331671], [-4.516312, 50.331765], [-4.515286, 50.331321], [-4.51677, 50.330642], [-4.520324, 50.330642], [-4.523144, 50.332127], [-4.523053, 50.332373], [-4.522137, 50.332759]]]}, "properties": {"description": "Team Build", "title": "Polperro", "group": 2863042272, "fill": "#ffcc00"}}, {"type": "Feature", "id": 286847390, "geometry": {"type": "Polygon", "coordinates": [[[-1.63775, 52.407076], [-1.637581, 52.406653], [-1.6389, 52.406292], [-1.640281, 52.405983], [-1.64063, 52.407036], [-1.640766, 52.407284], [-1.642136, 52.40711], [-1.642493, 52.408168], [-1.642529, 52.40822], [-1.642765, 52.408097], [-1.643058, 52.40833], [-1.64306, 52.408674], [-1.643275, 52.408857], [-1.642696, 52.408926], [-1.642404, 52.409066], [-1.642556, 52.409203], [-1.642805, 52.409108], [-1.643172, 52.408981], [-1.643743, 52.408951], [-1.644057, 52.409092], [-1.644089, 52.409223], [-1.644165, 52.409398], [-1.644398, 52.40952], [-1.644323, 52.409837], [-1.643335, 52.409874], [-1.643177, 52.410258], [-1.642862, 52.410144], [-1.642891, 52.410099], [-1.642682, 52.41002], [-1.642724, 52.409807], [-1.642094, 52.409703], [-1.641802, 52.410195], [-1.642248, 52.410302], [-1.642181, 52.410559], [-1.640925, 52.410533], [-1.640896, 52.409932], [-1.640553, 52.409917], [-1.639805, 52.410099], [-1.64052, 52.411349], [-1.641114, 52.411178], [-1.641136, 52.41084], [-1.64168, 52.410914], [-1.64196, 52.410945], [-1.641798, 52.411259], [-1.641158, 52.411312], [-1.640564, 52.41147], [-1.640668, 52.411687], [-1.639728, 52.411769], [-1.639559, 52.411314], [-1.639815, 52.411266], [-1.63962, 52.410809], [-1.639271, 52.410877], [-1.639004, 52.410512], [-1.638424, 52.410591], [-1.638014, 52.410117], [-1.636757, 52.410418], [-1.636059, 52.409491], [-1.637348, 52.409161], [-1.637593, 52.409372], [-1.638853, 52.409104], [-1.638651, 52.408845], [-1.638849, 52.40881], [-1.638615, 52.408503], [-1.638802, 52.408456], [-1.63775, 52.407076]]]}, "properties": {"description": "Team Build", "title": "Berkswell", "group": 2863042272, "fill": "#3cc954"}}, {"type": "Feature", "id": 2570601875, "geometry": {"type": "Polygon", "coordinates": [[[-4.507263, 55.929364], [-4.503376, 55.931844], [-4.493081, 55.932594], [-4.487547, 55.932622], [-4.485823, 55.932493], [-4.478088, 55.930588], [-4.474742, 55.93017], [-4.475025, 55.929348], [-4.49227, 55.930847], [-4.491961, 55.930141], [-4.486942, 55.929852], [-4.486833, 55.929723], [-4.492209, 55.929875], [-4.492452, 55.930283], [-4.494684, 55.929665], [-4.501668, 55.92924], [-4.502767, 55.928855], [-4.503291, 55.929225], [-4.507263, 55.929364]]]}, "properties": {"description": "Team Build", "title": "Bowling", "group": 2863042272, "fill": "#f1ae29"}}, {"type": "Feature", "id": 90281053, "geometry": {"type": "Polygon", "coordinates": [[[-3.995561, 55.776799], [-3.995202, 55.77684], [-3.99458, 55.777132], [-3.993784, 55.77753], [-3.993975, 55.777665], [-3.994418, 55.777789], [-3.995408, 55.778075], [-3.995695, 55.778079], [-3.996355, 55.777828], [-3.996439, 55.7777], [-3.996217, 55.777047], [-3.99587, 55.776844], [-3.995561, 55.776799]]]}, "properties": {"description": "Team Build", "title": "Motherwell", "group": 2863042272, "fill": "#f1ae29"}}, {"type": "Feature", "id": 1150808401, "geometry": {"type": "Polygon", "coordinates": [[[-0.107651, 51.507764], [-0.108478, 51.507746], [-0.108474, 51.50763], [-0.108178, 51.507024], [-0.107431, 51.507151], [-0.107621, 51.50763], [-0.107651, 51.507764]]]}, "properties": {"title": "Southbank 1", "group": 2863042272, "fill": "#f1ae29"}}, {"type": "Feature", "id": 3342724015, "geometry": {"type": "Polygon", "coordinates": [[[-0.107751, 51.508494], [-0.10774, 51.508279], [-0.1077, 51.507972], [-0.107934, 51.508063], [-0.108106, 51.508072], [-0.108693, 51.508025], [-0.108781, 51.507984], [-0.108506, 51.507495], [-0.108279, 51.506966], [-0.108276, 51.506921], [-0.108814, 51.506734], [-0.108689, 51.506615], [-0.108379, 51.506251], [-0.108222, 51.506333], [-0.108053, 51.50615], [-0.108266, 51.506073], [-0.108316, 51.506114], [-0.109724, 51.505626], [-0.109962, 51.50597], [-0.110125, 51.506153], [-0.111288, 51.505706], [-0.11077, 51.504962], [-0.109379, 51.50515], [-0.10924, 51.504893], [-0.110593, 51.5047], [-0.110425, 51.504339], [-0.109044, 51.504591], [-0.108914, 51.504329], [-0.110691, 51.504033], [-0.110892, 51.50428], [-0.110485, 51.504379], [-0.11063, 51.504697], [-0.110797, 51.504947], [-0.111614, 51.50476], [-0.112127, 51.505353], [-0.111346, 51.505736], [-0.111561, 51.506197], [-0.111919, 51.506716], [-0.111557, 51.506837], [-0.110803, 51.507063], [-0.110569, 51.507131], [-0.11058, 51.50732], [-0.110715, 51.507484], [-0.110854, 51.507453], [-0.110949, 51.507546], [-0.110843, 51.507596], [-0.11092, 51.507685], [-0.110832, 51.507726], [-0.111034, 51.508067], [-0.111048, 51.508129], [-0.110803, 51.508163], [-0.110873, 51.508245], [-0.111052, 51.508293], [-0.111125, 51.508423], [-0.111037, 51.5085], [-0.110858, 51.508521], [-0.11073, 51.50845], [-0.1107, 51.508366], [-0.110763, 51.508309], [-0.110686, 51.508241], [-0.109659, 51.508339], [-0.109296, 51.508393], [-0.108923, 51.508427], [-0.108927, 51.508466], [-0.108447, 51.508487], [-0.107975, 51.508514], [-0.107751, 51.508494]]]}, "properties": {"title": "Southbank 2", "group": 2863042272, "fill": "#f1ae29"}}, {"type": "Feature", "id": 3236870341, "geometry": {"type": "Polygon", "coordinates": [[[-4.26245, 53.136473], [-4.263098, 53.135964], [-4.263611, 53.135301], [-4.262383, 53.133613], [-4.261665, 53.133275], [-4.261072, 53.133915], [-4.260714, 53.133795], [-4.260449, 53.13336], [-4.259602, 53.133353], [-4.259078, 53.132767], [-4.258672, 53.132726], [-4.258385, 53.132953], [-4.257237, 53.13228], [-4.25717, 53.131845], [-4.255938, 53.132298], [-4.255535, 53.132885], [-4.255998, 53.133141], [-4.255991, 53.133495], [-4.256439, 53.133799], [-4.255823, 53.134366], [-4.25774, 53.134691], [-4.25837, 53.134735], [-4.258342, 53.135312], [-4.258888, 53.135353], [-4.259767, 53.135361], [-4.260109, 53.134977], [-4.260474, 53.1351], [-4.262662, 53.13587], [-4.261981, 53.136131], [-4.26245, 53.136473]]]}, "properties": {"description": "Event area", "title": "Caernarfon event", "group": 2863042272, "fill": "#3cc954"}}, {"type": "Feature", "id": 2066912562, "geometry": {"type": "Polygon", "coordinates": [[[0.930216, 51.837121], [0.930162, 51.837486], [0.931235, 51.837436], [0.930001, 51.839127], [0.929572, 51.839889], [0.929679, 51.841564], [0.934696, 51.842939], [0.934187, 51.844696], [0.935984, 51.84521], [0.936655, 51.844796], [0.941135, 51.846122], [0.942369, 51.846072], [0.946259, 51.846868], [0.946876, 51.846768], [0.948084, 51.847464], [0.949908, 51.847381], [0.95082, 51.845575], [0.94964, 51.845591], [0.950149, 51.84274], [0.94693, 51.842658], [0.947386, 51.841696], [0.94532, 51.842127], [0.945449, 51.8381], [0.940586, 51.838301], [0.939904, 51.838472], [0.939245, 51.837283], [0.935723, 51.837334], [0.935653, 51.836962], [0.934115, 51.837009], [0.934714, 51.836319], [0.93048, 51.835825], [0.930216, 51.837121]]]}, "properties": {"description": "Event build", "title": "Fingringhoe", "group": 2863042272, "fill": "#ffcc00"}}, {"type": "Feature", "id": 2714448670, "geometry": {"type": "Polygon", "coordinates": [[[0.934964, 51.843006], [0.934837, 51.843569], [0.93486, 51.843956], [0.934364, 51.844835], [0.936006, 51.845244], [0.936368, 51.845127], [0.937123, 51.845241], [0.938162, 51.845464], [0.939248, 51.845665], [0.939504, 51.845702], [0.939629, 51.84579], [0.942339, 51.846097], [0.94237, 51.845868], [0.942363, 51.845305], [0.942911, 51.845232], [0.94292, 51.844873], [0.943029, 51.844885], [0.943329, 51.84447], [0.942943, 51.8443], [0.942851, 51.84436], [0.942642, 51.844337], [0.942303, 51.844312], [0.942309, 51.843988], [0.94239, 51.844004], [0.942661, 51.844126], [0.942943, 51.844298], [0.943332, 51.84447], [0.943766, 51.844622], [0.943701, 51.84486], [0.943398, 51.844896], [0.943333, 51.844978], [0.943752, 51.845239], [0.943834, 51.845286], [0.944064, 51.845109], [0.944148, 51.845033], [0.944217, 51.844847], [0.944284, 51.844792], [0.94451, 51.84482], [0.944999, 51.844972], [0.94475, 51.845446], [0.945023, 51.845549], [0.945299, 51.845536], [0.945678, 51.845433], [0.945848, 51.845159], [0.945896, 51.845094], [0.944374, 51.844706], [0.94475, 51.844044], [0.944767, 51.84384], [0.944811, 51.84362], [0.944932, 51.842931], [0.94526, 51.842137], [0.94531, 51.841874], [0.945442, 51.838082], [0.945233, 51.838048], [0.944981, 51.838041], [0.944565, 51.838133], [0.944018, 51.838108], [0.943442, 51.838094], [0.942817, 51.838094], [0.94225, 51.838183], [0.942097, 51.838181], [0.941782, 51.838215], [0.941151, 51.838234], [0.940653, 51.838266], [0.940237, 51.838278], [0.939975, 51.838402], [0.939979, 51.838497], [0.939795, 51.838503], [0.939445, 51.838521], [0.939275, 51.838505], [0.939186, 51.838454], [0.939006, 51.838432], [0.939003, 51.838369], [0.938751, 51.838381], [0.939053, 51.838363], [0.939238, 51.838323], [0.93926, 51.838284], [0.939285, 51.838144], [0.939393, 51.837775], [0.93946, 51.837493], [0.939487, 51.837329], [0.939451, 51.837242], [0.939318, 51.837192], [0.939111, 51.837187], [0.938848, 51.837197], [0.93873, 51.837154], [0.938699, 51.837085], [0.938691, 51.836918], [0.938628, 51.83693], [0.938625, 51.837123], [0.938661, 51.837179], [0.938763, 51.837238], [0.938102, 51.837253], [0.937914, 51.837272], [0.936902, 51.83728], [0.936105, 51.837304], [0.93603, 51.83727], [0.935962, 51.837201], [0.93588, 51.837204], [0.935911, 51.837332], [0.935788, 51.837323], [0.935649, 51.837315], [0.935597, 51.837241], [0.935549, 51.83713], [0.935421, 51.837011], [0.934966, 51.837016], [0.934272, 51.837058], [0.9343, 51.837396], [0.934412, 51.838023], [0.934967, 51.838593], [0.934947, 51.838603], [0.934526, 51.838168], [0.934337, 51.838001], [0.933956, 51.837627], [0.9337, 51.837485], [0.933077, 51.83735], [0.933069, 51.837394], [0.93329, 51.83744], [0.933594, 51.837506], [0.933796, 51.837587], [0.933937, 51.837696], [0.934125, 51.837878], [0.934389, 51.838128], [0.934723, 51.838489], [0.933686, 51.838823], [0.933886, 51.839053], [0.934265, 51.839522], [0.934414, 51.839746], [0.933712, 51.839982], [0.933898, 51.840665], [0.933991, 51.84126], [0.93154, 51.841367], [0.931456, 51.842084], [0.932818, 51.842481], [0.933609, 51.842712], [0.93416, 51.842844], [0.934561, 51.842945], [0.934806, 51.842973], [0.934964, 51.843006]]]}, "properties": {"title": "Fingringhoe Completed", "group": 2863042272, "fill": "#3cc954"}}, {"type": "Feature", "id": 2228805396, "geometry": {"type": "Polygon", "coordinates": [[[0.939975, 51.842832], [0.939566, 51.842373], [0.940126, 51.842093], [0.940734, 51.842353], [0.939975, 51.842832]]]}, "properties": {"title": "Fingringhoe Incomplete 1", "group": 2863042272, "fill": "#f1ae29"}}, {"type": "Feature", "id": 3097729803, "geometry": {"type": "Polygon", "coordinates": [[[0.936259, 51.838757], [0.936203, 51.838759], [0.936293, 51.838961], [0.936341, 51.839037], [0.936452, 51.839023], [0.93656, 51.839265], [0.936665, 51.839346], [0.937045, 51.839241], [0.937414, 51.839136], [0.937874, 51.839071], [0.937754, 51.838803], [0.93767, 51.838605], [0.937376, 51.83866], [0.937144, 51.838682], [0.936916, 51.83871], [0.936525, 51.838734], [0.936259, 51.838757]]]}, "properties": {"title": "Fingringhoe Incomplete 2", "group": 2863042272, "fill": "#f1ae29"}}, {"type": "Feature", "id": 3969453367, "geometry": {"type": "Polygon", "coordinates": [[[-2.449404, 50.608298], [-2.449377, 50.608382], [-2.44937, 50.608496], [-2.449233, 50.608483], [-2.44918, 50.608608], [-2.449138, 50.608622], [-2.449158, 50.608714], [-2.449156, 50.608778], [-2.449186, 50.608833], [-2.449221, 50.608884], [-2.449239, 50.608951], [-2.449194, 50.60901], [-2.449174, 50.609056], [-2.449144, 50.609085], [-2.449134, 50.609133], [-2.449158, 50.609192], [-2.449172, 50.609244], [-2.449207, 50.609304], [-2.449173, 50.609378], [-2.449206, 50.609435], [-2.449201, 50.609537], [-2.44927, 50.609653], [-2.449339, 50.60974], [-2.449429, 50.609857], [-2.449529, 50.609974], [-2.449664, 50.61003], [-2.449767, 50.610123], [-2.450015, 50.610162], [-2.450179, 50.61023], [-2.450301, 50.610322], [-2.4505, 50.61044], [-2.450701, 50.610617], [-2.451117, 50.610901], [-2.452919, 50.6105], [-2.452961, 50.610499], [-2.452939, 50.610369], [-2.452901, 50.610259], [-2.452882, 50.610158], [-2.452859, 50.610074], [-2.452836, 50.60999], [-2.452799, 50.609882], [-2.452762, 50.609774], [-2.452703, 50.609653], [-2.452658, 50.609556], [-2.452604, 50.609443], [-2.452505, 50.60935], [-2.452411, 50.609265], [-2.452314, 50.609199], [-2.452341, 50.609115], [-2.452354, 50.609054], [-2.452357, 50.609036], [-2.452346, 50.608993], [-2.452315, 50.60892], [-2.452266, 50.608815], [-2.452489, 50.608833], [-2.452673, 50.608833], [-2.452828, 50.608831], [-2.452789, 50.608066], [-2.452813, 50.607989], [-2.452903, 50.607391], [-2.452892, 50.607348], [-2.452895, 50.60733], [-2.452878, 50.607325], [-2.452861, 50.60732], [-2.452826, 50.60731], [-2.452777, 50.607322], [-2.452661, 50.607342], [-2.452563, 50.607366], [-2.452439, 50.607396], [-2.452333, 50.607431], [-2.45221, 50.607461], [-2.452074, 50.607494], [-2.451988, 50.607398], [-2.451324, 50.607659], [-2.449893, 50.608242], [-2.449876, 50.608237], [-2.449404, 50.608298]]]}, "properties": {"description": "Team Build", "title": "Weymouth Event", "group": 2863042272, "fill": "#f1ae29"}}, {"type": "Feature", "id": 2990149310, "geometry": {"type": "Polygon", "coordinates": [[[-1.122687, 50.843208], [-1.12184, 50.843339], [-1.121455, 50.843432], [-1.121573, 50.843818], [-1.120667, 50.843955], [-1.120814, 50.844739], [-1.120795, 50.845013], [-1.121228, 50.845567], [-1.121435, 50.84566], [-1.121869, 50.845667], [-1.122559, 50.845617], [-1.122894, 50.845642], [-1.123348, 50.845635], [-1.123111, 50.844335], [-1.122855, 50.843177], [-1.122687, 50.843208]]]}, "properties": {"description": "Only a test event real event futher south", "title": "Portchester Test Event", "group": 2863042272, "fill": "#fff700"}}, {"type": "Feature", "id": 3313740202, "geometry": {"type": "Polygon", "coordinates": [[[-1.114603, 50.840942], [-1.112284, 50.837967], [-1.112704, 50.836122], [-1.115972, 50.835753], [-1.117853, 50.835718], [-1.118892, 50.835481], [-1.120362, 50.835555], [-1.122247, 50.835575], [-1.123902, 50.835912], [-1.123313, 50.837686], [-1.123356, 50.838495], [-1.122764, 50.839304], [-1.12271, 50.840111], [-1.12272, 50.841487], [-1.122564, 50.841466], [-1.122661, 50.841969], [-1.1225, 50.841963], [-1.122856, 50.843155], [-1.121468, 50.843397], [-1.11966, 50.843271], [-1.118346, 50.841818], [-1.114603, 50.840942]]]}, "properties": {"description": "BTE Games", "title": "Portchester", "group": 2863042272, "fill": "#fff200"}}, {"type": "Feature", "id": 1527177755, "geometry": {"type": "Polygon", "coordinates": [[[-3.32887, 51.390027], [-3.328122, 51.38995], [-3.326871, 51.390301], [-3.326208, 51.390725], [-3.325906, 51.391423], [-3.326251, 51.392366], [-3.331986, 51.396219], [-3.333672, 51.396811], [-3.334727, 51.397863], [-3.332171, 51.39911], [-3.334833, 51.40044], [-3.33791, 51.401688], [-3.339016, 51.40287], [-3.339995, 51.403498], [-3.341268, 51.404328], [-3.342037, 51.404729], [-3.343118, 51.404325], [-3.34406, 51.405471], [-3.344855, 51.405207], [-3.347963, 51.405726], [-3.350709, 51.401915], [-3.350974, 51.402259], [-3.351419, 51.40221], [-3.352273, 51.401882], [-3.35449, 51.402557], [-3.355031, 51.402124], [-3.359366, 51.403473], [-3.360729, 51.402421], [-3.361621, 51.400598], [-3.3543, 51.398301], [-3.353473, 51.397159], [-3.352132, 51.395773], [-3.354851, 51.392403], [-3.354003, 51.391612], [-3.352136, 51.391225], [-3.350217, 51.391688], [-3.347645, 51.393049], [-3.345439, 51.391589], [-3.343344, 51.394054], [-3.342612, 51.39379], [-3.342119, 51.394223], [-3.334844, 51.391917], [-3.32887, 51.390027]]]}, "properties": {"description": "Team Build", "title": "Cardiff Airport", "group": 1182029936, "fill": "#f1ae29"}}, {"type": "Feature", "id": 1914513101, "geometry": {"type": "Polygon", "coordinates": [[[-1.360778, 50.941377], [-1.361779, 50.942194], [-1.362682, 50.943247], [-1.363373, 50.944459], [-1.364235, 50.945821], [-1.365164, 50.946841], [-1.36675, 50.948072], [-1.359115, 50.954825], [-1.354818, 50.958712], [-1.353343, 50.95922], [-1.352049, 50.959137], [-1.350686, 50.958589], [-1.349493, 50.958039], [-1.351945, 50.953438], [-1.351167, 50.952523], [-1.351688, 50.951591], [-1.352056, 50.951182], [-1.353793, 50.948776], [-1.353699, 50.948577], [-1.35287, 50.948319], [-1.352725, 50.948001], [-1.352913, 50.947479], [-1.35352, 50.947533], [-1.354605, 50.946002], [-1.35469, 50.945593], [-1.356638, 50.943111], [-1.356758, 50.942901], [-1.358772, 50.942462], [-1.360472, 50.941208], [-1.360778, 50.941377]]]}, "properties": {"description": "Lits", "title": "Southampton Airport", "group": 1182029936, "fill": "#ffcc00"}}, {"type": "Feature", "id": 3862184269, "geometry": {"type": "Polygon", "coordinates": [[[-2.832321, 53.334205], [-2.832391, 53.334767], [-2.833158, 53.335912], [-2.83511, 53.336142], [-2.841038, 53.335912], [-2.848918, 53.335538], [-2.849128, 53.337307], [-2.852928, 53.33712], [-2.853103, 53.337807], [-2.856345, 53.337661], [-2.856171, 53.337078], [-2.864226, 53.336683], [-2.864051, 53.335621], [-2.867887, 53.335413], [-2.868933, 53.334976], [-2.869491, 53.334455], [-2.868584, 53.334143], [-2.867329, 53.333226], [-2.867015, 53.332602], [-2.832321, 53.334205]]]}, "properties": {"description": "SchofieldEFC", "title": "Liverpool Airport", "group": 1182029936, "fill": "#ff3a15"}}, {"type": "Feature", "id": 3350197266, "geometry": {"type": "Polygon", "coordinates": [[[-0.182642, 51.145817], [-0.183228, 51.144223], [-0.166419, 51.145989], [-0.163252, 51.147019], [-0.161923, 51.148711], [-0.161767, 51.156631], [-0.162392, 51.1582], [-0.163995, 51.1595], [-0.165871, 51.160505], [-0.171461, 51.162172], [-0.173299, 51.16227], [-0.176309, 51.164378], [-0.184284, 51.163679], [-0.188193, 51.160535], [-0.189014, 51.160409], [-0.188916, 51.160935], [-0.190939, 51.16083], [-0.192733, 51.161366], [-0.193981, 51.161413], [-0.194723, 51.161143], [-0.195328, 51.158924], [-0.196061, 51.158623], [-0.198968, 51.158031], [-0.201985, 51.155676], [-0.203728, 51.151605], [-0.203701, 51.149667], [-0.205212, 51.149312], [-0.207609, 51.150311], [-0.213147, 51.150345], [-0.214157, 51.15019], [-0.213958, 51.148371], [-0.215344, 51.148026], [-0.215529, 51.147093], [-0.214214, 51.143316], [-0.212853, 51.14258], [-0.210882, 51.142433], [-0.20114, 51.143291], [-0.197481, 51.144162], [-0.182642, 51.145817]]]}, "properties": {"title": "Gatwick Airport", "group": 1182029936, "fill": "#f1ae29"}}, {"type": "Feature", "id": 4249581717, "geometry": {"type": "Polygon", "coordinates": [[[0.694967, 51.576766], [0.696783, 51.575689], [0.697202, 51.57614], [0.705704, 51.575908], [0.706035, 51.573978], [0.705268, 51.568049], [0.702512, 51.566465], [0.698656, 51.566847], [0.698739, 51.567316], [0.690775, 51.567942], [0.690509, 51.567377], [0.690181, 51.56732], [0.690073, 51.567014], [0.689599, 51.567017], [0.688943, 51.566672], [0.688671, 51.566099], [0.687138, 51.566247], [0.686707, 51.565496], [0.686072, 51.565451], [0.684581, 51.564524], [0.682857, 51.564583], [0.680346, 51.563517], [0.679818, 51.563801], [0.678966, 51.566323], [0.680882, 51.566725], [0.683509, 51.567455], [0.68615, 51.569306], [0.691397, 51.571751], [0.69198, 51.573077], [0.692412, 51.574887], [0.693578, 51.575392], [0.694967, 51.576766]]]}, "properties": {"group": 1182029936, "image": {"id": "qpwvwl1cbt6bdhro", "w": 1077, "h": 610, "tip_color": "#295329", "avg_color": "#3e6439"}, "description": "Crayfish547 | 1.20", "title": "London Southend Airport", "fill": "#ffcc00"}}, {"type": "Feature", "id": 3760715365, "geometry": {"type": "LineString", "coordinates": [[0.681608, 51.565334], [0.686057, 51.567364], [0.686208, 51.56748], [0.686582, 51.567592], [0.70431, 51.575572], [0.704516, 51.575715], [0.704828, 51.575805], [0.705149, 51.575533], [0.686899, 51.567319], [0.686653, 51.567142], [0.686343, 51.567062], [0.682719, 51.565482], [0.682481, 51.565128], [0.682057, 51.564927], [0.681608, 51.565334]]}, "properties": {"description": "Complete", "stroke": "#3cc954", "title": "Southend Runway", "group": 1182029936}}, {"type": "Feature", "id": 2447886445, "geometry": {"type": "LineString", "coordinates": [[0.694559, 51.575848], [0.695704, 51.574877], [0.696738, 51.575712], [0.704862, 51.575602], [0.704399, 51.573523], [0.69971, 51.571443], [0.702429, 51.572626], [0.701934, 51.569349], [0.695704, 51.574891], [0.693458, 51.572934], [0.692512, 51.571333], [0.68998, 51.569951], [0.689166, 51.570581], [0.68998, 51.569924], [0.690574, 51.568775], [0.691367, 51.568296], [0.692974, 51.568939], [0.694889, 51.569144]]}, "properties": {"description": "95%", "stroke": "#91d43c", "title": "Southend Taxiway", "group": 1182029936}}, {"type": "Feature", "id": 22852106, "geometry": {"type": "Polygon", "coordinates": [[[-0.414888, 51.471644], [-0.415126, 51.472162], [-0.4176, 51.47417], [-0.417805, 51.474959], [-0.418448, 51.475679], [-0.419591, 51.476024], [-0.421276, 51.476164], [-0.426557, 51.476185], [-0.42671, 51.479062], [-0.427417, 51.479393], [-0.45279, 51.479427], [-0.455296, 51.479967], [-0.479812, 51.47996], [-0.480517, 51.479904], [-0.482645, 51.479308], [-0.48837, 51.479144], [-0.492769, 51.478635], [-0.493964, 51.47818], [-0.494627, 51.477324], [-0.495081, 51.475898], [-0.494121, 51.473337], [-0.492669, 51.472257], [-0.491653, 51.471118], [-0.491115, 51.470038], [-0.491163, 51.467406], [-0.492167, 51.464555], [-0.49147, 51.463635], [-0.490232, 51.46343], [-0.488989, 51.463024], [-0.489677, 51.462213], [-0.485529, 51.461501], [-0.477647, 51.461516], [-0.476541, 51.46133], [-0.475967, 51.460999], [-0.475149, 51.460022], [-0.472526, 51.458696], [-0.458819, 51.457363], [-0.456023, 51.456815], [-0.454364, 51.45687], [-0.45282, 51.45616], [-0.451153, 51.455974], [-0.448613, 51.456339], [-0.444164, 51.457626], [-0.440978, 51.457848], [-0.437941, 51.460109], [-0.425184, 51.465749], [-0.424323, 51.466386], [-0.423289, 51.468075], [-0.419129, 51.469385], [-0.414888, 51.471644]]]}, "properties": {"title": "London Heathrow Airport", "group": 1182029936, "fill": "#fb6033"}}, {"type": "Feature", "id": 985593271, "geometry": {"type": "Polygon", "coordinates": [[[0.040107, 51.506051], [0.040136, 51.506593], [0.040913, 51.506556], [0.041272, 51.506329], [0.067137, 51.505516], [0.067505, 51.505259], [0.068061, 51.504482], [0.067713, 51.504166], [0.066246, 51.504219], [0.066241, 51.504105], [0.065731, 51.503811], [0.062602, 51.503905], [0.062534, 51.50387], [0.062369, 51.503875], [0.062294, 51.503916], [0.058741, 51.504008], [0.058664, 51.503355], [0.058592, 51.502811], [0.058323, 51.502128], [0.050743, 51.502527], [0.050087, 51.502644], [0.049057, 51.503175], [0.048454, 51.503112], [0.047334, 51.503181], [0.046664, 51.503193], [0.044869, 51.503255], [0.04468, 51.503098], [0.044312, 51.503139], [0.044266, 51.50334], [0.043687, 51.503372], [0.043154, 51.503183], [0.042806, 51.503374], [0.042516, 51.503562], [0.042124, 51.503857], [0.041807, 51.504275], [0.041752, 51.504343], [0.041715, 51.50442], [0.041627, 51.504485], [0.041445, 51.504529], [0.041291, 51.504604], [0.040479, 51.504662], [0.03996, 51.504707], [0.040107, 51.506051]]]}, "properties": {"description": "Crayfish547, thomasenrosa\n[& infostop]", "title": "London City Airport", "group": 1182029936, "fill": "#a0ff14"}}, {"type": "Feature", "id": 3878681102, "geometry": {"type": "Polygon", "coordinates": [[[-1.729075, 52.44413], [-1.731072, 52.443713], [-1.73263, 52.44268], [-1.734107, 52.441729], [-1.735721, 52.441346], [-1.739605, 52.441863], [-1.740863, 52.442663], [-1.742367, 52.444513], [-1.744227, 52.445414], [-1.75076, 52.446531], [-1.755464, 52.447714], [-1.760934, 52.451165], [-1.757078, 52.454465], [-1.755105, 52.456335], [-1.759126, 52.459869], [-1.762736, 52.463335], [-1.763474, 52.464551], [-1.763803, 52.465967], [-1.761779, 52.46715], [-1.760028, 52.467017], [-1.758715, 52.466817], [-1.757895, 52.467384], [-1.756664, 52.467317], [-1.755844, 52.466784], [-1.755242, 52.465668], [-1.753546, 52.463801], [-1.747528, 52.458374], [-1.743699, 52.457757], [-1.739047, 52.458792], [-1.729693, 52.453742], [-1.7289, 52.452792], [-1.73017, 52.449279], [-1.72976, 52.445228], [-1.729075, 52.44413]]]}, "properties": {"description": "PlaneCal", "title": "Birmingham Airport", "group": 1182029936, "fill": "#f18729"}}, {"type": "Feature", "id": 338366534, "geometry": {"type": "Polygon", "coordinates": [[[-2.315763, 53.331424], [-2.313271, 53.332464], [-2.312467, 53.33424], [-2.309707, 53.335264], [-2.307751, 53.334896], [-2.288587, 53.34373], [-2.290999, 53.344418], [-2.293009, 53.343186], [-2.295447, 53.344034], [-2.295145, 53.345964], [-2.290107, 53.352347], [-2.286007, 53.352459], [-2.282243, 53.35426], [-2.284307, 53.355828], [-2.284548, 53.356739], [-2.292215, 53.361183], [-2.292751, 53.362302], [-2.29109, 53.363934], [-2.291004, 53.365598], [-2.292478, 53.367772], [-2.291942, 53.369227], [-2.290709, 53.370458], [-2.286582, 53.371865], [-2.28484, 53.371482], [-2.283125, 53.370522], [-2.281571, 53.370315], [-2.277301, 53.370986], [-2.274675, 53.370474], [-2.273469, 53.36894], [-2.273656, 53.368284], [-2.269985, 53.366957], [-2.250492, 53.36359], [-2.244141, 53.361655], [-2.244246, 53.361319], [-2.246497, 53.361128], [-2.249686, 53.360664], [-2.255367, 53.360984], [-2.258422, 53.359448], [-2.25735, 53.357193], [-2.262629, 53.355114], [-2.261236, 53.354202], [-2.261906, 53.353867], [-2.261959, 53.35441], [-2.262897, 53.354986], [-2.264639, 53.353979], [-2.263942, 53.353547], [-2.26421, 53.352939], [-2.272196, 53.349564], [-2.274099, 53.348476], [-2.274152, 53.347836], [-2.28013, 53.345067], [-2.279862, 53.344635], [-2.280559, 53.344459], [-2.280988, 53.344651], [-2.28214, 53.343915], [-2.28289, 53.344075], [-2.283774, 53.343611], [-2.283265, 53.343388], [-2.284337, 53.343036], [-2.284846, 53.343132], [-2.285757, 53.342636], [-2.285512, 53.342294], [-2.284854, 53.3423], [-2.28431, 53.341982], [-2.285378, 53.341583], [-2.285752, 53.341976], [-2.285724, 53.342284], [-2.286041, 53.342499], [-2.289828, 53.340729], [-2.289919, 53.340408], [-2.298399, 53.336109], [-2.298089, 53.33574], [-2.298749, 53.335466], [-2.299247, 53.335705], [-2.305153, 53.332945], [-2.305672, 53.332492], [-2.306018, 53.331612], [-2.308809, 53.330224], [-2.313209, 53.329017], [-2.313906, 53.329016], [-2.315763, 53.331424]]]}, "properties": {"description": "Dyl, Schofield, Lamp", "title": "Manchester Airport", "group": 1182029936, "fill": "#f1ae29"}}, {"type": "Feature", "id": 2366618183, "geometry": {"type": "Polygon", "coordinates": [[[-1.850363, 50.777113], [-1.848916, 50.777106], [-1.846725, 50.776766], [-1.843828, 50.776334], [-1.841067, 50.775681], [-1.839151, 50.775431], [-1.837092, 50.775325], [-1.834566, 50.775075], [-1.833177, 50.774712], [-1.83192, 50.774417], [-1.831513, 50.776983], [-1.828747, 50.776378], [-1.828555, 50.77587], [-1.827801, 50.775901], [-1.828292, 50.777907], [-1.829226, 50.778384], [-1.829226, 50.778891], [-1.827634, 50.779224], [-1.827658, 50.779875], [-1.827741, 50.780322], [-1.826292, 50.78123], [-1.824675, 50.782449], [-1.824699, 50.784137], [-1.827417, 50.784523], [-1.828578, 50.784857], [-1.829716, 50.784963], [-1.830686, 50.78519], [-1.831512, 50.785114], [-1.832338, 50.785182], [-1.833224, 50.785371], [-1.834385, 50.785485], [-1.834361, 50.786514], [-1.835726, 50.786794], [-1.835858, 50.787271], [-1.836768, 50.787445], [-1.838324, 50.787521], [-1.838599, 50.788043], [-1.840251, 50.788724], [-1.842538, 50.789103], [-1.844322, 50.789466], [-1.847351, 50.789405], [-1.848393, 50.788929], [-1.849046, 50.78821], [-1.848782, 50.787862], [-1.849189, 50.787711], [-1.850363, 50.787847], [-1.850411, 50.787416], [-1.851536, 50.787347], [-1.852278, 50.787726], [-1.853344, 50.787665], [-1.854517, 50.786901], [-1.853452, 50.786227], [-1.853583, 50.785221], [-1.853535, 50.784585], [-1.853092, 50.784335], [-1.852386, 50.783858], [-1.852147, 50.783336], [-1.850949, 50.781246], [-1.850812, 50.78081], [-1.854092, 50.78025], [-1.854739, 50.779554], [-1.856232, 50.778822], [-1.857298, 50.77892], [-1.859656, 50.779049], [-1.85986, 50.778791], [-1.859932, 50.778125], [-1.85956, 50.777209], [-1.858531, 50.776467], [-1.85731, 50.776127], [-1.855981, 50.776089], [-1.852221, 50.776823], [-1.850363, 50.777113]]]}, "properties": {"description": "AMgr8, Refrosted", "title": "Bournmouth Airport", "group": 1182029936, "fill": "#f1ae29"}}, {"type": "Feature", "id": 4271886575, "geometry": {"type": "Polygon", "coordinates": [[[-1.852201, 50.77865], [-1.828028, 50.782635], [-1.827901, 50.782289], [-1.835908, 50.780962], [-1.835421, 50.779799], [-1.836236, 50.779532], [-1.836867, 50.778762], [-1.836071, 50.778315], [-1.836009, 50.777759], [-1.83632, 50.777671], [-1.836283, 50.777176], [-1.836174, 50.776451], [-1.835602, 50.776377], [-1.835682, 50.776119], [-1.836041, 50.776086], [-1.836708, 50.776301], [-1.837193, 50.775841], [-1.837573, 50.775658], [-1.840399, 50.775979], [-1.845408, 50.77691], [-1.847472, 50.777109], [-1.850218, 50.777812], [-1.851578, 50.777901], [-1.857107, 50.777028], [-1.858001, 50.776892], [-1.858212, 50.777657], [-1.852201, 50.77865]]]}, "properties": {"description": "AMgr8", "title": "Bournemouth airport completed", "group": 1182029936, "fill": "#3cc954"}}, {"type": "Feature", "id": 2765991406, "geometry": {"type": "Polygon", "coordinates": [[[-1.428534, 54.309363], [-1.428848, 54.309302], [-1.434315, 54.320335], [-1.437391, 54.325306], [-1.437251, 54.325335], [-1.441137, 54.33197], [-1.441247, 54.331973], [-1.441913, 54.332971], [-1.441762, 54.333012], [-1.442017, 54.333376], [-1.442443, 54.333247], [-1.442353, 54.332955], [-1.442804, 54.332864], [-1.443776, 54.334232], [-1.442711, 54.334173], [-1.444657, 54.337796], [-1.444405, 54.337835], [-1.441344, 54.333146], [-1.441213, 54.333081], [-1.441006, 54.333008], [-1.440551, 54.333142], [-1.440713, 54.332897], [-1.440898, 54.332928], [-1.441144, 54.332838], [-1.441033, 54.332634], [-1.441126, 54.332457], [-1.440078, 54.330638], [-1.440163, 54.330579], [-1.437451, 54.326146], [-1.436945, 54.325339], [-1.436811, 54.325366], [-1.433655, 54.319719], [-1.428534, 54.309363]]]}, "properties": {"description": "bb: fortcraft303. The east coast mainline and all stations", "title": "East Coast Mainline", "group": 25180420, "fill": "#fff700"}}, {"type": "Feature", "id": 971384979, "geometry": {"type": "Polygon", "coordinates": [[[0.145867, 51.439814], [0.146, 51.439606], [0.150264, 51.440693], [0.153119, 51.441749], [0.155462, 51.442392], [0.161629, 51.443953], [0.168703, 51.445706], [0.176537, 51.447635], [0.176474, 51.447771], [0.17081, 51.446366], [0.15407, 51.442233], [0.148172, 51.440449], [0.145867, 51.439814]]]}, "properties": {"title": "Southeastern - Dartford to Charing Cross", "group": 25180420, "fill": "#fff200"}}, {"type": "Feature", "id": 3523770637, "geometry": {"type": "Polygon", "coordinates": [[[-0.127071, 51.534112], [-0.1263, 51.533094], [-0.125491, 51.532055], [-0.125718, 51.531977], [-0.125016, 51.530989], [-0.124561, 51.530548], [-0.123934, 51.529917], [-0.126036, 51.529068], [-0.126324, 51.529334], [-0.12662, 51.530434], [-0.12669, 51.53061], [-0.127178, 51.531606], [-0.128712, 51.533621], [-0.128633, 51.533638], [-0.12914, 51.53427], [-0.127693, 51.534626], [-0.127213, 51.534084], [-0.127071, 51.534112]]]}, "properties": {"description": "Built by: Jtupps, Crayfish547\nIncludes St. Pancras Renaissance Hotel", "title": "St. Pancras International", "group": 2651410562, "fill": "#f18729"}}, {"type": "Feature", "id": 793980205, "geometry": {"type": "Polygon", "coordinates": [[[-0.077685, 51.509201], [-0.07707, 51.509272], [-0.075504, 51.509398], [-0.074068, 51.508993], [-0.074506, 51.507134], [-0.074771, 51.506662], [-0.078641, 51.507556], [-0.078865, 51.507693], [-0.077685, 51.509201]]]}, "properties": {"description": "CallMeOzy", "title": "Tower of London", "group": 2651410562, "fill": "#f18729"}}, {"type": "Feature", "id": 3731867804, "geometry": {"type": "Polygon", "coordinates": [[[-0.134462, 51.496353], [-0.134932, 51.496365], [-0.135314, 51.496448], [-0.135198, 51.496652], [-0.134462, 51.496642], [-0.134462, 51.496353]]]}, "properties": {"description": "Builder Unknown", "title": "Premier House", "group": 2651410562, "fill": "#3cc954"}}, {"type": "Feature", "id": 2770645635, "geometry": {"type": "Polygon", "coordinates": [[[-0.15322, 51.498112], [-0.152885, 51.497905], [-0.151513, 51.498757], [-0.151903, 51.498969], [-0.15322, 51.498112]]]}, "properties": {"description": "Sole", "title": "Belgravia (WIP)", "group": 2651410562, "fill": "#cc1b15"}}, {"type": "Feature", "id": 2856514268, "geometry": {"type": "Polygon", "coordinates": [[[-0.103777, 51.507358], [-0.103273, 51.507252], [-0.10294, 51.508412], [-0.102811, 51.510866], [-0.102408, 51.510868], [-0.102229, 51.511915], [-0.103384, 51.51196], [-0.103413, 51.512976], [-0.104192, 51.513019], [-0.104296, 51.514254], [-0.106296, 51.514273], [-0.106027, 51.513248], [-0.104883, 51.513216], [-0.10503, 51.51252], [-0.105352, 51.511363], [-0.104752, 51.511368], [-0.104644, 51.508501], [-0.103596, 51.508397], [-0.103777, 51.507358]]]}, "properties": {"description": "Sole, Ozy, Yindee, Alba, ExplodedBunny", "title": "Blackfriars", "group": 2651410562, "fill": "#3cc954"}}, {"type": "Feature", "id": 1654123238, "geometry": {"type": "Polygon", "coordinates": [[[-0.116692, 51.514813], [-0.117244, 51.514955], [-0.117384, 51.515138], [-0.116563, 51.515335], [-0.116531, 51.515289], [-0.115817, 51.515443], [-0.115575, 51.515008], [-0.115545, 51.515006], [-0.115511, 51.514996], [-0.1151, 51.514797], [-0.114997, 51.514741], [-0.115559, 51.514342], [-0.115675, 51.514396], [-0.11622, 51.514678], [-0.116692, 51.514813]]]}, "properties": {"description": "SoleSol.", "title": "LSE", "group": 2651410562, "fill": "#ffcc00"}}, {"type": "Feature", "id": 380007089, "geometry": {"type": "Polygon", "coordinates": [[[-0.117087, 51.512028], [-0.116571, 51.512217], [-0.116723, 51.512349], [-0.11723, 51.512145], [-0.117087, 51.512028]]]}, "properties": {"description": "Mr Beans", "title": "St Mary Le Strand Church", "group": 2651410562, "fill": "#3cc954"}}, {"type": "Feature", "id": 635614828, "geometry": {"type": "LineString", "coordinates": [[-0.175015, 51.515985], [-0.176413, 51.515123], [-0.180426, 51.517969], [-0.182831, 51.518262], [-0.1893, 51.518669], [-0.189195, 51.519287], [-0.179642, 51.518742], [-0.178871, 51.518823], [-0.178413, 51.519083], [-0.176034, 51.517424], [-0.175642, 51.516643], [-0.175015, 51.515985]]}, "properties": {"stroke": "#ffcc00", "title": "Paddington", "group": 2651410562}}, {"type": "Feature", "id": 4231298810, "geometry": {"type": "Polygon", "coordinates": [[[-0.121651, 51.507001], [-0.122099, 51.506355], [-0.124194, 51.507305], [-0.125455, 51.508014], [-0.124692, 51.50852], [-0.121651, 51.507001]]]}, "properties": {"description": "Creet", "title": "Charing Cross Station", "group": 2651410562, "fill": "#fff200"}}, {"type": "Feature", "id": 3444343159, "geometry": {"type": "LineString", "coordinates": [[0.257073, 51.573431], [0.275031, 51.572352], [0.274607, 51.570694], [0.277868, 51.570483], [0.27681, 51.56914], [0.279944, 51.569061], [0.280537, 51.562927], [0.259783, 51.559109], [0.250296, 51.558767], [0.252541, 51.563691], [0.256564, 51.568482], [0.257073, 51.573431]]}, "properties": {"description": "PBS Location", "stroke": "#fb6033", "title": "Cranham", "group": 2651410562}}, {"type": "Feature", "id": 4039981176, "geometry": {"type": "Polygon", "coordinates": [[[-0.09192, 51.507474], [-0.088246, 51.506906], [-0.087595, 51.508924], [-0.087166, 51.508864], [-0.087426, 51.507826], [-0.087845, 51.506803], [-0.086422, 51.50664], [-0.085587, 51.506614], [-0.085027, 51.506743], [-0.08404, 51.506636], [-0.083784, 51.506438], [-0.083867, 51.506055], [-0.08404, 51.506055], [-0.084178, 51.505883], [-0.084509, 51.505625], [-0.084744, 51.505681], [-0.084944, 51.505677], [-0.085207, 51.505488], [-0.086119, 51.50578], [-0.086236, 51.505999], [-0.086402, 51.506107], [-0.086871, 51.506266], [-0.087389, 51.506352], [-0.088039, 51.506416], [-0.08808, 51.506158], [-0.086864, 51.505948], [-0.086899, 51.505866], [-0.08665, 51.50572], [-0.086706, 51.505548], [-0.087003, 51.505673], [-0.087603, 51.505711], [-0.087983, 51.505832], [-0.088639, 51.505806], [-0.088764, 51.5056], [-0.087372, 51.504981], [-0.086824, 51.5047], [-0.087151, 51.504259], [-0.08789, 51.503541], [-0.088899, 51.503889], [-0.088595, 51.504276], [-0.089175, 51.504577], [-0.089375, 51.504367], [-0.089514, 51.504401], [-0.089348, 51.50462], [-0.089645, 51.504723], [-0.089852, 51.504616], [-0.090073, 51.504715], [-0.090632, 51.504268], [-0.090992, 51.504044], [-0.09104, 51.504173], [-0.09084, 51.504745], [-0.092232, 51.504639], [-0.092494, 51.504388], [-0.09322, 51.504432], [-0.09329, 51.504734], [-0.094426, 51.505083], [-0.094246, 51.505324], [-0.093359, 51.505013], [-0.093006, 51.505342], [-0.092547, 51.505535], [-0.092231, 51.505411], [-0.092382, 51.505079], [-0.092298, 51.505103], [-0.092204, 51.505099], [-0.092129, 51.505134], [-0.092099, 51.505132], [-0.092112, 51.505042], [-0.092088, 51.505094], [-0.092367, 51.505096], [-0.091166, 51.505275], [-0.091014, 51.505357], [-0.091394, 51.505649], [-0.091574, 51.505898], [-0.092065, 51.506174], [-0.09232, 51.506591], [-0.09261, 51.506604], [-0.092623, 51.507473], [-0.09254, 51.50759], [-0.092284, 51.507531], [-0.09192, 51.507474]]]}, "properties": {"description": "Yindee8191, SoleSol06, CallmeOzy, AlbaGuBrath", "title": "Bankside, Southwark", "group": 2651410562, "fill": "#3cc954"}}, {"type": "Feature", "id": 2938274308, "geometry": {"type": "Polygon", "coordinates": [[[-0.087097, 51.504334], [-0.086051, 51.503883], [-0.085493, 51.503946], [-0.084908, 51.504404], [-0.086357, 51.505068], [-0.087097, 51.504334]]]}, "properties": {"description": "MKS908", "title": "The Shard- London Bridge", "group": 2651410562, "fill": "#3cc954"}}, {"type": "Feature", "id": 78474933, "geometry": {"type": "Polygon", "coordinates": [[[-0.092008, 51.506091], [-0.092067, 51.505667], [-0.092403, 51.505091], [-0.09121, 51.505285], [-0.091071, 51.505356], [-0.091403, 51.505628], [-0.09158, 51.505876], [-0.092008, 51.506091]]]}, "properties": {"description": "Yindee8191, SoleSol06, CallmeOzy, AlbaGuBrath", "title": "Triangle area", "group": 2651410562, "fill": "#ffcc00"}}, {"type": "Feature", "id": 2554404683, "geometry": {"type": "Polygon", "coordinates": [[[-0.114074, 51.513177], [-0.114057, 51.513122], [-0.114123, 51.513117], [-0.114096, 51.513044], [-0.11404, 51.513045], [-0.114035, 51.513006], [-0.113684, 51.513025], [-0.113588, 51.513096], [-0.113551, 51.51314], [-0.113561, 51.513177], [-0.113635, 51.513193], [-0.113738, 51.513229], [-0.114074, 51.513177]]]}, "properties": {"description": "Sole", "title": "St Clement Danes Church", "group": 2651410562, "fill": "#3cc954"}}, {"type": "Feature", "id": 4267967901, "geometry": {"type": "LineString", "coordinates": [[-0.086202, 51.505801], [-0.0863, 51.505975], [-0.086545, 51.506108], [-0.086867, 51.506219], [-0.087109, 51.506278], [-0.087432, 51.506328], [-0.087932, 51.506389], [-0.087993, 51.506395], [-0.08805, 51.506173], [-0.087627, 51.506106], [-0.08681, 51.505983], [-0.086851, 51.505837], [-0.086458, 51.505749], [-0.085793, 51.505565], [-0.084993, 51.505301], [-0.084449, 51.505053], [-0.084311, 51.505152], [-0.085207, 51.505453], [-0.085797, 51.505644], [-0.086202, 51.505801]]}, "properties": {"description": "CallmeOzy", "stroke": "#fff200", "title": "London Bridge Area Work", "group": 2651410562}}, {"type": "Feature", "id": 2871475305, "geometry": {"type": "Polygon", "coordinates": [[[-0.086768, 51.505806], [-0.085048, 51.505304], [-0.084438, 51.505028], [-0.083777, 51.504531], [-0.083174, 51.503826], [-0.083109, 51.502791], [-0.085215, 51.50356], [-0.085839, 51.503888], [-0.085454, 51.503924], [-0.084851, 51.504408], [-0.086347, 51.505076], [-0.08634, 51.505229], [-0.086725, 51.505406], [-0.086638, 51.505713], [-0.086768, 51.505806]]]}, "properties": {"description": "SoleSol06, CallMeOzy", "title": "London Bridge Station", "group": 2651410562, "fill": "#f18729"}}, {"type": "Feature", "id": 205174173, "geometry": {"type": "Polygon", "coordinates": [[[-0.082578, 51.50679], [-0.082337, 51.506799], [-0.082031, 51.50676], [-0.081567, 51.506698], [-0.08105, 51.506607], [-0.080536, 51.506499], [-0.080053, 51.506365], [-0.080007, 51.50632], [-0.080049, 51.506282], [-0.080264, 51.506301], [-0.080789, 51.506348], [-0.08111, 51.506402], [-0.081518, 51.506487], [-0.081933, 51.506569], [-0.082311, 51.506672], [-0.082469, 51.506708], [-0.082578, 51.50679]]]}, "properties": {"title": "HMS Belfast", "group": 2651410562, "fill": "#3cc954"}}, {"type": "Feature", "id": 2406889359, "geometry": {"type": "Polygon", "coordinates": [[[-0.086315, 51.510866], [-0.086617, 51.510807], [-0.086742, 51.510499], [-0.086762, 51.510325], [-0.086061, 51.510188], [-0.08572, 51.510717], [-0.086315, 51.510866]]]}, "properties": {"description": "George112n donated to CallmeOzy", "title": "Monument Tube Station", "group": 2651410562, "fill": "#f18729"}}, {"type": "Feature", "id": 2120792554, "geometry": {"type": "Polygon", "coordinates": [[[-0.086097, 51.510175], [-0.086127, 51.510078], [-0.085921, 51.510029], [-0.085873, 51.510146], [-0.086097, 51.510175]]]}, "properties": {"description": "CallmeOzy", "title": "Monument to the Great Fire of London", "group": 2651410562, "fill": "#3cc954"}}, {"type": "Feature", "id": 1387094936, "geometry": {"type": "Polygon", "coordinates": [[[-0.087577, 51.50897], [-0.0871, 51.508901], [-0.087056, 51.508767], [-0.086357, 51.508691], [-0.086196, 51.509122], [-0.085675, 51.509077], [-0.085597, 51.509512], [-0.086362, 51.509643], [-0.086124, 51.510078], [-0.086956, 51.510221], [-0.087266, 51.509613], [-0.087577, 51.50897]]]}, "properties": {"description": "CallmeOzy, SoleSol06", "title": "St Magnus the Martyr + Surroundings", "group": 2651410562, "fill": "#3cc954"}}, {"type": "Feature", "id": 919263139, "geometry": {"type": "Polygon", "coordinates": [[[-0.086339, 51.508679], [-0.086171, 51.509093], [-0.085656, 51.509045], [-0.085565, 51.509504], [-0.085053, 51.509452], [-0.085243, 51.508739], [-0.085316, 51.508547], [-0.086339, 51.508679]]]}, "properties": {"description": "AlbaGuBrath", "title": "Pop and Rest", "group": 2651410562, "fill": "#3cc954"}}, {"type": "Feature", "id": 720484341, "geometry": {"type": "Polygon", "coordinates": [[[-0.105881, 51.512545], [-0.105025, 51.512528], [-0.104867, 51.51321], [-0.106025, 51.513248], [-0.105881, 51.512545]]]}, "properties": {"description": "Alba", "title": "Blackfriars Premier Inn", "group": 2651410562, "fill": "#fff200"}}, {"type": "Feature", "id": 3847420402, "geometry": {"type": "Polygon", "coordinates": [[[-0.074768, 51.506662], [-0.075221, 51.505992], [-0.075392, 51.505965], [-0.075461, 51.505895], [-0.075439, 51.505795], [-0.075688, 51.505312], [-0.075834, 51.505297], [-0.075918, 51.505255], [-0.07596, 51.505144], [-0.075834, 51.505086], [-0.076292, 51.504399], [-0.075859, 51.504277], [-0.075676, 51.504645], [-0.075194, 51.505029], [-0.075055, 51.505247], [-0.074622, 51.505899], [-0.074704, 51.505917], [-0.074689, 51.506117], [-0.074514, 51.506394], [-0.074395, 51.506588], [-0.074145, 51.507143], [-0.073873, 51.508546], [-0.073759, 51.508923], [-0.07406, 51.508995], [-0.074408, 51.507568], [-0.074503, 51.507136], [-0.074768, 51.506662]]]}, "properties": {"description": "CallmeOzy", "title": "Tower Bridge", "group": 2651410562, "fill": "#3cc954"}}, {"type": "Feature", "id": 1213806216, "geometry": {"type": "Polygon", "coordinates": [[[-0.0977, 51.507772], [-0.097904, 51.508137], [-0.098006, 51.508457], [-0.096494, 51.508404], [-0.096318, 51.50852], [-0.096242, 51.508505], [-0.096064, 51.508378], [-0.096198, 51.508302], [-0.096357, 51.50784], [-0.096865, 51.507864], [-0.097404, 51.507852], [-0.0977, 51.507772]]]}, "properties": {"title": "Shakespeare's Globe Theatre", "group": 2651410562, "fill": "#3cc954"}}, {"type": "Feature", "id": 1718381468, "geometry": {"type": "Polygon", "coordinates": [[[-0.0881, 51.513651], [-0.088006, 51.513348], [-0.086471, 51.513399], [-0.086437, 51.513523], [-0.086612, 51.513943], [-0.0881, 51.513651]]]}, "properties": {"description": "Creet", "title": "Royal Exchange", "group": 2651410562, "fill": "#3cc954"}}, {"type": "Feature", "id": 2320018425, "geometry": {"type": "Polygon", "coordinates": [[[-0.129433, 51.511769], [-0.128429, 51.511701], [-0.128446, 51.511869], [-0.129508, 51.511924], [-0.129433, 51.511769]]]}, "properties": {"description": "CallMeOzy", "title": "China Town 1", "group": 2651410562, "fill": "#3cc954"}}, {"type": "Feature", "id": 19671997, "geometry": {"type": "Polygon", "coordinates": [[[-0.129508, 51.511826], [-0.129783, 51.511778], [-0.130075, 51.512059], [-0.129825, 51.512145], [-0.129508, 51.511826]]]}, "properties": {"description": "CallMeOzy", "title": "China Town 2", "group": 2651410562, "fill": "#3cc954"}}, {"type": "Feature", "id": 965172733, "geometry": {"type": "Polygon", "coordinates": [[[-0.099783, 51.492889], [-0.099251, 51.492787], [-0.099194, 51.493076], [-0.099749, 51.493139], [-0.099783, 51.492889]]]}, "properties": {"description": "British Trex", "title": "Strata SE1", "group": 2651410562, "fill": "#3cc954"}}, {"type": "Feature", "id": 718582581, "geometry": {"type": "Polygon", "coordinates": [[[-0.12998, 51.512103], [-0.131023, 51.511744], [-0.131147, 51.511919], [-0.130627, 51.512114], [-0.130415, 51.512208], [-0.130666, 51.512404], [-0.130385, 51.512517], [-0.13024, 51.512415], [-0.129932, 51.512125], [-0.12998, 51.512103]]]}, "properties": {"description": "Pear, SoleSol06", "title": "China Town 3", "group": 2651410562, "fill": "#3cc954"}}, {"type": "Feature", "id": 384600719, "geometry": {"type": "Polygon", "coordinates": [[[-0.118985, 51.504732], [-0.116903, 51.504302], [-0.117398, 51.503522], [-0.117732, 51.502836], [-0.119464, 51.502968], [-0.120516, 51.503023], [-0.120399, 51.503702], [-0.119308, 51.503619], [-0.119269, 51.504104], [-0.119141, 51.504468], [-0.118985, 51.504732]]]}, "properties": {"description": "koko_bean", "title": "Jubilee Gardens", "group": 2651410562, "fill": "#3cc954"}}, {"type": "Feature", "id": 1648581820, "geometry": {"type": "LineString", "coordinates": [[-0.119397, 51.503847], [-0.119768, 51.502845], [-0.119541, 51.502819], [-0.119253, 51.503826], [-0.119397, 51.503847]]}, "properties": {"description": "Gabe", "stroke": "#3cc954", "title": "London Eye", "group": 2651410562}}, {"type": "Feature", "id": 3551355448, "geometry": {"type": "Polygon", "coordinates": [[[-0.09902, 51.51181], [-0.099473, 51.511813], [-0.09959, 51.511704], [-0.099615, 51.511597], [-0.099033, 51.511567], [-0.098984, 51.51181], [-0.09902, 51.51181]]]}, "properties": {"description": "SoleSol06", "title": "St Benet Paul's Wharf", "group": 2651410562, "fill": "#3cc954"}}, {"type": "Feature", "id": 432581794, "geometry": {"type": "Polygon", "coordinates": [[[-0.088262, 51.509759], [-0.088094, 51.510138], [-0.087815, 51.510305], [-0.087188, 51.510412], [-0.086898, 51.510342], [-0.087315, 51.509577], [-0.088262, 51.509759]]]}, "properties": {"description": "CallmeOzy", "title": "33 Central", "group": 2651410562, "fill": "#fff200"}}, {"type": "Feature", "id": 2692933422, "geometry": {"type": "Polygon", "coordinates": [[[-0.08765, 51.508965], [-0.088027, 51.509022], [-0.088035, 51.508965], [-0.088113, 51.50898], [-0.088141, 51.508944], [-0.088339, 51.508959], [-0.088552, 51.508944], [-0.088283, 51.509731], [-0.087322, 51.509564], [-0.087592, 51.508955], [-0.08765, 51.508965]]]}, "properties": {"description": "MKS908", "title": "Fishmonger's Hall", "group": 2651410562, "fill": "#3cc954"}}, {"type": "Feature", "id": 2134764111, "geometry": {"type": "Polygon", "coordinates": [[[-0.100249, 51.506603], [-0.098206, 51.506713], [-0.097837, 51.506951], [-0.097954, 51.507046], [-0.097897, 51.507788], [-0.098141, 51.507807], [-0.09821, 51.508459], [-0.098416, 51.508465], [-0.098288, 51.510316], [-0.098383, 51.510831], [-0.098518, 51.510808], [-0.098726, 51.508478], [-0.099845, 51.508516], [-0.099936, 51.508577], [-0.100515, 51.508607], [-0.100607, 51.508548], [-0.100707, 51.50855], [-0.100792, 51.508021], [-0.101032, 51.508028], [-0.101703, 51.507975], [-0.101785, 51.50785], [-0.101719, 51.507703], [-0.100249, 51.506603]]]}, "properties": {"description": "Tate: Alba, Bridge: Sole", "title": "Tate Modern + Millennium Bridge", "group": 2651410562, "fill": "#3cc954"}}, {"type": "Feature", "id": 656791237, "geometry": {"type": "Polygon", "coordinates": [[[-0.12118, 51.494821], [-0.120293, 51.49461], [-0.120223, 51.49421], [-0.120853, 51.493657], [-0.121508, 51.493752], [-0.121391, 51.494159], [-0.124638, 51.494625], [-0.124825, 51.493847], [-0.125444, 51.493883], [-0.125363, 51.494574], [-0.12569, 51.494719], [-0.125234, 51.495177], [-0.125912, 51.497426], [-0.125964, 51.498236], [-0.12651, 51.498315], [-0.126443, 51.49863], [-0.125886, 51.498663], [-0.126129, 51.49916], [-0.127113, 51.498972], [-0.127632, 51.499003], [-0.128622, 51.499198], [-0.128633, 51.499704], [-0.127442, 51.499704], [-0.127208, 51.500205], [-0.12757, 51.500307], [-0.127773, 51.50049], [-0.127878, 51.500763], [-0.127918, 51.50115], [-0.129751, 51.501333], [-0.129424, 51.502925], [-0.129248, 51.503682], [-0.129466, 51.505272], [-0.130486, 51.505879], [-0.129645, 51.506741], [-0.129872, 51.50699], [-0.131983, 51.506243], [-0.133058, 51.50585], [-0.134109, 51.506788], [-0.132859, 51.507181], [-0.13252, 51.507312], [-0.133163, 51.507937], [-0.133804, 51.508601], [-0.133116, 51.508875], [-0.132444, 51.508147], [-0.131633, 51.508393], [-0.131329, 51.50806], [-0.130621, 51.508324], [-0.130291, 51.508017], [-0.130184, 51.507908], [-0.12995, 51.507639], [-0.128887, 51.507588], [-0.129191, 51.508286], [-0.129464, 51.508293], [-0.129845, 51.5083], [-0.130161, 51.508787], [-0.128116, 51.509035], [-0.127334, 51.509107], [-0.125826, 51.509066], [-0.125845, 51.509452], [-0.123753, 51.509484], [-0.125096, 51.508787], [-0.124693, 51.508516], [-0.125467, 51.508028], [-0.125071, 51.507766], [-0.124076, 51.507251], [-0.123234, 51.506867], [-0.122087, 51.506361], [-0.122486, 51.5056], [-0.123232, 51.503566], [-0.123701, 51.501029], [-0.119583, 51.500881], [-0.1196, 51.500661], [-0.123584, 51.500728], [-0.124558, 51.495759], [-0.124628, 51.494893], [-0.121392, 51.494573], [-0.12118, 51.494821]]]}, "properties": {"description": "ThePearThing, SoleSol06, CallMeOzy, ExploadedBunny, Creet", "title": "Westminster Old", "group": 2651410562, "fill": "#3cc954"}}, {"type": "Feature", "id": 1219304806, "geometry": {"type": "Polygon", "coordinates": [[[-0.127928, 51.506686], [-0.127496, 51.50678], [-0.12648, 51.504125], [-0.126802, 51.504118], [-0.126959, 51.504098], [-0.126948, 51.504023], [-0.127143, 51.504008], [-0.128926, 51.503794], [-0.129014, 51.503297], [-0.128045, 51.503245], [-0.127716, 51.503229], [-0.127381, 51.503223], [-0.127203, 51.503206], [-0.127067, 51.503199], [-0.126386, 51.503213], [-0.126281, 51.502174], [-0.127064, 51.502223], [-0.12949, 51.502366], [-0.129727, 51.501332], [-0.129744, 51.501225], [-0.127801, 51.501096], [-0.127631, 51.501064], [-0.127581, 51.500986], [-0.127647, 51.500422], [-0.127573, 51.50034], [-0.127747, 51.5002], [-0.127989, 51.500139], [-0.127927, 51.500031], [-0.127373, 51.500147], [-0.127393, 51.499757], [-0.126427, 51.499639], [-0.126267, 51.49964], [-0.126571, 51.497571], [-0.125922, 51.497551], [-0.125183, 51.495025], [-0.124576, 51.494911], [-0.124074, 51.498066], [-0.125581, 51.498183], [-0.125624, 51.498263], [-0.125528, 51.498664], [-0.125255, 51.498642], [-0.12513, 51.499367], [-0.124841, 51.499342], [-0.124889, 51.499095], [-0.124223, 51.499047], [-0.124258, 51.498416], [-0.12405, 51.498398], [-0.123602, 51.500703], [-0.119565, 51.50063], [-0.119592, 51.500999], [-0.12362, 51.501106], [-0.123123, 51.503544], [-0.122702, 51.504614], [-0.123034, 51.504637], [-0.124879, 51.5049], [-0.124286, 51.506273], [-0.125594, 51.505933], [-0.126525, 51.505634], [-0.126919, 51.505564], [-0.127399, 51.50658], [-0.127494, 51.506782], [-0.127626, 51.507017], [-0.127664, 51.507083], [-0.127215, 51.507274], [-0.127107, 51.507573], [-0.126953, 51.507756], [-0.127057, 51.508151], [-0.127135, 51.50858], [-0.126758, 51.50862], [-0.125361, 51.508653], [-0.123763, 51.509486], [-0.125962, 51.509459], [-0.125961, 51.509005], [-0.127144, 51.509], [-0.127627, 51.508963], [-0.128554, 51.508809], [-0.129496, 51.508736], [-0.129213, 51.508264], [-0.129104, 51.508121], [-0.12899, 51.507823], [-0.128931, 51.507536], [-0.12896, 51.507415], [-0.128165, 51.507312], [-0.12816, 51.507116], [-0.12831, 51.507028], [-0.129034, 51.507139], [-0.128923, 51.507532], [-0.128921, 51.507651], [-0.128991, 51.507821], [-0.129101, 51.508115], [-0.12922, 51.508266], [-0.129505, 51.508741], [-0.129597, 51.508939], [-0.129855, 51.509483], [-0.130459, 51.50937], [-0.130288, 51.508806], [-0.130025, 51.508484], [-0.130261, 51.508437], [-0.130314, 51.508521], [-0.130678, 51.508404], [-0.13061, 51.508312], [-0.13123, 51.508091], [-0.130943, 51.507759], [-0.128926, 51.507537], [-0.129042, 51.507136], [-0.129246, 51.506976], [-0.129686, 51.506839], [-0.129395, 51.506163], [-0.127898, 51.506373], [-0.127815, 51.506117], [-0.127661, 51.50614], [-0.127816, 51.506427], [-0.127928, 51.506686]]]}, "properties": {"description": "Sole, Ozy, Still, DasBirnenDing, Waymer", "title": "Westminster Updated", "group": 2651410562, "fill": "#b63681"}}, {"type": "Feature", "id": 2993955022, "geometry": {"type": "Polygon", "coordinates": [[[-0.099481, 51.513396], [-0.099082, 51.513311], [-0.098657, 51.513282], [-0.098296, 51.513273], [-0.097562, 51.513178], [-0.096453, 51.513029], [-0.096405, 51.51348], [-0.09651, 51.513791], [-0.096917, 51.514192], [-0.096969, 51.514433], [-0.097267, 51.514424], [-0.097912, 51.514364], [-0.098719, 51.514226], [-0.099079, 51.514144], [-0.099997, 51.514008], [-0.100313, 51.513756], [-0.099841, 51.513481], [-0.099481, 51.513396]]]}, "properties": {"description": "Waymer", "title": "St Paul's Cathedral", "group": 2651410562, "fill": "#fb4f33"}}, {"type": "Feature", "id": 4216485871, "geometry": {"type": "Polygon", "coordinates": [[[-0.0991, 51.513162], [-0.099127, 51.512505], [-0.100521, 51.512391], [-0.100555, 51.512985], [-0.100216, 51.512972], [-0.100061, 51.513418], [-0.0991, 51.513162]]]}, "properties": {"description": "Unknown", "title": "Blocks south of St Pauls", "group": 2651410562, "fill": "#fff200"}}, {"type": "Feature", "id": 417383786, "geometry": {"type": "Polygon", "coordinates": [[[-0.0764, 51.514384], [-0.075886, 51.513905], [-0.076328, 51.513799], [-0.076761, 51.514259], [-0.0764, 51.514384]]]}, "properties": {"description": "TomasMcCaaul", "title": "St Botolph's Aldgate", "group": 2651410562, "fill": "#3cc954"}}, {"type": "Feature", "id": 1006108701, "geometry": {"type": "Polygon", "coordinates": [[[-0.094712, 51.508014], [-0.094466, 51.507959], [-0.093352, 51.509856], [-0.093587, 51.509892], [-0.094712, 51.508014]]]}, "properties": {"description": "Ozy", "title": "Southwark Bridge", "group": 2651410562, "fill": "#3cc954"}}, {"type": "Feature", "id": 937478404, "geometry": {"type": "Polygon", "coordinates": [[[-0.240737, 51.447686], [-0.240415, 51.447646], [-0.239949, 51.447309], [-0.239061, 51.448078], [-0.238576, 51.448604], [-0.238128, 51.44849], [-0.237832, 51.448722], [-0.237347, 51.448683], [-0.237095, 51.448832], [-0.237303, 51.448914], [-0.236453, 51.449539], [-0.236856, 51.449723], [-0.237083, 51.449586], [-0.237788, 51.450045], [-0.238929, 51.449755], [-0.239609, 51.4497], [-0.240327, 51.449672], [-0.240554, 51.449299], [-0.240434, 51.448914], [-0.240932, 51.448926], [-0.241039, 51.448408], [-0.240478, 51.448267], [-0.240737, 51.447686]]]}, "properties": {"description": "Group Event", "title": "Roehampton", "group": 2651410562, "fill": "#f1ae29"}}, {"type": "Feature", "id": 1457763568, "geometry": {"type": "Polygon", "coordinates": [[[-0.122794, 51.530004], [-0.122223, 51.53022], [-0.12238, 51.53046], [-0.121999, 51.530526], [-0.121109, 51.530331], [-0.120812, 51.530443], [-0.120908, 51.530944], [-0.122138, 51.530873], [-0.122165, 51.531034], [-0.122279, 51.531041], [-0.122253, 51.531349], [-0.122593, 51.531362], [-0.122637, 51.530707], [-0.12397, 51.530178], [-0.123649, 51.529867], [-0.123007, 51.530178], [-0.122794, 51.530004]]]}, "properties": {"description": "Sole, Ozy, Still", "title": "King's Cross Area", "group": 2651410562, "fill": "#3cc954"}}, {"type": "Feature", "id": 2767297030, "geometry": {"type": "Polygon", "coordinates": [[[-0.080881, 51.503652], [-0.080972, 51.503534], [-0.08167, 51.503737], [-0.081488, 51.503907], [-0.080881, 51.503652]]]}, "properties": {"description": "ELgamer, Stillsquare", "title": "Southwark  random block", "group": 2651410562, "fill": "#3cc954"}}, {"type": "Feature", "id": 924121716, "geometry": {"type": "Polygon", "coordinates": [[[-0.078502, 51.503894], [-0.078427, 51.504117], [-0.076635, 51.504162], [-0.076827, 51.503928], [-0.078502, 51.503894]]]}, "properties": {"description": "SoleSol06", "title": "Bridge Theatre", "group": 2651410562, "fill": "#3cc954"}}, {"type": "Feature", "id": 294637684, "geometry": {"type": "Polygon", "coordinates": [[[-0.171246, 51.494244], [-0.171185, 51.494135], [-0.171618, 51.494171], [-0.171246, 51.494244]]]}, "properties": {"description": "Calg", "title": "Thin House", "group": 2651410562, "fill": "#3cc954"}}, {"type": "Feature", "id": 759120685, "geometry": {"type": "Polygon", "coordinates": [[[-0.208119, 51.505941], [-0.207934, 51.505989], [-0.208175, 51.506329], [-0.208391, 51.506271], [-0.208119, 51.505941]]]}, "properties": {"description": "Stillsquare151", "title": "Embassy Of Ukraine", "group": 2651410562, "fill": "#3cc954"}}, {"type": "Feature", "id": 1548815428, "geometry": {"type": "Polygon", "coordinates": [[[0.000889, 51.502161], [0.000597, 51.502764], [0.000644, 51.50338], [0.001153, 51.503984], [0.001765, 51.504347], [0.002735, 51.504564], [0.003696, 51.504547], [0.004628, 51.504318], [0.005306, 51.50399], [0.005749, 51.503532], [0.005975, 51.502987], [0.005871, 51.502524], [0.005485, 51.502032], [0.004864, 51.501527], [0.003677, 51.501181], [0.00346, 51.501088], [0.003931, 51.500536], [0.004788, 51.499803], [0.004044, 51.499721], [0.003413, 51.499839], [0.002886, 51.500296], [0.002933, 51.500783], [0.003149, 51.501005], [0.003008, 51.501263], [0.002104, 51.501398], [0.001341, 51.501744], [0.000889, 51.502161]]]}, "properties": {"title": "O2 Arena", "group": 2651410562, "fill": "#fff200"}}, {"type": "Feature", "id": 935934898, "geometry": {"type": "Polygon", "coordinates": [[[-0.288562, 51.503224], [-0.288708, 51.503368], [-0.288794, 51.503317], [-0.288879, 51.503278], [-0.289816, 51.503112], [-0.28975, 51.502966], [-0.289258, 51.503058], [-0.28894, 51.503112], [-0.288731, 51.503107], [-0.288645, 51.503016], [-0.288615, 51.50297], [-0.288578, 51.502957], [-0.288506, 51.502988], [-0.288391, 51.503108], [-0.288562, 51.503224]]]}, "properties": {"description": "Calg", "title": "North Korean Embassy", "group": 2651410562, "fill": "#3cc954"}}, {"type": "Feature", "id": 1566777926, "geometry": {"type": "Polygon", "coordinates": [[[-0.12421, 51.534706], [-0.123991, 51.534249], [-0.124762, 51.532218], [-0.125065, 51.531786], [-0.125128, 51.531203], [-0.124586, 51.530602], [-0.123892, 51.53016], [-0.122567, 51.530695], [-0.122304, 51.535], [-0.123605, 51.535025], [-0.123582, 51.534858], [-0.12421, 51.534706]]]}, "properties": {"description": "Sole, Yindee", "title": "Kings Cross -", "group": 2651410562, "fill": "#fff700"}}, {"type": "Feature", "id": 2173018807, "geometry": {"type": "Polygon", "coordinates": [[[-0.015417, 51.50282], [-0.01348, 51.5027], [-0.013673, 51.50237], [-0.012695, 51.502262], [-0.01296, 51.501685], [-0.014632, 51.501761], [-0.015447, 51.502116], [-0.015417, 51.50282]]]}, "properties": {"title": "Harbor Quay", "group": 2651410562, "fill": "#3cc954"}}, {"type": "Feature", "id": 3089846162, "geometry": {"type": "Polygon", "coordinates": [[[-0.105873, 51.482691], [-0.105094, 51.482093], [-0.103885, 51.480875], [-0.102825, 51.481365], [-0.103057, 51.481556], [-0.103007, 51.482], [-0.103305, 51.482366], [-0.104705, 51.483356], [-0.105873, 51.482691]]]}, "properties": {"description": "Ducklands (Sav)", "title": "Brandon Estate", "group": 2651410562, "fill": "#cc1b15"}}, {"type": "Feature", "id": 58471870, "geometry": {"type": "Polygon", "coordinates": [[[-0.113944, 51.50406], [-0.1118, 51.503669], [-0.110814, 51.502824], [-0.113129, 51.501302], [-0.114187, 51.500528], [-0.114558, 51.500004], [-0.115602, 51.500021], [-0.115644, 51.50213], [-0.115401, 51.502637], [-0.113944, 51.50406]]]}, "properties": {"description": "Dyl", "title": "Waterloo", "group": 2651410562, "fill": "#f1ae29"}}, {"type": "Feature", "id": 1096768700, "geometry": {"type": "Polygon", "coordinates": [[[-0.137894, 51.505238], [-0.138036, 51.505018], [-0.139017, 51.504627], [-0.139514, 51.505229], [-0.139654, 51.505381], [-0.139758, 51.505557], [-0.139923, 51.505671], [-0.140345, 51.505497], [-0.14106, 51.506195], [-0.141577, 51.506023], [-0.141335, 51.50574], [-0.141026, 51.505126], [-0.140332, 51.504356], [-0.139953, 51.503946], [-0.138931, 51.504201], [-0.139206, 51.504473], [-0.137925, 51.504968], [-0.137365, 51.505178], [-0.136958, 51.504768], [-0.13652, 51.504937], [-0.136688, 51.505129], [-0.134364, 51.505973], [-0.134093, 51.505657], [-0.134786, 51.505363], [-0.134223, 51.504804], [-0.13154, 51.505869], [-0.131314, 51.505619], [-0.130483, 51.505881], [-0.129654, 51.506742], [-0.129864, 51.506979], [-0.133054, 51.50586], [-0.133518, 51.506276], [-0.133913, 51.506597], [-0.137894, 51.505238]]]}, "properties": {"description": "Still", "title": "St James's", "group": 2651410562, "fill": "#3cc954"}}, {"type": "Feature", "id": 2512181065, "geometry": {"type": "Polygon", "coordinates": [[[-0.139934, 51.503944], [-0.138933, 51.504222], [-0.137984, 51.503305], [-0.138884, 51.502939], [-0.139934, 51.503944]]]}, "properties": {"description": "Still", "title": "Lancaster House", "group": 2651410562, "fill": "#3cc954"}}, {"type": "Feature", "id": 1642160584, "geometry": {"type": "Polygon", "coordinates": [[[-0.083837, 51.511574], [-0.084014, 51.511111], [-0.083046, 51.511023], [-0.08294, 51.511522], [-0.083837, 51.511574]]]}, "properties": {"description": "Sav", "title": "The Fenchurch Building", "group": 2651410562, "fill": "#3cc954"}}, {"type": "Feature", "id": 2417405638, "geometry": {"type": "Polygon", "coordinates": [[[-0.139208, 51.504479], [-0.137994, 51.503283], [-0.136209, 51.503977], [-0.137362, 51.505181], [-0.139208, 51.504479]]]}, "properties": {"description": "Still", "title": "St James's Palace", "group": 2651410562, "fill": "#3cc954"}}, {"type": "Feature", "id": 1881042610, "geometry": {"type": "Polygon", "coordinates": [[[-0.102111, 51.590672], [-0.103329, 51.590609], [-0.10355, 51.590763], [-0.103866, 51.590633], [-0.103792, 51.590515], [-0.104139, 51.590336], [-0.103671, 51.589621], [-0.103417, 51.588846], [-0.103187, 51.588549], [-0.101962, 51.588809], [-0.102418, 51.589526], [-0.101813, 51.589609], [-0.102111, 51.590672]]]}, "properties": {"title": "Turnpike Lane", "group": 2651410562, "fill": "#fff200"}}, {"type": "Feature", "id": 2151136130, "geometry": {"type": "Polygon", "coordinates": [[[-0.121653, 51.506968], [-0.121958, 51.506465], [-0.118185, 51.505264], [-0.116208, 51.504779], [-0.116037, 51.50501], [-0.117852, 51.505583], [-0.117738, 51.505737], [-0.121653, 51.506968]]]}, "properties": {"description": "Community", "title": "Hungerfood Bridge", "group": 2651410562, "fill": "#3cc954"}}, {"type": "Feature", "id": 2859912844, "geometry": {"type": "Polygon", "coordinates": [[[-0.228461, 51.582581], [-0.225412, 51.582809], [-0.227389, 51.584346], [-0.22913, 51.58402], [-0.228216, 51.583099], [-0.228684, 51.582979], [-0.228461, 51.582581]]]}, "properties": {"title": "Hendon", "group": 2651410562, "fill": "#fff200"}}, {"type": "Feature", "id": 730717107, "geometry": {"type": "Polygon", "coordinates": [[[-0.139116, 51.52084], [-0.137653, 51.521434], [-0.138545, 51.522163], [-0.139988, 51.521524], [-0.139116, 51.52084]]]}, "properties": {"title": "BT Tower", "group": 2651410562, "fill": "#fb6033"}}, {"type": "Feature", "id": 2170405099, "geometry": {"type": "Polygon", "coordinates": [[[-0.243735, 51.465466], [-0.243859, 51.465144], [-0.244121, 51.465144], [-0.244059, 51.464326], [-0.245888, 51.464283], [-0.245857, 51.463817], [-0.247037, 51.463793], [-0.247077, 51.464677], [-0.247832, 51.464706], [-0.247848, 51.46512], [-0.244387, 51.465303], [-0.244355, 51.465452], [-0.243735, 51.465466]]]}, "properties": {"title": "Upper Richmond Road", "group": 2651410562, "fill": "#3cc954"}}, {"type": "Feature", "id": 3737749496, "geometry": {"type": "Polygon", "coordinates": [[[-0.288456, 51.466011], [-0.28549, 51.466272], [-0.285738, 51.467652], [-0.287055, 51.467727], [-0.286997, 51.467204], [-0.288107, 51.467115], [-0.288456, 51.466011]]]}, "properties": {"title": "Sainsbury's", "group": 2651410562, "fill": "#fff200"}}, {"type": "Feature", "id": 1205951082, "geometry": {"type": "Polygon", "coordinates": [[[-0.262091, 51.462704], [-0.262267, 51.462416], [-0.261256, 51.46221], [-0.261289, 51.46253], [-0.262091, 51.462704]]]}, "properties": {"title": "All Saints Church", "group": 2651410562, "fill": "#3cc954"}}, {"type": "Feature", "id": 3742005934, "geometry": {"type": "Polygon", "coordinates": [[[-0.117714, 51.505774], [-0.116345, 51.505279], [-0.11575, 51.505828], [-0.115815, 51.506038], [-0.115958, 51.506238], [-0.11532, 51.506555], [-0.115822, 51.507171], [-0.116481, 51.506903], [-0.11699, 51.506653], [-0.117026, 51.50647], [-0.117714, 51.505774]]]}, "properties": {"title": "Southbank Centre", "group": 2651410562, "fill": "#3cc954"}}, {"type": "Feature", "id": 2549538026, "geometry": {"type": "Polygon", "coordinates": [[[-0.114247, 51.50624], [-0.113512, 51.5065], [-0.113411, 51.506437], [-0.112824, 51.506647], [-0.113633, 51.507763], [-0.115306, 51.507323], [-0.114247, 51.50624]]]}, "properties": {"title": "National Theatre", "group": 2651410562, "fill": "#3cc954"}}, {"type": "Feature", "id": 3286414383, "geometry": {"type": "Polygon", "coordinates": [[[-0.114002, 51.50503], [-0.11405, 51.504794], [-0.114046, 51.504698], [-0.113922, 51.504618], [-0.113526, 51.504517], [-0.11338, 51.504563], [-0.113345, 51.504607], [-0.11331, 51.504791], [-0.113332, 51.504937], [-0.113424, 51.505008], [-0.113839, 51.505076], [-0.113958, 51.505079], [-0.114002, 51.50503]]]}, "properties": {"title": "BFI IMAX", "group": 2651410562, "fill": "#3cc954"}}, {"type": "Feature", "id": 1790488573, "geometry": {"type": "Polygon", "coordinates": [[[-0.114796, 51.505914], [-0.11594, 51.505257], [-0.11476, 51.504723], [-0.114027, 51.505285], [-0.114796, 51.505914]]]}, "properties": {"title": "The Whitehouse", "group": 2651410562, "fill": "#3cc954"}}, {"type": "Feature", "id": 915203275, "geometry": {"type": "Polygon", "coordinates": [[[-0.1406, 51.507925], [-0.140118, 51.507489], [-0.138627, 51.507993], [-0.138486, 51.508063], [-0.138863, 51.508482], [-0.1406, 51.507925]]]}, "properties": {"description": "Sole", "title": "Piccadilly", "group": 2651410562, "fill": "#3cc954"}}, {"type": "Feature", "id": 2438747471, "geometry": {"type": "Polygon", "coordinates": [[[-0.134861, 51.509634], [-0.134469, 51.509244], [-0.134289, 51.509305], [-0.134623, 51.509698], [-0.133464, 51.509998], [-0.133543, 51.510135], [-0.134258, 51.510128], [-0.13411, 51.510441], [-0.135126, 51.510496], [-0.135155, 51.510297], [-0.134968, 51.510261], [-0.134928, 51.510205], [-0.135277, 51.510096], [-0.13497, 51.509756], [-0.135766, 51.509479], [-0.135645, 51.509332], [-0.134861, 51.509634]]]}, "properties": {"title": "Piccadilly Circus", "group": 2651410562, "fill": "#ffcc00"}}, {"type": "Feature", "id": 2376111794, "geometry": {"type": "Polygon", "coordinates": [[[-0.132529, 51.510831], [-0.132199, 51.510395], [-0.131606, 51.510517], [-0.131824, 51.510963], [-0.132529, 51.510831]]]}, "properties": {"description": "Sole", "title": "Coventry Street", "group": 2651410562, "fill": "#3cc954"}}, {"type": "Feature", "id": 2669204814, "geometry": {"type": "Polygon", "coordinates": [[[-0.155644, 51.499784], [-0.155105, 51.499386], [-0.153779, 51.50025], [-0.15438, 51.500566], [-0.155644, 51.499784]]]}, "properties": {"description": "Sole", "title": "Belgravia", "group": 2651410562, "fill": "#3cc954"}}, {"type": "Feature", "id": 1660986579, "geometry": {"type": "Polygon", "coordinates": [[[-0.144543, 51.514301], [-0.144043, 51.513489], [-0.145284, 51.513214], [-0.144374, 51.512246], [-0.143133, 51.512562], [-0.142658, 51.511665], [-0.140838, 51.513174], [-0.141522, 51.51391], [-0.141893, 51.514567], [-0.144543, 51.514301]]]}, "properties": {"title": "Hanover Square area", "group": 2651410562, "fill": "#fff200"}}, {"type": "Feature", "id": 1048703447, "geometry": {"type": "Polygon", "coordinates": [[[-0.159821, 51.513065], [-0.159743, 51.512711], [-0.159629, 51.512639], [-0.159534, 51.512625], [-0.158315, 51.512748], [-0.158237, 51.51279], [-0.158241, 51.51287], [-0.158443, 51.513178], [-0.158564, 51.513258], [-0.158729, 51.513275], [-0.159669, 51.513178], [-0.159774, 51.513136], [-0.159821, 51.513065]]]}, "properties": {"title": "Marble Arch", "group": 2651410562, "fill": "#3cc954"}}, {"type": "Feature", "id": 3131657154, "geometry": {"type": "Polygon", "coordinates": [[[-0.09009, 51.571928], [-0.0895, 51.571385], [-0.088844, 51.571681], [-0.089596, 51.57213], [-0.09009, 51.571928]]]}, "properties": {"description": "Portokalli", "title": "Skyline Apartments", "group": 2651410562, "fill": "#fff200"}}, {"type": "Feature", "id": 3828673231, "geometry": {"type": "Polygon", "coordinates": [[[-0.079025, 51.504843], [-0.078959, 51.50471], [-0.078726, 51.5046], [-0.078483, 51.504632], [-0.078297, 51.504754], [-0.0783, 51.504908], [-0.078483, 51.505044], [-0.078871, 51.505044], [-0.079025, 51.504843]]]}, "properties": {"title": "Old City Hall", "group": 2651410562, "fill": "#3cc954"}}, {"type": "Feature", "id": 3883781799, "geometry": {"type": "Polygon", "coordinates": [[[-0.109015, 51.495299], [-0.10814, 51.495273], [-0.108088, 51.496271], [-0.108277, 51.497135], [-0.108832, 51.497014], [-0.109109, 51.496682], [-0.109015, 51.495299]]]}, "properties": {"description": "author unknown", "title": "Imperial War Museum", "group": 2651410562, "fill": "#3cc954"}}, {"type": "Feature", "id": 2790317827, "geometry": {"type": "Polygon", "coordinates": [[[-0.336154, 51.399865], [-0.335895, 51.400084], [-0.335526, 51.401489], [-0.334965, 51.401586], [-0.334508, 51.4017], [-0.334189, 51.401838], [-0.333891, 51.402022], [-0.333654, 51.402213], [-0.333476, 51.402421], [-0.333353, 51.402609], [-0.33325, 51.402811], [-0.333211, 51.40306], [-0.33326, 51.403302], [-0.333341, 51.403508], [-0.333434, 51.403681], [-0.333543, 51.403815], [-0.333649, 51.403923], [-0.333878, 51.40411], [-0.33415, 51.40426], [-0.334533, 51.404421], [-0.334894, 51.404501], [-0.335054, 51.404194], [-0.335809, 51.404288], [-0.336021, 51.403904], [-0.339358, 51.404186], [-0.339597, 51.403093], [-0.336486, 51.402714], [-0.337093, 51.400214], [-0.336154, 51.399865]]]}, "properties": {"description": "DasBirnenDing", "title": "Hampton Court Palace", "group": 2651410562, "fill": "#ffcc00"}}, {"type": "Feature", "id": 571433873, "geometry": {"type": "Polygon", "coordinates": [[[-0.14175, 51.488945], [-0.141363, 51.489295], [-0.141766, 51.489462], [-0.14197, 51.48932], [-0.142129, 51.489394], [-0.142719, 51.489672], [-0.142511, 51.489851], [-0.146286, 51.491572], [-0.146447, 51.491403], [-0.146301, 51.491328], [-0.146431, 51.491175], [-0.145335, 51.490608], [-0.145053, 51.490442], [-0.14175, 51.488945]]]}, "properties": {"title": "Pimlico Houses", "group": 2651410562, "fill": "#3cc954"}}, {"type": "Feature", "id": 3870398961, "geometry": {"type": "Polygon", "coordinates": [[[-0.142655, 51.489669], [-0.142258, 51.489992], [-0.141754, 51.489797], [-0.142134, 51.489424], [-0.142655, 51.489669]]]}, "properties": {"title": "St Gabriel's Church", "group": 2651410562, "fill": "#3cc954"}}, {"type": "Feature", "id": 4157240387, "geometry": {"type": "Polygon", "coordinates": [[[-0.125685, 51.487119], [-0.12395, 51.486524], [-0.12336, 51.487574], [-0.124828, 51.487936], [-0.125685, 51.487119]]]}, "properties": {"description": "British Trex", "title": "SIS Building", "group": 2651410562, "fill": "#3cc954"}}, {"type": "Feature", "id": 4163187529, "geometry": {"type": "Polygon", "coordinates": [[[-0.199186, 51.614234], [-0.199071, 51.614523], [-0.197361, 51.614309], [-0.197408, 51.614045], [-0.199186, 51.614234]]]}, "properties": {"description": "Builder Unknown", "title": "Folkington Corner", "group": 2651410562, "fill": "#fb6033"}}, {"type": "Feature", "id": 49594585, "geometry": {"type": "Polygon", "coordinates": [[[-0.135609, 51.496402], [-0.135453, 51.496471], [-0.134968, 51.496353], [-0.134568, 51.496342], [-0.13455, 51.49618], [-0.13473, 51.496108], [-0.134617, 51.495931], [-0.13516, 51.495732], [-0.1353, 51.495774], [-0.135471, 51.495825], [-0.135712, 51.495525], [-0.136103, 51.495618], [-0.135767, 51.495947], [-0.135856, 51.495969], [-0.135609, 51.496402]]]}, "properties": {"description": "Builder Unknown", "title": "Random Westminster Buildings", "group": 2651410562, "fill": "#f18729"}}, {"type": "Feature", "id": 2178127047, "geometry": {"type": "Polygon", "coordinates": [[[-0.161518, 51.515607], [-0.161363, 51.515223], [-0.160017, 51.515439], [-0.160168, 51.515818], [-0.161518, 51.515607]]]}, "properties": {"description": "MKS", "title": "Upper Berkley Street", "group": 2651410562, "fill": "#fff700"}}, {"type": "Feature", "id": 4203788687, "geometry": {"type": "Polygon", "coordinates": [[[-0.09726, 51.520969], [-0.09708, 51.519059], [-0.095214, 51.518684], [-0.095419, 51.517793], [-0.093325, 51.518085], [-0.092976, 51.518535], [-0.090838, 51.518313], [-0.090099, 51.519551], [-0.092079, 51.520038], [-0.092396, 51.520153], [-0.092485, 51.520323], [-0.092317, 51.520936], [-0.092669, 51.521802], [-0.09726, 51.520969]]]}, "properties": {"description": "Ducklands (Sav)", "title": "Barbican", "group": 2651410562, "fill": "#fb6033"}}, {"type": "Feature", "id": 4164614260, "geometry": {"type": "Polygon", "coordinates": [[[-0.012819, 51.53825], [-0.012697, 51.538306], [-0.012638, 51.53837], [-0.012611, 51.538443], [-0.012636, 51.538528], [-0.01271, 51.538613], [-0.012873, 51.538672], [-0.013003, 51.538672], [-0.013143, 51.538638], [-0.013238, 51.538577], [-0.0133, 51.538479], [-0.013287, 51.538388], [-0.013213, 51.5383], [-0.013054, 51.538254], [-0.012819, 51.53825]]]}, "properties": {"description": "Builder Unknown", "title": "ArcelorMittal Orbit", "group": 2651410562, "fill": "#cc1b15"}}, {"type": "Feature", "id": 3730755492, "geometry": {"type": "Polygon", "coordinates": [[[-0.17908, 51.496062], [-0.1789, 51.495301], [-0.17355, 51.495681], [-0.173761, 51.496498], [-0.17908, 51.496062]]]}, "properties": {"description": "Bobbq", "title": "Natural History Museum", "group": 2651410562, "fill": "#ff3a15"}}, {"type": "Feature", "id": 3171231122, "geometry": {"type": "Polygon", "coordinates": [[[-0.120591, 51.494656], [-0.120759, 51.495014], [-0.120362, 51.495985], [-0.118898, 51.495863], [-0.119261, 51.494865], [-0.119647, 51.49475], [-0.12015, 51.494489], [-0.120373, 51.49443], [-0.120591, 51.494656]]]}, "properties": {"title": "Lambeth Palace", "group": 2651410562, "fill": "#ffcc00"}}, {"type": "Feature", "id": 1738106607, "geometry": {"type": "Polygon", "coordinates": [[[-0.132021, 51.52335], [-0.131763, 51.523135], [-0.130893, 51.523511], [-0.131135, 51.523734], [-0.132021, 51.52335]]]}, "properties": {"description": "Mks", "title": "Euston Church", "group": 2651410562, "fill": "#3cc954"}}, {"type": "Feature", "id": 4220472219, "geometry": {"type": "Polygon", "coordinates": [[[-0.143936, 51.498198], [-0.142869, 51.499554], [-0.143476, 51.499646], [-0.143816, 51.499222], [-0.144791, 51.499325], [-0.144984, 51.499091], [-0.146767, 51.498341], [-0.143936, 51.498198]]]}, "properties": {"description": "Ozy", "title": "The Royal Mews", "group": 2651410562, "fill": "#fb6033"}}, {"type": "Feature", "id": 1375363871, "geometry": {"type": "Polygon", "coordinates": [[[-0.267461, 51.456921], [-0.267432, 51.456796], [-0.266979, 51.456821], [-0.266988, 51.45696], [-0.267461, 51.456921]]]}, "properties": {"title": "Sheen Gate", "group": 2651410562, "fill": "#3cc954"}}, {"type": "Feature", "id": 2619925237, "geometry": {"type": "Polygon", "coordinates": [[[-0.179897, 51.500043], [-0.179832, 51.499725], [-0.178989, 51.49981], [-0.179037, 51.500109], [-0.179897, 51.500043]]]}, "properties": {"description": "Gerg2012", "title": "Bulgarian Embassy", "group": 2651410562, "fill": "#ffcc00"}}, {"type": "Feature", "id": 2972952674, "geometry": {"type": "Polygon", "coordinates": [[[-0.151565, 51.509118], [-0.151398, 51.508798], [-0.15074, 51.508938], [-0.150944, 51.509243], [-0.151565, 51.509118]]]}, "properties": {"title": "Grosvenor Chapel", "group": 2651410562, "fill": "#3cc954"}}, {"type": "Feature", "id": 1754791861, "geometry": {"type": "Polygon", "coordinates": [[[-0.091785, 51.509164], [-0.091156, 51.508988], [-0.090786, 51.509267], [-0.090157, 51.510686], [-0.091085, 51.510867], [-0.091785, 51.509164]]]}, "properties": {"description": "Ozy", "title": "Cannon Street Station", "group": 2651410562, "fill": "#ff3a15"}}, {"type": "Feature", "id": 1662391764, "geometry": {"type": "Polygon", "coordinates": [[[-0.091069, 51.510884], [-0.090142, 51.510715], [-0.090197, 51.510495], [-0.08967, 51.510368], [-0.089403, 51.510848], [-0.089545, 51.510956], [-0.089202, 51.511393], [-0.09073, 51.511678], [-0.091069, 51.510884]]]}, "properties": {"title": "Cannon Street Station Area", "group": 2651410562, "fill": "#3cc954"}}, {"type": "Feature", "id": 2583475674, "geometry": {"type": "Polygon", "coordinates": [[[-0.020624, 51.49918], [-0.02103, 51.499183], [-0.020934, 51.499712], [-0.020586, 51.499718], [-0.020624, 51.49918]]]}, "properties": {"description": "CTCuberHD", "title": "This building idk", "group": 2651410562, "fill": "#fff200"}}, {"type": "Feature", "id": 3750675902, "geometry": {"type": "Polygon", "coordinates": [[[-0.0406, 51.586834], [-0.040736, 51.587108], [-0.04126, 51.587066], [-0.041297, 51.587243], [-0.040765, 51.587325], [-0.040614, 51.587484], [-0.040361, 51.587437], [-0.040405, 51.587361], [-0.04019, 51.587314], [-0.040168, 51.587179], [-0.040355, 51.587141], [-0.040236, 51.586705], [-0.0406, 51.586834]]]}, "properties": {"description": "Gerg2012", "title": "Blackhorse Road Area", "group": 2651410562, "fill": "#cc1b15"}}, {"type": "Feature", "id": 1591969479, "geometry": {"type": "LineString", "coordinates": [[-0.074861, 51.510315], [-0.074692, 51.510315], [-0.074697, 51.510511], [-0.072927, 51.510557], [-0.072931, 51.510662], [-0.074843, 51.510642], [-0.074861, 51.510315]]}, "properties": {"description": "NevJev, PlaneCal", "stroke": "#f18729", "title": "Tower Gateway", "group": 2651410562}}, {"type": "Feature", "id": 1979906961, "geometry": {"type": "Polygon", "coordinates": [[[-0.19473, 51.46131], [-0.195124, 51.461381], [-0.195136, 51.46148], [-0.194821, 51.461472], [-0.194912, 51.461718], [-0.194778, 51.461827], [-0.194584, 51.461778], [-0.194481, 51.461688], [-0.194341, 51.461415], [-0.193983, 51.461465], [-0.193923, 51.461344], [-0.19422, 51.461272], [-0.19473, 51.46131]]]}, "properties": {"description": "Sophie", "title": "The Spit", "group": 2651410562, "fill": "#3cc954"}}, {"type": "Feature", "id": 3737270761, "geometry": {"type": "Polygon", "coordinates": [[[-0.136517, 51.504938], [-0.136693, 51.505142], [-0.135628, 51.505504], [-0.135075, 51.5057], [-0.134358, 51.505962], [-0.134093, 51.505653], [-0.134213, 51.505603], [-0.134796, 51.505371], [-0.134625, 51.50521], [-0.134218, 51.50482], [-0.136235, 51.503996], [-0.136954, 51.504767], [-0.136517, 51.504938]]]}, "properties": {"description": "Still", "title": "Marlborough House", "group": 2651410562, "fill": "#3cc954"}}, {"type": "Feature", "id": 4266597114, "geometry": {"type": "Polygon", "coordinates": [[[-0.142962, 51.515711], [-0.142213, 51.514543], [-0.141659, 51.514594], [-0.141561, 51.514377], [-0.140725, 51.514689], [-0.141218, 51.515417], [-0.140628, 51.5155], [-0.140941, 51.516132], [-0.142962, 51.515711]]]}, "properties": {"description": "Sole", "title": "Oxford Circus", "group": 2651410562, "fill": "#fff700"}}, {"type": "Feature", "id": 2597798786, "geometry": {"type": "Polygon", "coordinates": [[[-0.151063, 51.501873], [-0.150261, 51.502181], [-0.150018, 51.502251], [-0.149727, 51.50233], [-0.149741, 51.502413], [-0.149678, 51.502423], [-0.149438, 51.50242], [-0.149237, 51.502409], [-0.149225, 51.502562], [-0.149433, 51.502569], [-0.149414, 51.502686], [-0.149366, 51.502693], [-0.149431, 51.502719], [-0.149448, 51.502764], [-0.149391, 51.503228], [-0.147826, 51.503951], [-0.146795, 51.504661], [-0.142249, 51.506888], [-0.141343, 51.505731], [-0.140968, 51.50506], [-0.14, 51.503971], [-0.138906, 51.50294], [-0.131549, 51.505876], [-0.131299, 51.505614], [-0.130518, 51.505876], [-0.129487, 51.505254], [-0.129221, 51.503679], [-0.129737, 51.501306], [-0.140906, 51.500091], [-0.140593, 51.501083], [-0.141874, 51.502123], [-0.14239, 51.502123], [-0.142936, 51.501899], [-0.142811, 51.501724], [-0.144045, 51.50117], [-0.142558, 51.499636], [-0.142933, 51.49951], [-0.143526, 51.499646], [-0.143855, 51.499189], [-0.144807, 51.499345], [-0.144964, 51.499082], [-0.146807, 51.498343], [-0.1484, 51.499948], [-0.149814, 51.500859], [-0.150908, 51.501558], [-0.15103, 51.501697], [-0.151103, 51.501776], [-0.151111, 51.501814], [-0.151101, 51.501843], [-0.151063, 51.501873]]]}, "properties": {"description": "Still (1.12)", "title": "London Parks", "group": 2651410562, "fill": "#3cc954"}}, {"type": "Feature", "id": 1066861901, "geometry": {"type": "Polygon", "coordinates": [[[-0.144043, 51.501161], [-0.14279, 51.501718], [-0.142928, 51.501941], [-0.142391, 51.502147], [-0.14184, 51.502121], [-0.140573, 51.501067], [-0.140889, 51.500081], [-0.142542, 51.499566], [-0.144043, 51.501161]]]}, "properties": {"description": "Ozy", "title": "Buckingham Palace", "group": 2651410562, "fill": "#3cc954"}}, {"type": "Feature", "id": 1766776905, "geometry": {"type": "Polygon", "coordinates": [[[-0.012506, 51.545562], [-0.01162, 51.545577], [-0.009968, 51.546202], [-0.003718, 51.545994], [-0.006055, 51.55036], [-0.009807, 51.549422], [-0.014119, 51.547062], [-0.012506, 51.545562]]]}, "properties": {"description": "emokitttyy", "title": "East Village Stratford", "group": 2651410562, "fill": "#fff700"}}, {"type": "Feature", "id": 3087320644, "geometry": {"type": "Polygon", "coordinates": [[[0.040375, 51.508071], [0.040705, 51.508071], [0.04083, 51.508276], [0.041011, 51.50833], [0.043645, 51.508247], [0.0437, 51.508818], [0.040979, 51.508886], [0.040485, 51.508832], [0.040383, 51.508564], [0.040375, 51.508071]]]}, "properties": {"title": "ExCel / LCY Hotels", "group": 2651410562, "fill": "#fff700"}}, {"type": "Feature", "id": 684702624, "geometry": {"type": "Polygon", "coordinates": [[[-0.350894, 51.566316], [-0.350894, 51.566316], [-0.35099, 51.566383], [-0.351101, 51.566428], [-0.351171, 51.566474], [-0.351219, 51.566508], [-0.351287, 51.566528], [-0.35133, 51.566553], [-0.351373, 51.566579], [-0.351407, 51.566589], [-0.351463, 51.566612], [-0.351497, 51.566621], [-0.351514, 51.566626], [-0.351724, 51.566694], [-0.351898, 51.566726], [-0.351838, 51.567013], [-0.353129, 51.567234], [-0.353227, 51.566939], [-0.353511, 51.56699], [-0.353401, 51.567288], [-0.353927, 51.567364], [-0.354211, 51.567291], [-0.354859, 51.567357], [-0.355134, 51.567172], [-0.355308, 51.567204], [-0.355647, 51.567128], [-0.355771, 51.567073], [-0.356129, 51.567372], [-0.355886, 51.566906], [-0.355538, 51.567038], [-0.355452, 51.567013], [-0.355147, 51.566781], [-0.352116, 51.566394], [-0.352081, 51.566455], [-0.351823, 51.566645], [-0.351656, 51.566577], [-0.351597, 51.566573], [-0.351105, 51.566313], [-0.351057, 51.566279], [-0.350936, 51.566289], [-0.350894, 51.566316]]]}, "properties": {"description": "Stanly Road is Road that you can acsess using Northolt road.\n Built by Farmtasticwwww", "title": "Stanly Road (South Harrow)", "group": 2651410562, "fill": "#fb6033"}}, {"type": "Feature", "id": 2670284004, "geometry": {"type": "Polygon", "coordinates": [[[0.002571, 51.510422], [0.00357, 51.510399], [0.004484, 51.510619], [0.004922, 51.511605], [0.005288, 51.51316], [0.005666, 51.513812], [0.006519, 51.514009], [0.006687, 51.514004], [0.00691, 51.514652], [0.006973, 51.514647], [0.006744, 51.513949], [0.007282, 51.513289], [0.007242, 51.512552], [0.00678, 51.511725], [0.005993, 51.510805], [0.005524, 51.510263], [0.005016, 51.510236], [0.004128, 51.510177], [0.003154, 51.510217], [0.002676, 51.510278], [0.002571, 51.510422]]]}, "properties": {"title": "Leamouth Peninsula", "group": 2651410562, "fill": "#fb6033"}}, {"type": "Feature", "id": 3246421999, "geometry": {"type": "Polygon", "coordinates": [[[-0.083768, 51.514955], [-0.083341, 51.515179], [-0.083438, 51.515298], [-0.08373, 51.51537], [-0.084169, 51.515487], [-0.08445, 51.515396], [-0.084574, 51.515193], [-0.083948, 51.514985], [-0.083768, 51.514955]]]}, "properties": {"description": "auraxfloral", "title": "Tower 42", "group": 2651410562, "fill": "#3cd44b"}}, {"type": "Feature", "id": 2642943507, "geometry": {"type": "Polygon", "coordinates": [[[-0.0086, 51.437606], [-0.008765, 51.437451], [-0.008756, 51.437333], [-0.008362, 51.437357], [-0.008368, 51.437539], [-0.008507, 51.437551], [-0.0086, 51.437606]]]}, "properties": {"title": "Ardoch Rd", "group": 2651410562, "fill": "#ff3a15"}}, {"type": "Feature", "id": 3415826594, "geometry": {"type": "Polygon", "coordinates": [[[-0.09994, 51.37535], [-0.09975, 51.375105], [-0.099554, 51.375151], [-0.099354, 51.374743], [-0.098358, 51.375046], [-0.098544, 51.375323], [-0.099266, 51.375118], [-0.099533, 51.375467], [-0.09994, 51.37535]]]}, "properties": {"title": "Croydon", "group": 2651410562, "fill": "#ff3a15"}}, {"type": "Feature", "id": 1043066679, "geometry": {"type": "Polygon", "coordinates": [[[-0.126671, 51.493055], [-0.127032, 51.492498], [-0.12646, 51.492278], [-0.126112, 51.491609], [-0.125758, 51.491551], [-0.125429, 51.492293], [-0.125212, 51.493117], [-0.126671, 51.493055]]]}, "properties": {"description": "auraxfloral", "title": "Millbank Tower", "group": 2651410562, "fill": "#d49c3c"}}, {"type": "Feature", "id": 218960849, "geometry": {"type": "Polygon", "coordinates": [[[-0.197839, 51.395445], [-0.198155, 51.395566], [-0.197869, 51.39584], [-0.198357, 51.396045], [-0.198423, 51.395994], [-0.198486, 51.396013], [-0.198533, 51.396148], [-0.198388, 51.396228], [-0.198489, 51.396255], [-0.19802, 51.396707], [-0.198404, 51.396865], [-0.19807, 51.397253], [-0.198352, 51.397397], [-0.198681, 51.397205], [-0.198862, 51.397551], [-0.197093, 51.398475], [-0.196547, 51.39866], [-0.195726, 51.399195], [-0.195287, 51.399091], [-0.195326, 51.399004], [-0.195752, 51.397776], [-0.195833, 51.397422], [-0.197708, 51.395558], [-0.197839, 51.395445]]]}, "properties": {"description": "NevJev", "title": "Morden Depot", "group": 2651410562, "fill": "#ff3a15"}}, {"type": "Feature", "id": 1251202396, "geometry": {"type": "Polygon", "coordinates": [[[0.263813, 51.566344], [0.26439, 51.566202], [0.264954, 51.56603], [0.265057, 51.566058], [0.265438, 51.566494], [0.26612, 51.566389], [0.26633, 51.566354], [0.267185, 51.566267], [0.267784, 51.566188], [0.267829, 51.566298], [0.267854, 51.566508], [0.267881, 51.566773], [0.267951, 51.567051], [0.268071, 51.567433], [0.268128, 51.567691], [0.268214, 51.567844], [0.268268, 51.568037], [0.268404, 51.568414], [0.268907, 51.569507], [0.270229, 51.569466], [0.270358, 51.570794], [0.269459, 51.570873], [0.269267, 51.570843], [0.268994, 51.570862], [0.269248, 51.571277], [0.269476, 51.571773], [0.269594, 51.572158], [0.268797, 51.572709], [0.26778, 51.572746], [0.266581, 51.572818], [0.264562, 51.572966], [0.261192, 51.573146], [0.261107, 51.572224], [0.262745, 51.572205], [0.265016, 51.57208], [0.266143, 51.571713], [0.26579, 51.571506], [0.265935, 51.571281], [0.266007, 51.570864], [0.266393, 51.570887], [0.266254, 51.569614], [0.265732, 51.569706], [0.264518, 51.569933], [0.264607, 51.570188], [0.263176, 51.570481], [0.262165, 51.569178], [0.26184, 51.568603], [0.264615, 51.568144], [0.264512, 51.567902], [0.265012, 51.567762], [0.264427, 51.567086], [0.263949, 51.566554], [0.263813, 51.566344]]]}, "properties": {"description": "Expanding.", "title": "London Application Area (Cranham)", "group": 2651410562, "fill": "#f1ae29"}}, {"type": "Feature", "id": 941705157, "geometry": {"type": "Polygon", "coordinates": [[[-0.008075, 51.481098], [-0.002958, 51.482832], [-0.00473, 51.484909], [-0.00953, 51.483316], [-0.008834, 51.482139], [-0.008075, 51.481098]]]}, "properties": {"description": "Sole", "title": "Greenwich", "group": 2651410562, "fill": "#f18729"}}, {"type": "Feature", "id": 1779308625, "geometry": {"type": "Polygon", "coordinates": [[[-0.350202, 51.566904], [-0.351106, 51.567265], [-0.351757, 51.567092], [-0.35169, 51.566684], [-0.350904, 51.566331], [-0.350202, 51.566904]]]}, "properties": {"description": "Bovis House is an office building wich includes multiple business's and sits on the corner between the A312 and Stanley Road. \n\nBuilt by Farmtasticwwww", "title": "Bovis House", "group": 2651410562, "fill": "#3cc954"}}, {"type": "Feature", "id": 234032819, "geometry": {"type": "Polygon", "coordinates": [[[-0.350773, 51.567472], [-0.349859, 51.567289], [-0.3495, 51.567696], [-0.349787, 51.567799], [-0.350692, 51.567967], [-0.350676, 51.567865], [-0.350773, 51.567472]]]}, "properties": {"description": "East Croft House is an apartment building in South Harrow sitting on the A312 next to Shell South Harrow.\n\nBuilt by Farmtasticwwww", "title": "East croft house", "group": 2651410562, "fill": "#3cc954"}}, {"type": "Feature", "id": 2380353742, "geometry": {"type": "Polygon", "coordinates": [[[-0.350217, 51.567174], [-0.35011, 51.56733], [-0.350815, 51.567472], [-0.350884, 51.567297], [-0.350217, 51.567174]]]}, "properties": {"description": "Shell South Harrow is a fuel station in south Harrow sitting on an entrence to a Waitrose\n\nBuilt by Farmtasticwwww", "title": "Shell South Harrow", "group": 2651410562, "fill": "#3cc954"}}, {"type": "Feature", "id": 4198809629, "geometry": {"type": "Polygon", "coordinates": [[[-0.268865, 51.464365], [-0.268986, 51.464639], [-0.269077, 51.464621], [-0.269215, 51.464923], [-0.269134, 51.46496], [-0.268811, 51.465078], [-0.268602, 51.465099], [-0.26839, 51.46466], [-0.267572, 51.464816], [-0.267575, 51.464883], [-0.267017, 51.464972], [-0.266983, 51.464933], [-0.266814, 51.464955], [-0.266777, 51.464835], [-0.266788, 51.464625], [-0.266785, 51.464513], [-0.268871, 51.464086], [-0.268908, 51.464161], [-0.268865, 51.464365]]]}, "properties": {"description": "Mstr_Polar", "title": "North Sheen", "group": 2651410562, "fill": "#f1ae29"}}, {"type": "Feature", "id": 1774583709, "geometry": {"type": "Polygon", "coordinates": [[[-0.260503, 51.46242], [-0.259258, 51.462023], [-0.259128, 51.461889], [-0.258164, 51.461539], [-0.257331, 51.462472], [-0.257621, 51.462548], [-0.257453, 51.462717], [-0.257107, 51.462862], [-0.257172, 51.463445], [-0.260231, 51.463544], [-0.260362, 51.462641], [-0.260503, 51.46242]]]}, "properties": {"description": "Mstr_Polar", "title": "Richmond Park Academy", "group": 2651410562, "fill": "#91d43c"}}, {"type": "Feature", "id": 2792990189, "geometry": {"type": "Polygon", "coordinates": [[[-0.183269, 51.512264], [-0.184236, 51.512143], [-0.185152, 51.514266], [-0.18394, 51.514411], [-0.183269, 51.512264]]]}, "properties": {"description": "Leinster Gardens - Jtupps", "title": "Leinster Gardens", "group": 2651410562, "fill": "#ff2c31"}}, {"type": "Feature", "id": 795088133, "geometry": {"type": "Polygon", "coordinates": [[[-0.083819, 51.511686], [-0.083648, 51.511957], [-0.083434, 51.512129], [-0.08276, 51.512241], [-0.082399, 51.51246], [-0.082039, 51.51277], [-0.081811, 51.513066], [-0.081664, 51.513526], [-0.084189, 51.513438], [-0.084336, 51.51293], [-0.085049, 51.511839], [-0.083819, 51.511686]]]}, "properties": {"description": "Jtupps", "title": "Leadenhall Market + Surroundings", "group": 2651410562, "fill": "#fff200"}}, {"type": "Feature", "id": 2612228562, "geometry": {"type": "Polygon", "coordinates": [[[-0.420929, 51.417676], [-0.418696, 51.418613], [-0.41787, 51.419533], [-0.416558, 51.420367], [-0.41649, 51.420722], [-0.418615, 51.419911], [-0.419414, 51.419895], [-0.41959, 51.420055], [-0.423421, 51.419835], [-0.424598, 51.418257], [-0.420929, 51.417676]]]}, "properties": {"description": "unknown builder", "title": "Sunbury cross", "group": 2651410562, "fill": "#ffcc00"}}, {"type": "Feature", "id": 3795043994, "geometry": {"type": "Polygon", "coordinates": [[[-0.149399, 51.503226], [-0.149466, 51.503291], [-0.149541, 51.503254], [-0.149616, 51.503217], [-0.149683, 51.503186], [-0.149723, 51.50319], [-0.149778, 51.503265], [-0.149863, 51.50331], [-0.149812, 51.503331], [-0.149885, 51.503412], [-0.149943, 51.503397], [-0.150003, 51.50339], [-0.150674, 51.503396], [-0.150715, 51.503405], [-0.150775, 51.503424], [-0.150808, 51.503456], [-0.150979, 51.503433], [-0.150972, 51.503408], [-0.151, 51.503401], [-0.151015, 51.503453], [-0.151025, 51.503496], [-0.151187, 51.503478], [-0.151183, 51.503432], [-0.151194, 51.503393], [-0.151217, 51.503361], [-0.151242, 51.50334], [-0.151274, 51.503322], [-0.151305, 51.503311], [-0.152249, 51.503123], [-0.152288, 51.503094], [-0.15246, 51.503058], [-0.152706, 51.503029], [-0.15274, 51.502877], [-0.15265, 51.50287], [-0.152533, 51.502847], [-0.152441, 51.502786], [-0.152207, 51.502363], [-0.15198, 51.502412], [-0.152159, 51.50273], [-0.15216, 51.502774], [-0.152151, 51.502828], [-0.152119, 51.50289], [-0.152077, 51.502938], [-0.152022, 51.502995], [-0.151971, 51.503018], [-0.151642, 51.503079], [-0.150833, 51.503234], [-0.150776, 51.503237], [-0.150179, 51.503229], [-0.15008, 51.503216], [-0.149994, 51.503183], [-0.14995, 51.503156], [-0.149913, 51.503118], [-0.149895, 51.503081], [-0.149888, 51.503051], [-0.149922, 51.502743], [-0.149946, 51.502672], [-0.15, 51.502602], [-0.150084, 51.502533], [-0.150135, 51.502495], [-0.150244, 51.502446], [-0.151206, 51.50208], [-0.151379, 51.502031], [-0.151477, 51.502019], [-0.151578, 51.502025], [-0.151659, 51.502054], [-0.151743, 51.502124], [-0.151852, 51.50222], [-0.151979, 51.502409], [-0.152205, 51.50236], [-0.152126, 51.502227], [-0.151994, 51.50207], [-0.151646, 51.501804], [-0.151234, 51.501529], [-0.151148, 51.501579], [-0.151075, 51.501634], [-0.151034, 51.501685], [-0.151115, 51.501783], [-0.151105, 51.501838], [-0.151065, 51.501876], [-0.150259, 51.502186], [-0.149742, 51.50233], [-0.149756, 51.502415], [-0.149676, 51.502426], [-0.149435, 51.502424], [-0.149243, 51.502413], [-0.149231, 51.502558], [-0.149439, 51.502567], [-0.14942, 51.502687], [-0.149377, 51.502694], [-0.149436, 51.502716], [-0.149454, 51.502764], [-0.149399, 51.503226]]]}, "properties": {"description": "Thomasenrosa + George112n\nCray did the roads\n(1.21.1)\nJust needs ground texturing", "title": "Hyde Park Corner", "group": 2651410562, "fill": "#91d43c"}}, {"type": "Feature", "id": 509008465, "geometry": {"type": "Polygon", "coordinates": [[[-0.149941, 51.503138], [-0.149911, 51.503093], [-0.149903, 51.503025], [-0.149915, 51.502914], [-0.149938, 51.502743], [-0.149948, 51.502693], [-0.149971, 51.502644], [-0.150007, 51.502605], [-0.150141, 51.502503], [-0.150211, 51.502468], [-0.151307, 51.502056], [-0.151376, 51.502037], [-0.151472, 51.502026], [-0.151576, 51.502032], [-0.151648, 51.502061], [-0.151821, 51.502204], [-0.151839, 51.502227], [-0.15199, 51.502458], [-0.152149, 51.502724], [-0.152156, 51.502764], [-0.15215, 51.502813], [-0.152114, 51.502886], [-0.152017, 51.502995], [-0.151991, 51.503009], [-0.151967, 51.503016], [-0.150834, 51.503232], [-0.150772, 51.503235], [-0.150175, 51.503226], [-0.150084, 51.503213], [-0.149994, 51.503176], [-0.149941, 51.503138]]]}, "properties": {"description": "Thomasenrosa + George112n", "title": "Hyde Park Corner", "group": 2651410562, "fill": "#3cc954"}}, {"type": "Feature", "id": 1470639968, "geometry": {"type": "Polygon", "coordinates": [[[-0.152975, 51.503435], [-0.152838, 51.50334], [-0.152786, 51.503371], [-0.152762, 51.503364], [-0.152668, 51.503181], [-0.151958, 51.503335], [-0.152112, 51.503641], [-0.15208, 51.503651], [-0.152031, 51.503564], [-0.151837, 51.503601], [-0.151815, 51.503553], [-0.151635, 51.50359], [-0.151663, 51.503639], [-0.151483, 51.503671], [-0.1514, 51.503532], [-0.151384, 51.503509], [-0.151298, 51.503523], [-0.151273, 51.503525], [-0.151384, 51.503776], [-0.151387, 51.503834], [-0.151398, 51.503886], [-0.151423, 51.503918], [-0.151474, 51.50395], [-0.151557, 51.503969], [-0.151944, 51.504019], [-0.152065, 51.504025], [-0.152149, 51.504017], [-0.152209, 51.503985], [-0.152268, 51.504002], [-0.152221, 51.504033], [-0.152298, 51.504086], [-0.152374, 51.504044], [-0.152424, 51.504031], [-0.152476, 51.504004], [-0.152504, 51.50401], [-0.152421, 51.504086], [-0.152355, 51.504125], [-0.152425, 51.504175], [-0.152299, 51.504245], [-0.15228, 51.504262], [-0.15222, 51.504203], [-0.152167, 51.504154], [-0.152055, 51.504091], [-0.151948, 51.504059], [-0.151849, 51.504042], [-0.15151, 51.504], [-0.151444, 51.503983], [-0.151396, 51.503955], [-0.151352, 51.503922], [-0.15132, 51.50387], [-0.151208, 51.503533], [-0.151198, 51.503488], [-0.151192, 51.503451], [-0.151196, 51.503418], [-0.151206, 51.503394], [-0.151235, 51.503355], [-0.151311, 51.503315], [-0.151638, 51.503248], [-0.15226, 51.503123], [-0.152292, 51.503095], [-0.152471, 51.50306], [-0.152706, 51.503032], [-0.152707, 51.503061], [-0.152606, 51.503072], [-0.15264, 51.503168], [-0.15288, 51.50313], [-0.152909, 51.503202], [-0.152961, 51.503271], [-0.153054, 51.503228], [-0.153238, 51.503167], [-0.153287, 51.503145], [-0.153382, 51.503128], [-0.153504, 51.503111], [-0.15381, 51.503074], [-0.153856, 51.503069], [-0.154091, 51.503037], [-0.154283, 51.503021], [-0.154555, 51.502994], [-0.154959, 51.50296], [-0.155439, 51.50291], [-0.155471, 51.502836], [-0.155524, 51.502792], [-0.155554, 51.502807], [-0.155512, 51.502837], [-0.155489, 51.502888], [-0.155488, 51.502913], [-0.155506, 51.502925], [-0.155575, 51.502925], [-0.156367, 51.502854], [-0.157057, 51.502775], [-0.158014, 51.502683], [-0.158367, 51.502655], [-0.158363, 51.502586], [-0.158631, 51.502563], [-0.158646, 51.502658], [-0.162392, 51.50241], [-0.164325, 51.50228], [-0.16499, 51.502237], [-0.165367, 51.502217], [-0.165743, 51.502202], [-0.166132, 51.502195], [-0.166618, 51.502191], [-0.169887, 51.502164], [-0.170355, 51.502157], [-0.171191, 51.502147], [-0.171201, 51.50213], [-0.173637, 51.502108], [-0.173684, 51.502129], [-0.174445, 51.502116], [-0.174446, 51.502192], [-0.173795, 51.50218], [-0.173619, 51.502176], [-0.173587, 51.502193], [-0.170889, 51.502218], [-0.17084, 51.502205], [-0.170158, 51.502228], [-0.169835, 51.502231], [-0.166317, 51.502276], [-0.165653, 51.502291], [-0.164949, 51.502337], [-0.163141, 51.502452], [-0.163143, 51.502497], [-0.160958, 51.50265], [-0.160182, 51.502696], [-0.159834, 51.502716], [-0.159114, 51.502768], [-0.158599, 51.502818], [-0.158475, 51.50283], [-0.157905, 51.502866], [-0.154485, 51.503171], [-0.154426, 51.503192], [-0.154448, 51.503238], [-0.153818, 51.5033], [-0.153572, 51.503352], [-0.153403, 51.503389], [-0.153311, 51.503418], [-0.153232, 51.503449], [-0.153178, 51.503481], [-0.153052, 51.503474], [-0.152975, 51.503435]]]}, "properties": {"title": "Hyde Park Outlined", "group": 2651410562, "fill": "#ffcc00"}}, {"type": "Feature", "id": 3217398246, "geometry": {"type": "Polygon", "coordinates": [[[-0.15197, 51.503336], [-0.152121, 51.503615], [-0.152121, 51.503643], [-0.152127, 51.503665], [-0.152274, 51.503927], [-0.15227, 51.50394], [-0.152214, 51.503981], [-0.152277, 51.504002], [-0.152232, 51.504031], [-0.152298, 51.504078], [-0.152366, 51.504038], [-0.152422, 51.504025], [-0.152475, 51.503998], [-0.152507, 51.504003], [-0.152515, 51.504011], [-0.152452, 51.504078], [-0.152368, 51.504124], [-0.152425, 51.504167], [-0.152505, 51.504117], [-0.152573, 51.504048], [-0.152612, 51.504011], [-0.152668, 51.503998], [-0.152719, 51.504007], [-0.15275, 51.504018], [-0.152811, 51.504033], [-0.152855, 51.50394], [-0.152889, 51.503886], [-0.152837, 51.503868], [-0.152819, 51.503852], [-0.152814, 51.503828], [-0.152816, 51.503801], [-0.152838, 51.503768], [-0.152874, 51.503721], [-0.152884, 51.503672], [-0.152974, 51.503582], [-0.153008, 51.503566], [-0.153049, 51.503554], [-0.153088, 51.50355], [-0.153139, 51.503551], [-0.153943, 51.50356], [-0.15399, 51.503519], [-0.153207, 51.503514], [-0.153182, 51.503485], [-0.153053, 51.503479], [-0.152964, 51.503432], [-0.152902, 51.503389], [-0.152839, 51.503348], [-0.152803, 51.503371], [-0.152781, 51.503377], [-0.152749, 51.503367], [-0.152735, 51.503335], [-0.15266, 51.503184], [-0.15197, 51.503336]]]}, "properties": {"description": "George and Thomas", "title": "Hyde Park Done", "group": 2651410562, "fill": "#3cc954"}}, {"type": "Feature", "id": 235729805, "geometry": {"type": "Polygon", "coordinates": [[[-0.238456, 51.610396], [-0.238135, 51.610227], [-0.238269, 51.610135], [-0.238582, 51.610293], [-0.238456, 51.610396]]]}, "properties": {"description": "Deez, Thomas", "title": "Friday Night Dinner House", "group": 2651410562, "fill": "#8dd43c"}}, {"type": "Feature", "id": 2810438074, "geometry": {"type": "Polygon", "coordinates": [[[-0.132954, 51.511461], [-0.132163, 51.510366], [-0.131556, 51.5105], [-0.132207, 51.511436], [-0.131203, 51.511788], [-0.131478, 51.512123], [-0.132954, 51.511461]]]}, "properties": {"title": "china town jaeden", "group": 2651410562, "fill": "#ff0000"}}, {"type": "Feature", "id": 3808535078, "geometry": {"type": "LineString", "coordinates": [[-2.200714, 53.48204], [-2.199896, 53.482095], [-2.19909, 53.482271], [-2.198754, 53.482437], [-2.19854, 53.482765], [-2.198354, 53.483251], [-2.198441, 53.483596], [-2.198713, 53.483903], [-2.199473, 53.48419], [-2.200227, 53.484369], [-2.200673, 53.484383], [-2.201282, 53.484328], [-2.201862, 53.484121], [-2.202018, 53.483776], [-2.202256, 53.483393], [-2.20218, 53.482892], [-2.20192, 53.482382], [-2.201067, 53.482044], [-2.200714, 53.48204]]}, "properties": {"stroke": "#ffcc00", "title": "Etihad Stadium", "group": 2726418706}}, {"type": "Feature", "id": 2834442151, "geometry": {"type": "Polygon", "coordinates": [[[-0.279411, 51.554621], [-0.27851, 51.554687], [-0.277706, 51.554883], [-0.277191, 51.555115], [-0.276774, 51.555409], [-0.276478, 51.55575], [-0.276534, 51.556104], [-0.276715, 51.556555], [-0.277125, 51.556953], [-0.278195, 51.557507], [-0.278813, 51.557677], [-0.279332, 51.557767], [-0.279323, 51.558411], [-0.279858, 51.558414], [-0.279847, 51.557735], [-0.280821, 51.557401], [-0.281397, 51.557098], [-0.28193, 51.556653], [-0.281959, 51.556066], [-0.281988, 51.55548], [-0.28193, 51.555255], [-0.281672, 51.555039], [-0.281372, 51.554886], [-0.280878, 51.554799], [-0.279411, 51.554621]]]}, "properties": {"description": "Made by HyperLeopard99, Jtupps, Auraxfloral and BoshyWashy", "title": "Wembley Stadium (Being Rebuilt)", "group": 2726418706, "fill": "#ff0000"}}, {"type": "Feature", "id": 1675314671, "geometry": {"type": "Polygon", "coordinates": [[[-1.470408, 53.371123], [-1.47206, 53.370927], [-1.472333, 53.370908], [-1.472333, 53.370683], [-1.472277, 53.370592], [-1.472044, 53.370625], [-1.47182, 53.370008], [-1.472108, 53.369951], [-1.471844, 53.369161], [-1.47137, 53.369185], [-1.471427, 53.369568], [-1.469903, 53.369778], [-1.469951, 53.369941], [-1.469341, 53.370022], [-1.469622, 53.370932], [-1.469822, 53.370927], [-1.469846, 53.371056], [-1.470063, 53.371118], [-1.470408, 53.371123]]]}, "properties": {"title": "Bramall Lane", "group": 2726418706, "fill": "#3cc954"}}, {"type": "Feature", "id": 1691220242, "geometry": {"type": "Polygon", "coordinates": [[[-2.653229, 53.546888], [-2.652471, 53.547557], [-2.652734, 53.547693], [-2.652629, 53.547849], [-2.654363, 53.548533], [-2.654563, 53.548344], [-2.654934, 53.548467], [-2.655615, 53.547816], [-2.655372, 53.547694], [-2.655533, 53.547503], [-2.65382, 53.546802], [-2.653608, 53.546983], [-2.653229, 53.546888]]]}, "properties": {"title": "DW Stadium", "group": 2726418706, "fill": "#f1ae29"}}, {"type": "Feature", "id": 4013039308, "geometry": {"type": "Polygon", "coordinates": [[[-2.291428, 53.462291], [-2.290464, 53.462465], [-2.289937, 53.462619], [-2.289646, 53.462913], [-2.289686, 53.463067], [-2.289557, 53.463125], [-2.289816, 53.463689], [-2.290156, 53.463964], [-2.290642, 53.464123], [-2.292042, 53.463992], [-2.292868, 53.463809], [-2.293475, 53.463462], [-2.293475, 53.463163], [-2.293305, 53.462927], [-2.29307, 53.462545], [-2.292916, 53.462372], [-2.29247, 53.462497], [-2.292219, 53.462333], [-2.29196, 53.462246], [-2.291677, 53.462237], [-2.291428, 53.462291]]]}, "properties": {"title": "Old Trafford", "group": 2726418706, "fill": "#cc1b15"}}, {"type": "Feature", "id": 474287435, "geometry": {"type": "Polygon", "coordinates": [[[-0.052627, 51.487408], [-0.052271, 51.485082], [-0.049539, 51.484917], [-0.049065, 51.485715], [-0.050104, 51.48641], [-0.052362, 51.487478], [-0.052578, 51.487495], [-0.052627, 51.487408]]]}, "properties": {"description": "AlbaGuBrath", "title": "The Den", "group": 2726418706, "fill": "#ffcc00"}}, {"type": "Feature", "id": 483784048, "geometry": {"type": "Polygon", "coordinates": [[[-0.344113, 51.456477], [-0.341463, 51.457506], [-0.33887, 51.455394], [-0.342042, 51.454356], [-0.344113, 51.456477]]]}, "properties": {"description": "Builder Unknown", "title": "Twickenham Stadium", "group": 2726418706, "fill": "#cc1b15"}}, {"type": "Feature", "id": 65755517, "geometry": {"type": "Polygon", "coordinates": [[[-0.933025, 52.236248], [-0.934789, 52.235697], [-0.934218, 52.234106], [-0.933383, 52.234099], [-0.932235, 52.234338], [-0.933025, 52.236248]]]}, "properties": {"description": "Sixfields Stadium is a 7,798-capacity all-seater sports stadium in the Sixfields area on the west side of Northampton, England.", "title": "Sixfields Stadium", "group": 2726418706, "fill": "#3cc954"}}, {"type": "Feature", "id": 4162339265, "geometry": {"type": "Polygon", "coordinates": [[[-2.620105, 51.440981], [-2.619958, 51.440748], [-2.619679, 51.440811], [-2.61908, 51.439965], [-2.618982, 51.439808], [-2.619003, 51.439645], [-2.619131, 51.439519], [-2.620752, 51.439072], [-2.620944, 51.439083], [-2.621071, 51.43916], [-2.62118, 51.439318], [-2.62134, 51.43928], [-2.622039, 51.440258], [-2.621865, 51.440288], [-2.621901, 51.440394], [-2.621832, 51.440505], [-2.621713, 51.44055], [-2.620105, 51.440981]]]}, "properties": {"title": "Ashton Gate", "group": 2726418706, "fill": "#ff0000"}}, {"type": "Feature", "id": 3799270833, "geometry": {"type": "Polygon", "coordinates": [[[-2.489047, 53.729583], [-2.490411, 53.729289], [-2.490355, 53.729196], [-2.490426, 53.72897], [-2.49061, 53.728918], [-2.490491, 53.728734], [-2.49056, 53.728719], [-2.490069, 53.727936], [-2.489995, 53.727947], [-2.489914, 53.727789], [-2.489722, 53.727808], [-2.489433, 53.727683], [-2.489361, 53.727578], [-2.488973, 53.727674], [-2.488945, 53.727637], [-2.488355, 53.727756], [-2.48838, 53.727804], [-2.487998, 53.727883], [-2.488206, 53.728221], [-2.487914, 53.728146], [-2.487808, 53.728166], [-2.487933, 53.728304], [-2.487858, 53.728319], [-2.488456, 53.729283], [-2.48853, 53.729267], [-2.488629, 53.729415], [-2.489047, 53.729583]]]}, "properties": {"title": "Ewood Park", "group": 2726418706, "fill": "#ff0000"}}, {"type": "Feature", "id": 1825938241, "geometry": {"type": "Polygon", "coordinates": [[[-1.838553, 50.735942], [-1.839358, 50.735542], [-1.839407, 50.735294], [-1.839469, 50.735174], [-1.839531, 50.735228], [-1.83961, 50.735166], [-1.839374, 50.734954], [-1.839288, 50.735006], [-1.839135, 50.734865], [-1.839055, 50.73473], [-1.838878, 50.734597], [-1.838732, 50.73448], [-1.838523, 50.734508], [-1.838385, 50.734473], [-1.838139, 50.734413], [-1.837137, 50.734943], [-1.83711, 50.735097], [-1.837452, 50.735449], [-1.837792, 50.735756], [-1.837929, 50.735763], [-1.838175, 50.735936], [-1.838553, 50.735942]]]}, "properties": {"description": "AMgr8, HyperLeopard, Refrosted, Jtupps, jaeden, allied_galaxy, delexzo,thomas, PrankishShAmUs. 12 hour build", "title": "Vitality stadium", "group": 2726418706, "fill": "#3cc954"}}, {"type": "Feature", "id": 1126406309, "geometry": {"type": "Polygon", "coordinates": [[[-5.83324, 54.605987], [-5.833751, 54.605395], [-5.834548, 54.605569], [-5.835022, 54.604955], [-5.835483, 54.604161], [-5.835022, 54.603453], [-5.833589, 54.602911], [-5.83041, 54.603569], [-5.829811, 54.604218], [-5.830522, 54.6045], [-5.829836, 54.60502], [-5.83324, 54.605987]]]}, "properties": {"description": "Ozy", "title": "Norther Ireland Assembly", "group": 280659209, "fill": "#fff700"}}, {"type": "Feature", "id": 530683519, "geometry": {"type": "Polygon", "coordinates": [[[-3.230831, 57.039923], [-3.233519, 57.038365], [-3.234737, 57.038622], [-3.23692, 57.037966], [-3.237471, 57.038393], [-3.23877, 57.038878], [-3.238401, 57.03991], [-3.236447, 57.040989], [-3.234715, 57.041287], [-3.229982, 57.041822], [-3.229127, 57.040337], [-3.228344, 57.040036], [-3.227851, 57.039121], [-3.228509, 57.039101], [-3.229039, 57.038763], [-3.229935, 57.039405], [-3.230831, 57.039923]]]}, "properties": {"description": "AMgr8", "title": "Aberdeenshire - Balmoral Castle", "group": 2324632462, "fill": "#3cc954"}}, {"type": "Feature", "id": 3427141817, "geometry": {"type": "Polygon", "coordinates": [[[-2.955985, 56.463831], [-2.955113, 56.462783], [-2.955016, 56.462678], [-2.954978, 56.462596], [-2.954777, 56.46225], [-2.957371, 56.461792], [-2.959419, 56.461129], [-2.961864, 56.460386], [-2.963378, 56.46125], [-2.964494, 56.460659], [-2.96464, 56.460934], [-2.964647, 56.461213], [-2.963721, 56.461806], [-2.963099, 56.462182], [-2.962791, 56.461924], [-2.955985, 56.463831]]]}, "properties": {"description": "AlbaGuBrath", "title": "Dundee - City Quay", "group": 2324632462, "fill": "#fff200"}}, {"type": "Feature", "id": 1847270130, "geometry": {"type": "Polygon", "coordinates": [[[-2.97981, 56.45947], [-2.979823, 56.459813], [-2.979163, 56.459571], [-2.978745, 56.459535], [-2.978183, 56.458711], [-2.978967, 56.458516], [-2.979987, 56.459423], [-2.97981, 56.45947]]]}, "properties": {"description": "AlbaGuBrath", "title": "Dundee - Hawkhill", "group": 2324632462, "fill": "#3cc954"}}, {"type": "Feature", "id": 1374350273, "geometry": {"type": "Polygon", "coordinates": [[[-2.976302, 56.457096], [-2.97583, 56.457227], [-2.975121, 56.456719], [-2.975728, 56.456393], [-2.976302, 56.457096]]]}, "properties": {"description": "AlbaGuBrath", "title": "Dundee - Queen's Hotel", "group": 2324632462, "fill": "#3cc954"}}, {"type": "Feature", "id": 1733149567, "geometry": {"type": "Polygon", "coordinates": [[[-2.984778, 56.459688], [-2.98568, 56.459393], [-2.986214, 56.459061], [-2.986632, 56.458627], [-2.988127, 56.457577], [-2.986599, 56.456142], [-2.984895, 56.456274], [-2.983058, 56.456302], [-2.981555, 56.456422], [-2.98017, 56.456643], [-2.979705, 56.45636], [-2.978156, 56.4565], [-2.978305, 56.456821], [-2.977051, 56.457059], [-2.978821, 56.458378], [-2.979989, 56.459421], [-2.981709, 56.459245], [-2.982377, 56.460103], [-2.983696, 56.45991], [-2.984778, 56.459688]]]}, "properties": {"description": "Inconundrum", "title": "Dundee - University of Dundee", "group": 2324632462, "fill": "#ffcc00"}}, {"type": "Feature", "id": 2504334848, "geometry": {"type": "Polygon", "coordinates": [[[-3.192197, 55.947545], [-3.191719, 55.947646], [-3.19118, 55.946827], [-3.191537, 55.946726], [-3.192033, 55.947211], [-3.19233, 55.94736], [-3.192197, 55.947545]]]}, "properties": {"title": "Edinburgh - Candlemaker Row", "group": 2324632462, "fill": "#fff700"}}, {"type": "Feature", "id": 1132006320, "geometry": {"type": "Polygon", "coordinates": [[[-3.194854, 55.950967], [-3.191463, 55.951252], [-3.19124, 55.950827], [-3.192031, 55.950711], [-3.191904, 55.950352], [-3.192442, 55.950198], [-3.192994, 55.950121], [-3.192754, 55.949539], [-3.193379, 55.949447], [-3.19405, 55.94932], [-3.194703, 55.949103], [-3.195586, 55.948958], [-3.195341, 55.948628], [-3.194578, 55.9489], [-3.194312, 55.948586], [-3.193476, 55.948695], [-3.193175, 55.948287], [-3.193511, 55.948215], [-3.193799, 55.948576], [-3.194088, 55.948521], [-3.193943, 55.948368], [-3.19441, 55.948237], [-3.194591, 55.948193], [-3.194819, 55.948243], [-3.194898, 55.948347], [-3.195209, 55.948275], [-3.195497, 55.948193], [-3.195483, 55.948115], [-3.196105, 55.948], [-3.196397, 55.948179], [-3.196549, 55.948375], [-3.197205, 55.948326], [-3.198208, 55.948133], [-3.199157, 55.947714], [-3.201087, 55.947702], [-3.20175, 55.947578], [-3.203077, 55.948191], [-3.203048, 55.949314], [-3.202591, 55.949535], [-3.200812, 55.950059], [-3.196326, 55.950803], [-3.196622, 55.951254], [-3.196408, 55.951271], [-3.195401, 55.951386], [-3.194984, 55.951272], [-3.194854, 55.950967]]]}, "properties": {"description": "AlbaGuBrath", "title": "Edinburgh - Castle, Old Town & Princes Street Gardens", "group": 2324632462, "fill": "#3cc954"}}, {"type": "Feature", "id": 3048696650, "geometry": {"type": "Polygon", "coordinates": [[[-3.19272, 55.949333], [-3.192701, 55.949466], [-3.192232, 55.949576], [-3.19203, 55.94946], [-3.192026, 55.948986], [-3.192329, 55.948988], [-3.192164, 55.948706], [-3.192084, 55.948463], [-3.19272, 55.949333]]]}, "properties": {"description": "Yindee", "title": "Edinburgh - \nFrench Consulate", "group": 2324632462, "fill": "#3cc954"}}, {"type": "Feature", "id": 3049430472, "geometry": {"type": "Polygon", "coordinates": [[[-3.195388, 55.952886], [-3.196342, 55.954665], [-3.195094, 55.954803], [-3.195201, 55.955032], [-3.193153, 55.955256], [-3.192397, 55.95405], [-3.193652, 55.953163], [-3.195388, 55.952886]]]}, "properties": {"description": "Gordo", "title": "Edinburgh - New Town", "group": 2324632462, "fill": "#3cc954"}}, {"type": "Feature", "id": 2988766807, "geometry": {"type": "Polygon", "coordinates": [[[-3.196779, 55.951898], [-3.192129, 55.952658], [-3.191443, 55.951287], [-3.189028, 55.951576], [-3.188879, 55.951263], [-3.191227, 55.950851], [-3.191438, 55.951272], [-3.194854, 55.950962], [-3.194979, 55.951265], [-3.195426, 55.951404], [-3.196407, 55.951277], [-3.196779, 55.951898]]]}, "properties": {"description": "Alba - Priority 1", "title": "Edinburgh - Princes Street Gardens", "group": 2324632462, "fill": "#ffcc00"}}, {"type": "Feature", "id": 728415329, "geometry": {"type": "Polygon", "coordinates": [[[-3.19559, 55.948951], [-3.19534, 55.948644], [-3.194601, 55.948898], [-3.194301, 55.94858], [-3.193453, 55.948701], [-3.193189, 55.948295], [-3.192932, 55.948336], [-3.192647, 55.948233], [-3.19228, 55.948315], [-3.192251, 55.948233], [-3.192077, 55.948457], [-3.192718, 55.949326], [-3.192725, 55.949476], [-3.192218, 55.949575], [-3.192397, 55.950195], [-3.192961, 55.950102], [-3.192755, 55.949532], [-3.194052, 55.949325], [-3.194711, 55.949092], [-3.19559, 55.948951]]]}, "properties": {"description": "Alba - Priority 2", "title": "Edinburgh - Victoria Street/Royal Mile", "group": 2324632462, "fill": "#ffcc00"}}, {"type": "Feature", "id": 3026896667, "geometry": {"type": "Polygon", "coordinates": [[[-3.181977, 55.959098], [-3.182327, 55.958815], [-3.182652, 55.958858], [-3.183275, 55.958117], [-3.183016, 55.95811], [-3.183042, 55.957782], [-3.182496, 55.95787], [-3.181431, 55.959149], [-3.181977, 55.959098]]]}, "properties": {"description": "AlbaGuBrath", "title": "Edinburgh - Windsor Street Ukrainian Consulate", "group": 2324632462, "fill": "#3cc954"}}, {"type": "Feature", "id": 1568329713, "geometry": {"type": "Polygon", "coordinates": [[[-4.310399, 55.873147], [-4.309675, 55.873241], [-4.307907, 55.873027], [-4.307726, 55.872555], [-4.307616, 55.871505], [-4.309623, 55.871433], [-4.310399, 55.873147]]]}, "properties": {"title": "Glasgow - West of Scotland Cricket Club", "group": 2324632462, "fill": "#3cc954"}}, {"type": "Feature", "id": 1963024372, "geometry": {"type": "Polygon", "coordinates": [[[-4.497325, 55.599131], [-4.497313, 55.598928], [-4.496961, 55.598941], [-4.496983, 55.599145], [-4.497325, 55.599131]]]}, "properties": {"title": "Kilmarnock - Greggs", "group": 2324632462, "fill": "#3cc954"}}, {"type": "Feature", "id": 2408425306, "geometry": {"type": "Polygon", "coordinates": [[[-3.515464, 56.006938], [-3.516518, 56.006928], [-3.519716, 56.004963], [-3.521129, 56.0044], [-3.52104, 56.004013], [-3.52083, 56.004004], [-3.520635, 56.003605], [-3.520876, 56.003545], [-3.521014, 56.00376], [-3.521175, 56.00373], [-3.52127, 56.003919], [-3.521781, 56.003847], [-3.521743, 56.003709], [-3.521343, 56.003777], [-3.521294, 56.003637], [-3.521155, 56.003466], [-3.521412, 56.003388], [-3.520913, 56.003112], [-3.521303, 56.002931], [-3.521762, 56.003261], [-3.521931, 56.003262], [-3.522121, 56.00318], [-3.522479, 56.003072], [-3.522927, 56.003004], [-3.523543, 56.003002], [-3.524049, 56.002941], [-3.524474, 56.002959], [-3.524279, 56.003508], [-3.524792, 56.003572], [-3.524635, 56.003881], [-3.525598, 56.004031], [-3.525851, 56.00371], [-3.526316, 56.003883], [-3.526083, 56.004206], [-3.526508, 56.004803], [-3.529677, 56.006544], [-3.531069, 56.006927], [-3.533467, 56.007106], [-3.535481, 56.002115], [-3.541295, 56.003282], [-3.541797, 56.001888], [-3.543185, 56.001879], [-3.543286, 56.001383], [-3.54193, 56.001383], [-3.546329, 55.997574], [-3.545651, 55.99778], [-3.544475, 55.996821], [-3.542615, 55.99228], [-3.536528, 55.991001], [-3.536615, 55.991591], [-3.529371, 55.991309], [-3.52955, 55.989891], [-3.529011, 55.98889], [-3.530219, 55.986609], [-3.52255, 55.984423], [-3.512966, 55.984864], [-3.514213, 55.987398], [-3.506007, 55.988059], [-3.510781, 55.993516], [-3.513614, 55.999853], [-3.515302, 56.002527], [-3.515469, 56.005132], [-3.513805, 56.006156], [-3.515464, 56.006938]]]}, "properties": {"title": "West Lothian - Blackness TBC", "group": 2324632462, "fill": "#e32c31"}}, {"type": "Feature", "id": 2819297460, "geometry": {"type": "Polygon", "coordinates": [[[-3.523539, 56.003], [-3.524024, 56.002947], [-3.524457, 56.002949], [-3.524279, 56.003506], [-3.524787, 56.003577], [-3.524622, 56.003881], [-3.52558, 56.004038], [-3.525853, 56.00371], [-3.526299, 56.00388], [-3.526068, 56.004206], [-3.524086, 56.003942], [-3.523009, 56.004057], [-3.522039, 56.004138], [-3.522267, 56.004663], [-3.521909, 56.004717], [-3.521791, 56.004506], [-3.521129, 56.004448], [-3.521056, 56.004009], [-3.520829, 56.004003], [-3.520635, 56.003603], [-3.520884, 56.003545], [-3.521013, 56.00376], [-3.521174, 56.003729], [-3.52127, 56.003914], [-3.521762, 56.003844], [-3.521737, 56.003712], [-3.521342, 56.003771], [-3.5213, 56.003637], [-3.52116, 56.003471], [-3.521417, 56.00339], [-3.520917, 56.003112], [-3.521307, 56.002926], [-3.521755, 56.003261], [-3.521929, 56.003262], [-3.522147, 56.00317], [-3.522488, 56.00308], [-3.522902, 56.00301], [-3.523539, 56.003]]]}, "properties": {"description": "AlbaGuBrath", "title": "West Lothian - Blackness", "group": 2324632462, "fill": "#3cc954"}}, {"type": "Feature", "id": 64685271, "geometry": {"type": "Polygon", "coordinates": [[[-2.102378, 57.165709], [-2.101144, 57.165663], [-2.101137, 57.165086], [-2.102061, 57.16512], [-2.102079, 57.165214], [-2.1024, 57.165222], [-2.102378, 57.165709]]]}, "properties": {"description": "University of Aberdeen, built by Kubelin.", "title": "Aberdeen university", "group": 2324632462, "fill": "#ffcc00"}}, {"type": "Feature", "id": 3819697487, "geometry": {"type": "Polygon", "coordinates": [[[-2.102376, 57.165716], [-2.102429, 57.165731], [-2.102444, 57.165776], [-2.10318, 57.16568], [-2.103247, 57.165963], [-2.10232, 57.166093], [-2.10217, 57.166179], [-2.101313, 57.166079], [-2.101139, 57.165667], [-2.102376, 57.165716]]]}, "properties": {"title": "Aberdeen uni North", "group": 2324632462, "fill": "#e32c31"}}, {"type": "Feature", "id": 2524633055, "geometry": {"type": "Polygon", "coordinates": [[[-2.101121, 57.165666], [-2.100705, 57.165521], [-2.100481, 57.165258], [-2.100462, 57.164735], [-2.100443, 57.164733], [-2.099688, 57.164671], [-2.097426, 57.164526], [-2.097106, 57.162708], [-2.100789, 57.163263], [-2.101846, 57.163289], [-2.102534, 57.163739], [-2.102571, 57.163945], [-2.103168, 57.163918], [-2.103212, 57.164269], [-2.102179, 57.164313], [-2.102459, 57.164296], [-2.102416, 57.16521], [-2.102092, 57.16521], [-2.102086, 57.165116], [-2.101115, 57.165065], [-2.101121, 57.165666]]]}, "properties": {"title": "Aberdeen uni South", "group": 2324632462, "fill": "#e32c31"}}, {"type": "Feature", "id": 368449837, "geometry": {"type": "Polygon", "coordinates": [[[-4.184719, 55.85998], [-4.183242, 55.860671], [-4.180332, 55.860951], [-4.179657, 55.859479], [-4.179616, 55.85908], [-4.179601, 55.858959], [-4.181336, 55.858956], [-4.183756, 55.859259], [-4.184916, 55.859632], [-4.184719, 55.85998]]]}, "properties": {"description": "Plot system location", "title": "Carntyne, Glasgow", "group": 2324632462, "fill": "#f18729"}}, {"type": "Feature", "id": 3504327862, "geometry": {"type": "Polygon", "coordinates": [[[-3.132366, 51.514649], [-3.131163, 51.516845], [-3.130315, 51.516029], [-3.126247, 51.514766], [-3.127506, 51.513789], [-3.12559, 51.51313], [-3.12714, 51.511836], [-3.130897, 51.510356], [-3.131279, 51.511199], [-3.133788, 51.511457], [-3.13332, 51.51292], [-3.132366, 51.514649]]]}, "properties": {"description": "Expanding.", "title": "Cardiff Application Area", "group": 1978510984, "fill": "#f1ae29"}}, {"type": "Feature", "id": 3372349725, "geometry": {"type": "Polygon", "coordinates": [[[-3.937516, 51.619016], [-3.938187, 51.619052], [-3.938022, 51.619897], [-3.937137, 51.620947], [-3.936272, 51.621762], [-3.936457, 51.623003], [-3.936846, 51.622828], [-3.937983, 51.62328], [-3.940462, 51.623449], [-3.940491, 51.624756], [-3.939927, 51.625728], [-3.939237, 51.626385], [-3.938469, 51.626856], [-3.93776, 51.62676], [-3.937264, 51.626078], [-3.938304, 51.625794], [-3.937575, 51.625094], [-3.936467, 51.624937], [-3.935893, 51.622879], [-3.933784, 51.623048], [-3.933444, 51.62164], [-3.934416, 51.621712], [-3.93565, 51.62161], [-3.937011, 51.620427], [-3.937441, 51.619685], [-3.937516, 51.619016]]]}, "properties": {"description": "Odoty", "title": "Swansea Parc Tawe", "group": 1978510984, "fill": "#f1ae29"}}, {"type": "Feature", "id": 612162417, "geometry": {"type": "LineString", "coordinates": [[-3.945138, 51.615112], [-3.944032, 51.61351], [-3.936551, 51.615146], [-3.937357, 51.616714], [-3.945138, 51.615112]]}, "properties": {"title": "Marina (needs fixing)", "group": 1978510984}}, {"type": "Feature", "id": 1391182711, "geometry": {"type": "Polygon", "coordinates": [[[-3.827833, 53.329417], [-3.825198, 53.331341], [-3.824402, 53.331549], [-3.824289, 53.331571], [-3.82435, 53.331644], [-3.824463, 53.331623], [-3.824626, 53.331771], [-3.824439, 53.331803], [-3.82452, 53.331959], [-3.824655, 53.331932], [-3.824628, 53.331872], [-3.824755, 53.331847], [-3.824962, 53.331895], [-3.82525, 53.331924], [-3.825295, 53.331698], [-3.82537, 53.331458], [-3.828039, 53.329428], [-3.828359, 53.329243], [-3.82851, 53.329279], [-3.828699, 53.328846], [-3.829065, 53.328505], [-3.829778, 53.328133], [-3.830775, 53.327722], [-3.830878, 53.327382], [-3.830941, 53.32698], [-3.831076, 53.326816], [-3.831025, 53.326523], [-3.831029, 53.326239], [-3.831234, 53.326064], [-3.831121, 53.326017], [-3.831173, 53.325875], [-3.831419, 53.325706], [-3.830937, 53.325285], [-3.83071, 53.325193], [-3.830216, 53.325013], [-3.829432, 53.324582], [-3.828821, 53.324971], [-3.828245, 53.324718], [-3.826608, 53.324057], [-3.825865, 53.32496], [-3.826255, 53.325117], [-3.828837, 53.326213], [-3.830008, 53.327268], [-3.829831, 53.32743], [-3.829536, 53.327557], [-3.829158, 53.327756], [-3.828894, 53.327974], [-3.82857, 53.328284], [-3.828202, 53.328563], [-3.827833, 53.329417]]]}, "properties": {"title": "Llandudno", "group": 1978510984, "fill": "#3cc954"}}, {"type": "Feature", "id": 1483260474, "geometry": {"type": "Polygon", "coordinates": [[[-3.828827, 53.324938], [-3.829438, 53.324532], [-3.82767, 53.323761], [-3.826885, 53.323472], [-3.826418, 53.323965], [-3.826657, 53.324062], [-3.828827, 53.324938]]]}, "properties": {"title": "Llandudno 2", "group": 1978510984, "fill": "#f18729"}}, {"type": "Feature", "id": 1082287918, "geometry": {"type": "Polygon", "coordinates": [[[-3.949281, 51.620273], [-3.94898, 51.619887], [-3.949498, 51.619718], [-3.949951, 51.620057], [-3.949281, 51.620273]]]}, "properties": {"title": "Swansea Coppergate", "group": 1978510984, "fill": "#f1ae29"}}, {"type": "Feature", "id": 3617685989, "geometry": {"type": "Polygon", "coordinates": [[[-3.949093, 51.62033], [-3.948784, 51.619925], [-3.947527, 51.620293], [-3.947815, 51.620659], [-3.949093, 51.62033]]]}, "properties": {"title": "Swansea Kingsway Parking", "group": 1978510984, "fill": "#fb6033"}}, {"type": "Feature", "id": 2939548646, "geometry": {"type": "Polygon", "coordinates": [[[-3.941474, 51.61688], [-3.940884, 51.616335], [-3.939571, 51.616889], [-3.940204, 51.617419], [-3.941474, 51.61688]]]}, "properties": {"title": "Swansea LC", "group": 1978510984, "fill": "#fff200"}}, {"type": "Feature", "id": 278991818, "geometry": {"type": "Polygon", "coordinates": [[[-3.942386, 51.617369], [-3.942065, 51.61712], [-3.941379, 51.617406], [-3.941138, 51.617893], [-3.941629, 51.617995], [-3.941827, 51.617606], [-3.942386, 51.617369]]]}, "properties": {"title": "Swansea Car Park", "group": 1978510984, "fill": "#3cc954"}}, {"type": "Feature", "id": 4010120572, "geometry": {"type": "Polygon", "coordinates": [[[-3.942004, 51.618225], [-3.941796, 51.618084], [-3.941456, 51.618025], [-3.941154, 51.618113], [-3.941541, 51.618547], [-3.941891, 51.6185], [-3.942004, 51.618225]]]}, "properties": {"title": "Swansea Travelodge", "group": 1978510984, "fill": "#fb6033"}}, {"type": "Feature", "id": 157727141, "geometry": {"type": "Polygon", "coordinates": [[[-3.940589, 51.618401], [-3.93932, 51.618219], [-3.938947, 51.618398], [-3.938706, 51.61882], [-3.939183, 51.618914], [-3.939381, 51.618638], [-3.939612, 51.6187], [-3.93949, 51.618926], [-3.939938, 51.619017], [-3.940136, 51.61868], [-3.940504, 51.618732], [-3.940589, 51.618401]]]}, "properties": {"title": "Swansea VUE", "group": 1978510984, "fill": "#fb6033"}}, {"type": "Feature", "id": 3616237378, "geometry": {"type": "Polygon", "coordinates": [[[-3.945486, 51.618812], [-3.944008, 51.619132], [-3.943843, 51.61906], [-3.942851, 51.619512], [-3.941529, 51.620092], [-3.941296, 51.619892], [-3.940314, 51.620176], [-3.939469, 51.620496], [-3.939755, 51.620872], [-3.940455, 51.620793], [-3.941427, 51.620673], [-3.941758, 51.621632], [-3.942215, 51.621705], [-3.942195, 51.622], [-3.944266, 51.622181], [-3.94447, 51.622], [-3.944985, 51.62168], [-3.944985, 51.621391], [-3.944917, 51.621065], [-3.946035, 51.620932], [-3.945908, 51.620636], [-3.946676, 51.620467], [-3.945879, 51.619538], [-3.945486, 51.618812]]]}, "properties": {"description": "Odoty, Wolm", "title": "Swansea Centre", "group": 1978510984, "fill": "#f1ae29"}}, {"type": "Feature", "id": 3540564722, "geometry": {"type": "Polygon", "coordinates": [[[-4.278379, 53.139082], [-4.278638, 53.139537], [-4.278094, 53.141429], [-4.278281, 53.142351], [-4.278049, 53.142967], [-4.277531, 53.14354], [-4.277298, 53.143401], [-4.277879, 53.142506], [-4.277111, 53.142335], [-4.276155, 53.142972], [-4.275137, 53.142565], [-4.275753, 53.141638], [-4.275262, 53.141332], [-4.275217, 53.140791], [-4.274002, 53.140823], [-4.27377, 53.140464], [-4.274181, 53.139853], [-4.27301, 53.139816], [-4.273037, 53.139559], [-4.273225, 53.138878], [-4.274225, 53.139034], [-4.27385, 53.138632], [-4.274368, 53.138069], [-4.276521, 53.138771], [-4.278397, 53.138782], [-4.278379, 53.139082]]]}, "properties": {"title": "Caernaforn", "group": 1978510984, "fill": "#fff200"}}, {"type": "Feature", "id": 802837889, "geometry": {"type": "Polygon", "coordinates": [[[-4.415395, 53.135417], [-4.41544, 53.135442], [-4.415536, 53.135339], [-4.415693, 53.13524], [-4.415664, 53.13515], [-4.415597, 53.135139], [-4.415495, 53.135163], [-4.415454, 53.13519], [-4.41547, 53.135284], [-4.415395, 53.135417]]]}, "properties": {"description": "lighthouse near anglesey\n\nlegoworks1234", "title": "Goleudy Twr Mawr", "group": 1978510984, "fill": "#fff700"}}, {"type": "Feature", "id": 2981450664, "geometry": {"type": "Polygon", "coordinates": [[[-3.826458, 53.279729], [-3.825946, 53.279717], [-3.825721, 53.279738], [-3.825607, 53.27971], [-3.825512, 53.279764], [-3.825209, 53.279823], [-3.825134, 53.279828], [-3.825071, 53.279856], [-3.824823, 53.279922], [-3.824693, 53.279908], [-3.824653, 53.279974], [-3.824744, 53.280004], [-3.824637, 53.280066], [-3.824653, 53.280143], [-3.824527, 53.280181], [-3.82446, 53.280285], [-3.824594, 53.28053], [-3.82524, 53.280365], [-3.82563, 53.28036], [-3.826174, 53.280339], [-3.826478, 53.280315], [-3.826608, 53.280278], [-3.826549, 53.280035], [-3.826458, 53.279729]]]}, "properties": {"description": "Conwy Castle is a fortification in Conwy, located in North Wales. It was built by Edward I, during his conquest of Wales, between 1283 and 1287. Constructed as part of a wider project to create the walled town of Conwy, the combined defences cost around £15,000, a massive sum for the period.", "title": "Conwy Castle", "group": 1978510984, "fill": "#ff3a15"}}, {"type": "Feature", "id": 2795652422, "geometry": {"type": "LineString", "coordinates": [[-3.233486, 54.1154], [-3.235526, 54.114184], [-3.233598, 54.112981], [-3.232201, 54.113701], [-3.231682, 54.113464], [-3.231524, 54.113565], [-3.231239, 54.113566], [-3.23079, 54.113289], [-3.230474, 54.113466], [-3.230034, 54.113685], [-3.230519, 54.113984], [-3.230515, 54.114105], [-3.230386, 54.114183], [-3.231353, 54.114762], [-3.231547, 54.114662], [-3.232063, 54.114988], [-3.232407, 54.114807], [-3.233486, 54.1154]]}, "properties": {"stroke": "#5fdcf2", "title": "Ramseden Square + Hindpool Retail Park", "group": 4054877720}}, {"type": "Feature", "id": 211627806, "geometry": {"type": "LineString", "coordinates": [[-3.235647, 54.114188], [-3.238021, 54.112866], [-3.23932, 54.113888], [-3.240225, 54.114934], [-3.24075, 54.114773], [-3.242704, 54.114857], [-3.242848, 54.115249], [-3.241261, 54.115849], [-3.241432, 54.116602], [-3.238441, 54.116518], [-3.238297, 54.116026], [-3.235647, 54.114188]]}, "properties": {"stroke": "#5fdcf2", "title": "Upper Hindpool Retail Park", "group": 4054877720}}, {"type": "Feature", "id": 1464590303, "geometry": {"type": "LineString", "coordinates": [[-3.231135, 54.114638], [-3.23006, 54.115211], [-3.231556, 54.116154], [-3.232849, 54.115444], [-3.231541, 54.114664], [-3.231361, 54.114752], [-3.231135, 54.114638]]}, "properties": {"stroke": "#fff700", "title": "Terrace House's", "group": 4054877720}}, {"type": "Feature", "id": 961921641, "geometry": {"type": "LineString", "coordinates": [[-3.227396, 54.1096], [-3.227777, 54.108812], [-3.223505, 54.107705], [-3.222994, 54.108345], [-3.224779, 54.10928], [-3.225871, 54.109498], [-3.227396, 54.1096]]}, "properties": {"description": "Mostly Done", "title": "Morisons", "group": 4054877720}}, {"type": "Feature", "id": 4026162649, "geometry": {"type": "Polygon", "coordinates": [[[-3.226645, 54.110712], [-3.226148, 54.110683], [-3.224627, 54.109511], [-3.224554, 54.109266], [-3.225881, 54.1095], [-3.227421, 54.109621], [-3.226645, 54.110712]]]}, "properties": {"description": "Doin Now", "title": "triangle", "group": 4054877720}}, {"type": "Feature", "id": 2817499300, "geometry": {"type": "Polygon", "coordinates": [[[-1.892968, 52.478686], [-1.892528, 52.479315], [-1.889548, 52.47819], [-1.888514, 52.477828], [-1.888752, 52.477651], [-1.889314, 52.477788], [-1.890175, 52.477768], [-1.8901, 52.477956], [-1.892968, 52.478686]]]}, "properties": {"description": "Yindee8191", "title": "Birmingham Moor Street", "group": 2063151423, "fill": "#ffcc00"}}, {"type": "Feature", "id": 1755396179, "geometry": {"type": "Polygon", "coordinates": [[[-1.79275, 52.394565], [-1.779278, 52.3937], [-1.771774, 52.391681], [-1.781346, 52.385298], [-1.786427, 52.379744], [-1.788082, 52.37996], [-1.803385, 52.388832], [-1.802853, 52.390887], [-1.800549, 52.391212], [-1.79659, 52.393087], [-1.79275, 52.394565]]]}, "properties": {"description": "Retired PBS Location", "title": "Monkspath", "group": 2063151423, "fill": "#f18729"}}, {"type": "Feature", "id": 3539582978, "geometry": {"type": "Polygon", "coordinates": [[[-1.892891, 52.481772], [-1.890995, 52.481496], [-1.890265, 52.482267], [-1.891018, 52.48269], [-1.891539, 52.482875], [-1.892891, 52.481772]]]}, "properties": {"title": "Exchange Square", "group": 2063151423, "fill": "#ffcc00"}}, {"type": "Feature", "id": 977008686, "geometry": {"type": "Polygon", "coordinates": [[[-1.868847, 52.515358], [-1.86841, 52.515535], [-1.867476, 52.514712], [-1.867147, 52.514378], [-1.866639, 52.513884], [-1.866386, 52.513645], [-1.866177, 52.513466], [-1.865865, 52.513264], [-1.865576, 52.513113], [-1.86514, 52.512908], [-1.864912, 52.512787], [-1.864639, 52.512632], [-1.864378, 52.512441], [-1.864122, 52.512194], [-1.864039, 52.512089], [-1.863923, 52.511918], [-1.863819, 52.51173], [-1.863671, 52.511451], [-1.863586, 52.511307], [-1.863434, 52.511133], [-1.863231, 52.510985], [-1.862988, 52.510857], [-1.862756, 52.510769], [-1.861323, 52.510445], [-1.860931, 52.510309], [-1.859517, 52.510241], [-1.859319, 52.510148], [-1.859248, 52.510063], [-1.858822, 52.509996], [-1.858116, 52.510213], [-1.856216, 52.510783], [-1.855419, 52.510931], [-1.855205, 52.510703], [-1.858372, 52.509662], [-1.85841, 52.509592], [-1.858451, 52.509257], [-1.858426, 52.509107], [-1.858286, 52.508988], [-1.856679, 52.508434], [-1.854891, 52.507914], [-1.853475, 52.507768], [-1.853397, 52.507542], [-1.854644, 52.507577], [-1.855738, 52.507801], [-1.856824, 52.50814], [-1.857406, 52.508384], [-1.857745, 52.507642], [-1.862138, 52.509064], [-1.862666, 52.509268], [-1.861136, 52.508691], [-1.86385, 52.507884], [-1.867015, 52.506939], [-1.868734, 52.506875], [-1.870408, 52.507058], [-1.870679, 52.508021], [-1.873513, 52.508132], [-1.873664, 52.508324], [-1.870565, 52.509479], [-1.869873, 52.50976], [-1.868927, 52.510365], [-1.868236, 52.51079], [-1.867448, 52.511334], [-1.867078, 52.511821], [-1.866896, 52.512418], [-1.867053, 52.513053], [-1.867363, 52.513581], [-1.868847, 52.515358]]]}, "properties": {"description": "PlaneCal", "title": "Spaghetti Junction", "group": 2063151423, "fill": "#ffcc00"}}, {"type": "Feature", "id": 1623622071, "geometry": {"type": "Polygon", "coordinates": [[[-1.898027, 52.477031], [-1.897213, 52.477261], [-1.896675, 52.477182], [-1.896974, 52.476536], [-1.898027, 52.477031]]]}, "properties": {"description": "ELgamer", "title": "TK Maxx", "group": 2063151423, "fill": "#3cc954"}}, {"type": "Feature", "id": 2874906233, "geometry": {"type": "Polygon", "coordinates": [[[0.926787, 51.880582], [0.926484, 51.880207], [0.926787, 51.879463], [0.927821, 51.878644], [0.929272, 51.879381], [0.929604, 51.879487], [0.9341, 51.87735], [0.935362, 51.877584], [0.935551, 51.878339], [0.932032, 51.881899], [0.931283, 51.880781], [0.930667, 51.880851], [0.930278, 51.880699], [0.930164, 51.880488], [0.929453, 51.880383], [0.927394, 51.880441], [0.926787, 51.880582]]]}, "properties": {"description": "ELgamer", "title": "Quayside + Maltings", "group": 2116166683, "fill": "#f1ae29"}}, {"type": "Feature", "id": 571841757, "geometry": {"type": "Polygon", "coordinates": [[[0.935581, 51.878982], [0.936229, 51.878363], [0.93838, 51.879079], [0.939331, 51.878912], [0.940396, 51.878086], [0.941179, 51.878086], [0.941796, 51.877261], [0.942117, 51.875589], [0.943454, 51.87566], [0.943579, 51.874622], [0.943141, 51.87408], [0.943329, 51.873648], [0.944039, 51.873403], [0.947569, 51.8737], [0.95081, 51.874159], [0.948711, 51.875829], [0.948324, 51.877274], [0.946935, 51.877977], [0.945995, 51.877422], [0.94542, 51.877957], [0.946287, 51.878718], [0.945044, 51.88013], [0.941264, 51.878589], [0.94118, 51.879917], [0.940386, 51.880091], [0.940115, 51.879937], [0.940031, 51.87964], [0.938684, 51.879227], [0.93788, 51.879924], [0.935581, 51.878982]]]}, "properties": {"description": "ELgamer", "title": "University of Essex (Colchester Campus)", "group": 2116166683, "fill": "#cc1b15"}}, {"type": "Feature", "id": 3994093448, "geometry": {"type": "Polygon", "coordinates": [[[-0.021272, 51.504121], [-0.021814, 51.501832], [-0.021808, 51.501326], [-0.021675, 51.501205], [-0.021286, 51.50104], [-0.019819, 51.500711], [-0.019451, 51.500638], [-0.018763, 51.500551], [-0.018241, 51.50049], [-0.017942, 51.500348], [-0.017713, 51.500192], [-0.017331, 51.500105], [-0.016948, 51.500036], [-0.015683, 51.499867], [-0.015527, 51.499911], [-0.014151, 51.49972], [-0.013935, 51.499608], [-0.01381, 51.4994], [-0.013915, 51.498711], [-0.014342, 51.49696], [-0.014453, 51.496341], [-0.014328, 51.496337], [-0.013737, 51.499085], [-0.013724, 51.499449], [-0.013842, 51.499643], [-0.014092, 51.499777], [-0.015625, 51.500007], [-0.015632, 51.500076], [-0.016932, 51.500202], [-0.01705, 51.500158], [-0.017607, 51.500276], [-0.017927, 51.500427], [-0.018142, 51.500535], [-0.018997, 51.500657], [-0.019699, 51.500778], [-0.020471, 51.500951], [-0.021327, 51.501146], [-0.021605, 51.501285], [-0.021716, 51.501436], [-0.02155, 51.502384], [-0.021132, 51.504097], [-0.021272, 51.504121]]]}, "properties": {"description": "Yindee8191", "title": "Isle of Dogs DLR", "group": 1208017137, "fill": "#3cc954"}}, {"type": "Feature", "id": 2055582975, "geometry": {"type": "Polygon", "coordinates": [[[-0.002801, 51.482389], [-0.002066, 51.481259], [-0.005432, 51.480139], [-0.006422, 51.481292], [-0.002801, 51.482389]]]}, "properties": {"description": "ExplodedBunny", "title": "Queen's House", "group": 1208017137, "fill": "#a0c514"}}, {"type": "Feature", "id": 4284214447, "geometry": {"type": "Polygon", "coordinates": [[[-0.013387, 51.464578], [-0.013818, 51.465156], [-0.01422, 51.465461], [-0.014787, 51.46581], [-0.015265, 51.466006], [-0.013027, 51.465509], [-0.012413, 51.464493], [-0.013387, 51.464578]]]}, "properties": {"description": "UK Transport Gang", "title": "Lewisham Station/DLR", "group": 1208017137, "fill": "#ffcc00"}}, {"type": "Feature", "id": 4553948, "geometry": {"type": "Polygon", "coordinates": [[[-0.019497, 51.491107], [-0.019458, 51.491455], [-0.017811, 51.491375], [-0.017811, 51.491024], [-0.019497, 51.491107]]]}, "properties": {"description": "CTCuberHD", "title": "Isle of Dogs - CTCuberHD", "group": 1208017137, "fill": "#3cc954"}}, {"type": "Feature", "id": 3490137428, "geometry": {"type": "Polygon", "coordinates": [[[-0.019272, 51.492442], [-0.01777, 51.492331], [-0.017824, 51.491369], [-0.019438, 51.491456], [-0.019272, 51.492442]]]}, "properties": {"description": "CTCuberHD", "title": "Isle of Dogs - CTCuberHD", "group": 1208017137, "fill": "#ffcc00"}}, {"type": "Feature", "id": 2487676548, "geometry": {"type": "Polygon", "coordinates": [[[-0.016762, 51.492754], [-0.016192, 51.49273], [-0.016369, 51.491315], [-0.016572, 51.491141], [-0.016901, 51.491244], [-0.016762, 51.492754]]]}, "properties": {"description": "CTCuberHD", "title": "Clippers Quay", "group": 1208017137, "fill": "#ffcc00"}}, {"type": "Feature", "id": 1765299688, "geometry": {"type": "Polygon", "coordinates": [[[-0.006785, 51.49403], [-0.005701, 51.494237], [-0.005106, 51.493422], [-0.006265, 51.493109], [-0.006785, 51.49403]]]}, "properties": {"description": "Planecal", "title": "Isle of Dogs - Planecal", "group": 1208017137, "fill": "#f1ae29"}}, {"type": "Feature", "id": 1518111621, "geometry": {"type": "Polygon", "coordinates": [[[-0.019409, 51.498977], [-0.019302, 51.499457], [-0.018711, 51.499411], [-0.018813, 51.498923], [-0.019409, 51.498977]]]}, "properties": {"description": "lukaOT", "title": "Sirocco", "group": 1208017137, "fill": "#ffcc00"}}, {"type": "Feature", "id": 3274310144, "geometry": {"type": "Polygon", "coordinates": [[[-0.019265, 51.506419], [-0.019335, 51.506141], [-0.015349, 51.505744], [-0.015279, 51.505988], [-0.019265, 51.506419]]]}, "properties": {"description": "Team Build", "title": "Crossrail Place", "group": 1208017137, "fill": "#f18729"}}, {"type": "Feature", "id": 3926130340, "geometry": {"type": "Polygon", "coordinates": [[[-0.015203, 51.506165], [-0.019536, 51.506648], [-0.023766, 51.507101], [-0.023781, 51.507166], [-0.023755, 51.507257], [-0.024081, 51.507287], [-0.024367, 51.506354], [-0.023999, 51.506311], [-0.023832, 51.506421], [-0.022803, 51.506311], [-0.022803, 51.506239], [-0.02248, 51.50621], [-0.02215, 51.506334], [-0.019323, 51.506038], [-0.019295, 51.506115], [-0.019382, 51.50613], [-0.019288, 51.50644], [-0.015261, 51.506009], [-0.015203, 51.506165]]]}, "properties": {"description": "George112n", "title": "North Dock", "group": 1208017137, "fill": "#3cc954"}}, {"type": "Feature", "id": 3320945061, "geometry": {"type": "Polygon", "coordinates": [[[-0.019532, 51.506038], [-0.019743, 51.505385], [-0.019166, 51.505322], [-0.018942, 51.50609], [-0.019278, 51.506117], [-0.019301, 51.506021], [-0.019532, 51.506038]]]}, "properties": {"description": "George112n", "title": "Adam's Plaza", "group": 1208017137, "fill": "#f1ae29"}}, {"type": "Feature", "id": 3206529467, "geometry": {"type": "Polygon", "coordinates": [[[-0.022789, 51.504919], [-0.022908, 51.504474], [-0.022686, 51.504266], [-0.021431, 51.504123], [-0.021264, 51.504696], [-0.022789, 51.504919]]]}, "properties": {"title": "Canary wharf 35", "group": 1208017137, "fill": "#f1ae29"}}, {"type": "Feature", "id": 1380615937, "geometry": {"type": "Polygon", "coordinates": [[[0.025717, 51.509271], [0.02575, 51.508564], [0.024777, 51.508614], [0.024732, 51.507997], [0.024745, 51.507395], [0.025735, 51.507385], [0.025894, 51.50706], [0.033131, 51.506944], [0.034765, 51.507217], [0.034666, 51.509244], [0.025717, 51.509271]]]}, "properties": {"description": "MykelVex", "title": "ExCel", "group": 1208017137, "fill": "#3cc954"}}, {"type": "Feature", "id": 2206239893, "geometry": {"type": "Polygon", "coordinates": [[[-0.020933, 51.504118], [-0.020792, 51.504638], [-0.019905, 51.504543], [-0.020082, 51.503998], [-0.020933, 51.504118]]]}, "properties": {"title": "Canary Wharf Reuters", "group": 1208017137, "fill": "#3cc954"}}, {"type": "Feature", "id": 871772247, "geometry": {"type": "Polygon", "coordinates": [[[-0.021413, 51.504131], [-0.02122, 51.504914], [-0.02216, 51.505031], [-0.022045, 51.505479], [-0.021131, 51.505362], [-0.020839, 51.506197], [-0.020328, 51.506145], [-0.020542, 51.505297], [-0.019989, 51.505238], [-0.020067, 51.5048], [-0.020683, 51.504852], [-0.020964, 51.504072], [-0.021413, 51.504131]]]}, "properties": {"description": "Yindee", "title": "CW DLR - Yindee", "group": 1208017137, "fill": "#fff200"}}, {"type": "Feature", "id": 2374440055, "geometry": {"type": "Polygon", "coordinates": [[[-0.02032, 51.506137], [-0.019549, 51.50604], [-0.019752, 51.505394], [-0.020488, 51.505448], [-0.02032, 51.506137]]]}, "properties": {"description": "Stillsquare", "title": "CW 25 -Stillsquare", "group": 1208017137, "fill": "#f18729"}}, {"type": "Feature", "id": 559162244, "geometry": {"type": "Polygon", "coordinates": [[[-0.020528, 51.507504], [-0.020696, 51.506953], [-0.021717, 51.507068], [-0.021524, 51.507599], [-0.020528, 51.507504]]]}, "properties": {"description": "SoleSol06", "title": "CW Marriott - SoleSol06", "group": 1208017137, "fill": "#3cc954"}}, {"type": "Feature", "id": 2352911766, "geometry": {"type": "Polygon", "coordinates": [[[-0.024204, 51.505335], [-0.024424, 51.504448], [-0.023572, 51.504386], [-0.023265, 51.504484], [-0.023108, 51.504931], [-0.023775, 51.505018], [-0.02367, 51.505256], [-0.024204, 51.505335]]]}, "properties": {"description": "CTCuberHD", "title": "25 Cabot Square", "group": 1208017137, "fill": "#fff700"}}, {"type": "Feature", "id": 2735736443, "geometry": {"type": "Polygon", "coordinates": [[[-0.029036, 51.507862], [-0.029019, 51.50739], [-0.027696, 51.507648], [-0.027422, 51.506325], [-0.026884, 51.506435], [-0.02632, 51.50633], [-0.025967, 51.506105], [-0.025808, 51.505842], [-0.025887, 51.50554], [-0.023647, 51.505276], [-0.023727, 51.505035], [-0.023091, 51.504936], [-0.023224, 51.504486], [-0.022942, 51.504453], [-0.0228, 51.504925], [-0.021283, 51.504694], [-0.021257, 51.504914], [-0.022157, 51.505029], [-0.022024, 51.505479], [-0.021177, 51.505359], [-0.02086, 51.506198], [-0.022139, 51.506336], [-0.022474, 51.506188], [-0.022827, 51.50622], [-0.022827, 51.506325], [-0.023824, 51.506418], [-0.023991, 51.506314], [-0.024388, 51.506352], [-0.024106, 51.507307], [-0.023978, 51.507305], [-0.023975, 51.507402], [-0.025024, 51.507495], [-0.025204, 51.506992], [-0.027111, 51.507175], [-0.02713, 51.507595], [-0.027025, 51.507915], [-0.027404, 51.507993], [-0.027885, 51.50801], [-0.028187, 51.507985], [-0.028347, 51.507902], [-0.029036, 51.507862]]]}, "properties": {"title": "CW North West", "group": 1208017137, "fill": "#3cc954"}}, {"type": "Feature", "id": 3438658056, "geometry": {"type": "Polygon", "coordinates": [[[-0.01894, 51.506091], [-0.019158, 51.505311], [-0.01714, 51.5051], [-0.016879, 51.505895], [-0.01894, 51.506091]]]}, "properties": {"title": "CW HSBC", "group": 1208017137, "fill": "#f18729"}}, {"type": "Feature", "id": 2297105791, "geometry": {"type": "Polygon", "coordinates": [[[-0.01995, 51.505238], [-0.020087, 51.504774], [-0.019097, 51.504645], [-0.018965, 51.505143], [-0.01995, 51.505238]]]}, "properties": {"description": "DasBirnenDing", "title": "One Canada Square -DasBirnenDing", "group": 1208017137, "fill": "#3cc954"}}, {"type": "Feature", "id": 1481672436, "geometry": {"type": "Polygon", "coordinates": [[[-0.041392, 51.58705], [-0.041292, 51.58679], [-0.040614, 51.586843], [-0.040752, 51.587103], [-0.041392, 51.58705]]]}, "properties": {"description": "Gerg2012", "title": "Blackhorse Road Station", "group": 1208017137, "fill": "#ff3a15"}}, {"type": "Feature", "id": 3837687363, "geometry": {"type": "Polygon", "coordinates": [[[-0.030456, 51.588547], [-0.02996, 51.588696], [-0.030081, 51.588823], [-0.029316, 51.589011], [-0.029224, 51.588947], [-0.028825, 51.589043], [-0.028815, 51.589136], [-0.028621, 51.589183], [-0.028311, 51.589281], [-0.028348, 51.589419], [-0.028001, 51.589462], [-0.028062, 51.589615], [-0.028167, 51.589848], [-0.02844, 51.589805], [-0.02882, 51.5907], [-0.029585, 51.590568], [-0.029682, 51.590452], [-0.029832, 51.590439], [-0.030187, 51.590052], [-0.0304, 51.590015], [-0.030122, 51.589551], [-0.030345, 51.589492], [-0.030408, 51.589525], [-0.030911, 51.589351], [-0.030645, 51.589136], [-0.030787, 51.589063], [-0.030708, 51.588958], [-0.030861, 51.588883], [-0.030605, 51.588576], [-0.030497, 51.588603], [-0.030456, 51.588547]]]}, "properties": {"description": "Gerg2012", "title": "Walthamstow", "group": 1208017137, "fill": "#3cc954"}}, {"type": "Feature", "id": 2840738217, "geometry": {"type": "Polygon", "coordinates": [[[-0.000674, 51.539307], [-0.000359, 51.539191], [-0.001074, 51.5386], [-0.000736, 51.53835], [-0.000163, 51.538774], [-0.000601, 51.538925], [-0.000317, 51.539172], [0.000766, 51.538818], [0.001087, 51.53915], [0.000493, 51.539324], [0.000726, 51.539583], [0.000295, 51.539736], [0.001299, 51.540521], [0.001081, 51.540854], [0.001245, 51.541007], [0.000497, 51.541243], [0.000417, 51.54111], [0.001029, 51.540824], [0.001063, 51.540762], [0.000457, 51.54043], [0.000115, 51.540555], [-5.3e-05, 51.540406], [-0.000728, 51.540517], [-0.001439, 51.54042], [-0.001865, 51.541513], [-0.002148, 51.541455], [-0.001691, 51.540346], [-0.002025, 51.540304], [-0.001548, 51.539336], [-0.000817, 51.539515], [-0.000674, 51.539307]]]}, "properties": {"description": "MKS", "title": "Stratford", "group": 1208017137, "fill": "#fff200"}}, {"type": "Feature", "id": 3621200347, "geometry": {"type": "Polygon", "coordinates": [[[-0.037515, 51.587587], [-0.037292, 51.587047], [-0.036261, 51.587211], [-0.036335, 51.587522], [-0.035356, 51.587677], [-0.035408, 51.587765], [-0.037515, 51.587587]]]}, "properties": {"description": "Gerg2012", "title": "Walthamstow #2", "group": 1208017137, "fill": "#fff200"}}, {"type": "Feature", "id": 720730823, "geometry": {"type": "Polygon", "coordinates": [[[0.021926, 51.50832], [0.021905, 51.508463], [0.022032, 51.508572], [0.022514, 51.508544], [0.022206, 51.508286], [0.021926, 51.50832]]]}, "properties": {"description": "Sole", "title": "Royal Eden Docks", "group": 1208017137, "fill": "#3cc954"}}, {"type": "Feature", "id": 2566729993, "geometry": {"type": "Polygon", "coordinates": [[[0.02482, 51.508619], [0.025743, 51.508561], [0.025665, 51.509269], [0.025751, 51.509622], [0.025751, 51.509896], [0.020444, 51.509441], [0.018107, 51.50922], [0.017716, 51.509162], [0.017098, 51.507796], [0.017879, 51.507805], [0.017702, 51.507637], [0.017957, 51.507526], [0.01832, 51.507809], [0.018512, 51.507796], [0.018732, 51.50765], [0.018767, 51.507425], [0.023889, 51.507345], [0.023912, 51.507054], [0.025901, 51.507054], [0.025695, 51.507368], [0.024743, 51.507377], [0.02482, 51.508619]]]}, "properties": {"title": "Event Area", "group": 1208017137, "fill": "#fff700"}}, {"type": "Feature", "id": 4245981480, "geometry": {"type": "Polygon", "coordinates": [[[-2.077283, 51.902885], [-2.07736, 51.902764], [-2.077397, 51.902694], [-2.07732, 51.902625], [-2.077258, 51.902496], [-2.077464, 51.902354], [-2.077224, 51.902237], [-2.077197, 51.902145], [-2.077086, 51.902098], [-2.077113, 51.902049], [-2.076913, 51.90193], [-2.077008, 51.901865], [-2.076903, 51.901814], [-2.076762, 51.901683], [-2.076608, 51.901759], [-2.076479, 51.901695], [-2.076301, 51.90166], [-2.076126, 51.901672], [-2.075907, 51.901586], [-2.075757, 51.901676], [-2.075972, 51.90182], [-2.075793, 51.901901], [-2.075441, 51.902236], [-2.075524, 51.902334], [-2.075626, 51.902568], [-2.075371, 51.902854], [-2.075215, 51.903019], [-2.075218, 51.903106], [-2.075022, 51.903391], [-2.074902, 51.90343], [-2.07528, 51.903681], [-2.075563, 51.903819], [-2.075917, 51.903963], [-2.076375, 51.904111], [-2.076701, 51.903654], [-2.077, 51.90315], [-2.077145, 51.90299], [-2.077234, 51.902947], [-2.077283, 51.902885]]]}, "properties": {"description": "Noice4life [Noice4life#1989]", "title": "Cheltenham Town Centre", "group": 1101310907, "fill": "#fff700"}}, {"type": "Feature", "id": 2344763625, "geometry": {"type": "Polygon", "coordinates": [[[-2.127176, 51.899858], [-2.127022, 51.900239], [-2.126576, 51.900681], [-2.126275, 51.90069], [-2.12569, 51.901004], [-2.12505, 51.901156], [-2.124434, 51.901223], [-2.1222, 51.900771], [-2.121999, 51.900614], [-2.121622, 51.900491], [-2.121383, 51.900182], [-2.121291, 51.899806], [-2.121275, 51.899421], [-2.121329, 51.899079], [-2.121214, 51.899007], [-2.121291, 51.898898], [-2.120721, 51.898703], [-2.121078, 51.898258], [-2.121694, 51.897802], [-2.122627, 51.897388], [-2.122811, 51.897403], [-2.122958, 51.897479], [-2.123189, 51.897384], [-2.123405, 51.897483], [-2.12369, 51.897507], [-2.124252, 51.897483], [-2.124861, 51.897502], [-2.125369, 51.897693], [-2.126209, 51.898325], [-2.126923, 51.898964], [-2.127176, 51.899858]]]}, "properties": {"description": "Shuppin", "title": "GCHQ", "group": 1101310907, "fill": "#a0c514"}}, {"type": "Feature", "id": 3288396669, "geometry": {"type": "Polygon", "coordinates": [[[-2.2551, 51.860553], [-2.256061, 51.860573], [-2.257958, 51.861621], [-2.257638, 51.862037], [-2.257422, 51.862269], [-2.257278, 51.862393], [-2.256485, 51.862694], [-2.254572, 51.863035], [-2.25391, 51.86349], [-2.253309, 51.864341], [-2.252877, 51.864697], [-2.252661, 51.864637], [-2.252669, 51.864355], [-2.252821, 51.863985], [-2.252925, 51.863792], [-2.253598, 51.862996], [-2.253325, 51.862872], [-2.253333, 51.862561], [-2.252936, 51.862403], [-2.252318, 51.863176], [-2.251637, 51.862986], [-2.251872, 51.862642], [-2.25179, 51.862493], [-2.251972, 51.862337], [-2.250692, 51.861996], [-2.251413, 51.861167], [-2.250649, 51.860871], [-2.25071, 51.860424], [-2.250625, 51.859506], [-2.249767, 51.859463], [-2.249659, 51.858619], [-2.249145, 51.858012], [-2.249783, 51.857811], [-2.249385, 51.857174], [-2.249664, 51.856984], [-2.249972, 51.856924], [-2.249493, 51.856435], [-2.249253, 51.856255], [-2.251259, 51.857023], [-2.25461, 51.857121], [-2.254566, 51.85778], [-2.254527, 51.858308], [-2.256498, 51.858748], [-2.256321, 51.858989], [-2.254555, 51.858545], [-2.254232, 51.859269], [-2.253497, 51.85943], [-2.252957, 51.859988], [-2.253697, 51.860125], [-2.253065, 51.860752], [-2.253891, 51.860984], [-2.254108, 51.860681], [-2.2547, 51.860819], [-2.254923, 51.860498], [-2.2551, 51.860553]]]}, "properties": {"description": "King___Crimson__ (JackyB#2434)", "title": "Gloucester Docks", "group": 1101310907, "fill": "#a0c514"}}, {"type": "Feature", "id": 3206127787, "geometry": {"type": "Polygon", "coordinates": [[[-2.205417, 51.873867], [-2.205112, 51.873506], [-2.204916, 51.873574], [-2.204759, 51.873423], [-2.204291, 51.873257], [-2.204229, 51.873257], [-2.204098, 51.873206], [-2.204138, 51.873156], [-2.203415, 51.872338], [-2.203386, 51.872278], [-2.203495, 51.872081], [-2.202662, 51.870923], [-2.20514, 51.87004], [-2.20628, 51.871442], [-2.207718, 51.873099], [-2.205417, 51.873867]]]}, "properties": {"description": "Noice4life", "title": "Sir Thomas Rich's School", "group": 1101310907, "fill": "#a0c514"}}, {"type": "Feature", "id": 1981964589, "geometry": {"type": "Polygon", "coordinates": [[[-2.26067, 51.823405], [-2.261002, 51.823333], [-2.261084, 51.823694], [-2.260528, 51.823853], [-2.260833, 51.824175], [-2.26021, 51.824552], [-2.260596, 51.824774], [-2.260338, 51.824912], [-2.260203, 51.824782], [-2.260047, 51.824912], [-2.259756, 51.824874], [-2.258983, 51.824439], [-2.259119, 51.824364], [-2.259444, 51.824548], [-2.259634, 51.824384], [-2.259437, 51.824276], [-2.259674, 51.824062], [-2.259776, 51.823957], [-2.259512, 51.823689], [-2.257811, 51.823312], [-2.257947, 51.823057], [-2.2596, 51.823384], [-2.260101, 51.823631], [-2.26021, 51.82374], [-2.260426, 51.823731], [-2.260636, 51.823668], [-2.26067, 51.823405]]]}, "properties": {"description": "built by jaeden,thomas and james", "title": "Tuffley", "group": 1101310907, "fill": "#3cff54"}}, {"type": "Feature", "id": 3104007982, "geometry": {"type": "LineString", "coordinates": [[-2.26109, 51.842357], [-2.259757, 51.843644], [-2.258946, 51.843355], [-2.259041, 51.843268], [-2.258782, 51.843202], [-2.258846, 51.843127], [-2.258132, 51.842978], [-2.258392, 51.842569], [-2.257704, 51.842426], [-2.257741, 51.842337], [-2.257837, 51.842349], [-2.257927, 51.842311], [-2.257977, 51.84222], [-2.258324, 51.841557], [-2.258677, 51.841186], [-2.256693, 51.839335], [-2.256752, 51.839291], [-2.258786, 51.841144], [-2.259097, 51.841011], [-2.259362, 51.840903], [-2.259424, 51.840876], [-2.258962, 51.840455], [-2.257349, 51.838952], [-2.257043, 51.838504], [-2.257083, 51.838356], [-2.257039, 51.838336], [-2.256923, 51.838345], [-2.256771, 51.838453], [-2.256548, 51.838522], [-2.256208, 51.838568], [-2.255986, 51.83861], [-2.255888, 51.838648], [-2.255798, 51.838746], [-2.255815, 51.838968], [-2.25583, 51.839101], [-2.256252, 51.839139], [-2.256527, 51.83918], [-2.256753, 51.839292], [-2.256693, 51.839333], [-2.256571, 51.83927], [-2.256411, 51.839216], [-2.256209, 51.839205], [-2.255895, 51.839209], [-2.255828, 51.83928], [-2.25571, 51.839284], [-2.255673, 51.8395], [-2.255363, 51.840886], [-2.253509, 51.84036], [-2.252197, 51.84164], [-2.250094, 51.840312], [-2.247722, 51.840034], [-2.246221, 51.840503], [-2.245775, 51.840279], [-2.2468, 51.839542], [-2.246599, 51.839466], [-2.247144, 51.838997], [-2.246703, 51.839027], [-2.246685, 51.838906], [-2.247264, 51.83883], [-2.247792, 51.838321], [-2.248073, 51.838399], [-2.247604, 51.838828], [-2.25482, 51.838211], [-2.256651, 51.837777], [-2.256658, 51.837793], [-2.256824, 51.837768], [-2.257018, 51.837836], [-2.257068, 51.837952], [-2.257456, 51.837944], [-2.257427, 51.838115], [-2.257025, 51.83823], [-2.257071, 51.838259], [-2.257172, 51.838289], [-2.257275, 51.838289], [-2.257267, 51.838348], [-2.257199, 51.838373], [-2.257191, 51.838504], [-2.257257, 51.838688], [-2.257424, 51.838927], [-2.258473, 51.839893], [-2.25862, 51.839841], [-2.25869, 51.839909], [-2.258951, 51.839801], [-2.259182, 51.840011], [-2.259966, 51.840746], [-2.259805, 51.840806], [-2.259722, 51.840828], [-2.259672, 51.840849], [-2.258696, 51.841285], [-2.258592, 51.84142], [-2.258639, 51.841465], [-2.258598, 51.84152], [-2.258483, 51.841551], [-2.258086, 51.84232], [-2.258077, 51.842387], [-2.258163, 51.842434], [-2.259361, 51.842672], [-2.259614, 51.842266], [-2.259974, 51.842239], [-2.260018, 51.842157], [-2.260647, 51.842244], [-2.26109, 51.842357]]}, "properties": {"description": "Built by PrankishShAmUs", "stroke": "#00ff00", "title": "Podsmead", "group": 1101310907}}, {"type": "Feature", "id": 2214509822, "geometry": {"type": "LineString", "coordinates": [[-2.258818, 51.842544], [-2.259116, 51.842035], [-2.259291, 51.842071], [-2.259365, 51.841922], [-2.259489, 51.841954], [-2.259548, 51.841868], [-2.26009, 51.842008], [-2.25998, 51.842239], [-2.259621, 51.842261], [-2.259455, 51.842451], [-2.259314, 51.842652], [-2.258803, 51.842551]]}, "properties": {"description": "Being Built By PrankishShAmUs", "stroke": "#ffcc00", "title": "Podsmead", "group": 1101310907}}, {"type": "Feature", "id": 150710408, "geometry": {"type": "LineString", "coordinates": [[-2.256932, 51.838355], [-2.257034, 51.838347], [-2.257065, 51.83836], [-2.257011, 51.838505], [-2.257315, 51.838964], [-2.259388, 51.840874], [-2.258843, 51.84112], [-2.258831, 51.841108], [-2.258817, 51.841102], [-2.258799, 51.841093], [-2.258781, 51.841083], [-2.258726, 51.841035], [-2.258611, 51.84093], [-2.258396, 51.840742], [-2.258235, 51.84059], [-2.257874, 51.840272], [-2.257667, 51.840086], [-2.257556, 51.839985], [-2.257458, 51.839883], [-2.2573, 51.839752], [-2.257069, 51.839542], [-2.256788, 51.839276], [-2.256549, 51.839169], [-2.256269, 51.839119], [-2.256183, 51.839125], [-2.25608, 51.839117], [-2.255969, 51.839116], [-2.255906, 51.839112], [-2.255858, 51.839093], [-2.255846, 51.839069], [-2.255832, 51.838974], [-2.255818, 51.838829], [-2.255813, 51.838751], [-2.2559, 51.838657], [-2.255991, 51.838622], [-2.25621, 51.838579], [-2.256553, 51.838533], [-2.256785, 51.838461], [-2.256929, 51.838355]]}, "properties": {"description": "Being built by PrankishShAmUs", "stroke": "#ffcc00", "title": "Podsmead Field", "group": 1101310907}}, {"type": "Feature", "id": 2389545248, "geometry": {"type": "Polygon", "coordinates": [[[-2.256467, 51.829886], [-2.256126, 51.829965], [-2.256317, 51.830278], [-2.256413, 51.830403], [-2.256515, 51.830379], [-2.256464, 51.830261], [-2.256735, 51.83036], [-2.256895, 51.83021], [-2.256596, 51.830001], [-2.256467, 51.829886]]]}, "properties": {"title": "Little Tesco", "group": 1101310907, "fill": "#00ff00"}}, {"type": "Feature", "id": 2530142140, "geometry": {"type": "Polygon", "coordinates": [[[-2.247988, 51.866526], [-2.247621, 51.866939], [-2.246865, 51.866668], [-2.247324, 51.866245], [-2.247988, 51.866526]]]}, "properties": {"title": "block in gloucester", "group": 1101310907, "fill": "#fff200"}}, {"type": "Feature", "id": 3972043255, "geometry": {"type": "Polygon", "coordinates": [[[-2.247434, 51.86752], [-2.247445, 51.867744], [-2.247644, 51.867785], [-2.247523, 51.867949], [-2.2475, 51.868067], [-2.247121, 51.868313], [-2.246527, 51.868253], [-2.245921, 51.868173], [-2.246148, 51.867573], [-2.245597, 51.867361], [-2.245632, 51.867131], [-2.246121, 51.867081], [-2.246609, 51.867076], [-2.247445, 51.867204], [-2.247593, 51.867291], [-2.247496, 51.867505], [-2.247434, 51.86752]]]}, "properties": {"title": "Gloucester Cathedral", "group": 1101310907, "fill": "#ff2c31"}}, {"type": "Feature", "id": 879357388, "geometry": {"type": "Polygon", "coordinates": [[[-2.23506, 51.864299], [-2.235212, 51.864108], [-2.236522, 51.864524], [-2.237516, 51.86461], [-2.237961, 51.864445], [-2.238691, 51.864903], [-2.239483, 51.865317], [-2.239907, 51.865541], [-2.240239, 51.866133], [-2.240705, 51.86665], [-2.240957, 51.8669], [-2.240907, 51.867104], [-2.240372, 51.867329], [-2.239972, 51.867119], [-2.239006, 51.866196], [-2.23823, 51.865641], [-2.237539, 51.865275], [-2.236869, 51.865001], [-2.236619, 51.865259], [-2.23506, 51.864299]]]}, "properties": {"title": "Gloucester Station", "group": 1101310907, "fill": "#ffcc00"}}, {"type": "Feature", "id": 668581231, "geometry": {"type": "LineString", "coordinates": [[-2.21155, 51.855623], [-2.211968, 51.855711], [-2.211877, 51.85576], [-2.215904, 51.856476], [-2.216242, 51.856887], [-2.215511, 51.857513], [-2.21513, 51.857365], [-2.214181, 51.858106], [-2.213298, 51.857008], [-2.212797, 51.857225], [-2.212113, 51.856621], [-2.212493, 51.856455], [-2.211683, 51.855887], [-2.211551, 51.855625]]}, "properties": {"stroke": "#fff700", "title": "Coney Hill RFC", "group": 1101310907}}, {"type": "Feature", "id": 2347357112, "geometry": {"type": "LineString", "coordinates": [[-2.294576, 51.793581], [-2.290908, 51.797141], [-2.289603, 51.798459], [-2.289601, 51.799019], [-2.289064, 51.799127], [-2.288833, 51.798986], [-2.285991, 51.799927], [-2.282851, 51.801063], [-2.281876, 51.801371], [-2.281523, 51.800957], [-2.283686, 51.80029], [-2.285405, 51.799532], [-2.286126, 51.799043], [-2.286701, 51.798598], [-2.287745, 51.797722], [-2.287983, 51.797196], [-2.288448, 51.797158], [-2.288559, 51.797434], [-2.289692, 51.797008], [-2.290826, 51.796325], [-2.292105, 51.795271], [-2.294081, 51.79336], [-2.294576, 51.793581]]}, "properties": {"stroke": "#f1ae29", "title": "Quedgeley Interchange", "group": 1101310907}}, {"type": "Feature", "id": 67742175, "geometry": {"type": "Polygon", "coordinates": [[[0.365429, 51.440968], [0.3654, 51.440836], [0.365864, 51.440765], [0.366577, 51.440714], [0.367178, 51.440665], [0.367328, 51.440658], [0.367346, 51.440708], [0.366962, 51.440776], [0.366946, 51.440812], [0.366673, 51.440839], [0.36637, 51.440844], [0.365994, 51.440878], [0.365744, 51.440917], [0.365523, 51.440931], [0.365429, 51.440968]]]}, "properties": {"description": "George112n", "title": "Station carpark", "group": 2605677445, "fill": "#3cc954"}}, {"type": "Feature", "id": 2959759016, "geometry": {"type": "Polygon", "coordinates": [[[0.366513, 51.441086], [0.366405, 51.441073], [0.36642, 51.441024], [0.366599, 51.441021], [0.366693, 51.441018], [0.367015, 51.440984], [0.366986, 51.440792], [0.366964, 51.44082], [0.366671, 51.440849], [0.36636, 51.44086], [0.366009, 51.44089], [0.365755, 51.440927], [0.365539, 51.440944], [0.365465, 51.440981], [0.364761, 51.441059], [0.364804, 51.441183], [0.365053, 51.441603], [0.365281, 51.442102], [0.365349, 51.442332], [0.365507, 51.442335], [0.365338, 51.441955], [0.365327, 51.441866], [0.365605, 51.441869], [0.365603, 51.441985], [0.365854, 51.441974], [0.365895, 51.441977], [0.365904, 51.441888], [0.366271, 51.441885], [0.36625, 51.442394], [0.367047, 51.442407], [0.367092, 51.441839], [0.367432, 51.441819], [0.367441, 51.44174], [0.368625, 51.441805], [0.368565, 51.442271], [0.368873, 51.442301], [0.368902, 51.44222], [0.368941, 51.442089], [0.368968, 51.441917], [0.369083, 51.441915], [0.369085, 51.441817], [0.368946, 51.441822], [0.368903, 51.441605], [0.369071, 51.441585], [0.369033, 51.441377], [0.368951, 51.44138], [0.368947, 51.441363], [0.368871, 51.441368], [0.368861, 51.441306], [0.368778, 51.441316], [0.368744, 51.441342], [0.368703, 51.441352], [0.368644, 51.441356], [0.368652, 51.441414], [0.368427, 51.441437], [0.36821, 51.441455], [0.368109, 51.441463], [0.367919, 51.441475], [0.367736, 51.441492], [0.367559, 51.441512], [0.367323, 51.441546], [0.367125, 51.441582], [0.36692, 51.441622], [0.36689, 51.44158], [0.367126, 51.441525], [0.367234, 51.441504], [0.367307, 51.441491], [0.367306, 51.441434], [0.367311, 51.4414], [0.367312, 51.441235], [0.366969, 51.441239], [0.366966, 51.441206], [0.366911, 51.441205], [0.366903, 51.441218], [0.366891, 51.441225], [0.366874, 51.441229], [0.366854, 51.441223], [0.366845, 51.441215], [0.366843, 51.441206], [0.366784, 51.441206], [0.366783, 51.441237], [0.366671, 51.441238], [0.366443, 51.441236], [0.366442, 51.441165], [0.366536, 51.441164], [0.366668, 51.441158], [0.366665, 51.441116], [0.366592, 51.441101], [0.366513, 51.441086]]]}, "properties": {"description": "George112n", "title": "Station area", "group": 2605677445, "fill": "#f1ae29"}}, {"type": "Feature", "id": 1486797351, "geometry": {"type": "Polygon", "coordinates": [[[0.368743, 51.441335], [0.368773, 51.441315], [0.368882, 51.441302], [0.36888, 51.441293], [0.368867, 51.441293], [0.368831, 51.441282], [0.368888, 51.441253], [0.368958, 51.441235], [0.369032, 51.441226], [0.369108, 51.441218], [0.3692, 51.44121], [0.369309, 51.441182], [0.369311, 51.441104], [0.369234, 51.441095], [0.369221, 51.440987], [0.369136, 51.44065], [0.369068, 51.44042], [0.368996, 51.440023], [0.368852, 51.440033], [0.36888, 51.440157], [0.368466, 51.44019], [0.368449, 51.440241], [0.368116, 51.440272], [0.368418, 51.440472], [0.368324, 51.440501], [0.368326, 51.440521], [0.368258, 51.440521], [0.368257, 51.44054], [0.36825, 51.440555], [0.368228, 51.440567], [0.368186, 51.440581], [0.368136, 51.440593], [0.368084, 51.440603], [0.368024, 51.440616], [0.367971, 51.440621], [0.367904, 51.440627], [0.367752, 51.440638], [0.367645, 51.440651], [0.367512, 51.440685], [0.367418, 51.440704], [0.367296, 51.440727], [0.367002, 51.440776], [0.367028, 51.440988], [0.366689, 51.441025], [0.366598, 51.441027], [0.366427, 51.441029], [0.366415, 51.441069], [0.366515, 51.44108], [0.366671, 51.441114], [0.366676, 51.441161], [0.366539, 51.441167], [0.366447, 51.441169], [0.366448, 51.441233], [0.366678, 51.441233], [0.366777, 51.441232], [0.366777, 51.441203], [0.366846, 51.441203], [0.36685, 51.441213], [0.36686, 51.441221], [0.366874, 51.441226], [0.366889, 51.441221], [0.366896, 51.441216], [0.366903, 51.441202], [0.366971, 51.441201], [0.366974, 51.441234], [0.367324, 51.441228], [0.367315, 51.441493], [0.366912, 51.441583], [0.366923, 51.441614], [0.367432, 51.441521], [0.367917, 51.441464], [0.368122, 51.441451], [0.368483, 51.44142], [0.368636, 51.441407], [0.368628, 51.441354], [0.368703, 51.441347], [0.368743, 51.441335]]]}, "properties": {"description": "George112n, Still", "title": "Station Redone (1.12)", "group": 2605677445, "fill": "#a0c514"}}, {"type": "Feature", "id": 2828620775, "geometry": {"type": "Polygon", "coordinates": [[[0.368878, 51.441365], [0.368949, 51.441362], [0.36894, 51.441328], [0.369078, 51.441319], [0.369084, 51.441354], [0.369203, 51.441346], [0.369195, 51.441289], [0.369197, 51.441277], [0.369243, 51.441275], [0.369248, 51.441254], [0.369234, 51.441236], [0.369225, 51.441222], [0.36921, 51.441214], [0.369173, 51.441215], [0.369129, 51.441219], [0.369015, 51.441232], [0.368993, 51.441234], [0.36894, 51.441242], [0.368895, 51.441254], [0.368858, 51.44127], [0.368839, 51.441281], [0.36887, 51.441291], [0.368886, 51.44129], [0.368888, 51.441305], [0.368864, 51.441307], [0.368878, 51.441365]]]}, "properties": {"title": "Station Complete (1.18)", "group": 2605677445, "fill": "#3cc954"}}, {"type": "Feature", "id": 3327613427, "geometry": {"type": "Polygon", "coordinates": [[[0.36932, 51.441101], [0.369309, 51.441013], [0.369348, 51.44101], [0.369303, 51.44067], [0.369247, 51.440375], [0.369181, 51.440091], [0.369127, 51.439996], [0.369077, 51.439968], [0.369064, 51.439946], [0.369035, 51.439769], [0.369029, 51.439674], [0.369011, 51.439561], [0.368966, 51.439535], [0.368867, 51.439509], [0.368698, 51.439506], [0.368541, 51.439513], [0.368268, 51.439516], [0.368039, 51.43956], [0.367941, 51.439599], [0.367896, 51.439656], [0.367921, 51.43982], [0.367937, 51.439894], [0.367994, 51.440085], [0.368103, 51.440255], [0.368438, 51.440233], [0.368447, 51.440179], [0.368858, 51.440151], [0.36884, 51.440022], [0.369006, 51.440013], [0.36908, 51.440414], [0.369237, 51.440986], [0.369247, 51.441085], [0.36932, 51.441101]]]}, "properties": {"description": "George112n", "title": "Civic Centre + Shops", "group": 2605677445, "fill": "#ffcc00"}}, {"type": "Feature", "id": 687139802, "geometry": {"type": "Polygon", "coordinates": [[[0.369569, 51.439983], [0.369519, 51.439363], [0.369508, 51.438973], [0.369519, 51.438569], [0.370472, 51.438542], [0.371285, 51.438526], [0.37181, 51.438542], [0.37159, 51.438763], [0.371151, 51.43924], [0.371143, 51.439319], [0.370773, 51.439713], [0.370702, 51.439803], [0.370548, 51.439879], [0.370557, 51.439949], [0.370188, 51.439976], [0.369837, 51.44001], [0.369618, 51.440038], [0.369189, 51.44007], [0.369149, 51.44001], [0.369569, 51.439983]]]}, "properties": {"description": "George112n", "title": "Parrock Street Carpark", "group": 2605677445, "fill": "#fb6033"}}, {"type": "Feature", "id": 4236445723, "geometry": {"type": "Polygon", "coordinates": [[[0.37192, 51.436472], [0.371829, 51.436484], [0.371736, 51.436498], [0.371715, 51.436407], [0.372037, 51.436371], [0.372027, 51.436333], [0.371984, 51.436314], [0.371953, 51.436288], [0.371924, 51.436251], [0.371918, 51.436216], [0.371931, 51.436171], [0.371844, 51.43613], [0.371862, 51.436101], [0.371733, 51.436116], [0.37162, 51.436136], [0.371683, 51.436361], [0.371211, 51.436412], [0.371144, 51.43614], [0.371632, 51.436069], [0.371621, 51.43603], [0.371604, 51.435981], [0.371569, 51.43596], [0.371585, 51.435933], [0.371636, 51.435964], [0.37166, 51.436006], [0.371675, 51.436063], [0.371711, 51.436059], [0.37163, 51.435846], [0.372064, 51.435785], [0.372113, 51.435865], [0.372143, 51.435858], [0.372234, 51.435911], [0.372262, 51.435901], [0.372293, 51.435934], [0.37232, 51.435992], [0.372322, 51.43604], [0.372284, 51.436084], [0.372268, 51.436103], [0.37231, 51.436122], [0.372344, 51.436121], [0.372395, 51.436113], [0.372455, 51.436142], [0.372496, 51.43621], [0.372552, 51.436317], [0.3727, 51.436302], [0.372734, 51.436387], [0.372316, 51.436431], [0.372123, 51.436454], [0.372, 51.436465], [0.37192, 51.436472]]]}, "properties": {"title": "Windmill Hill", "group": 2605677445, "fill": "#a0c514"}}, {"type": "Feature", "id": 2888163956, "geometry": {"type": "Polygon", "coordinates": [[[0.372954, 51.441861], [0.373125, 51.441841], [0.373752, 51.443163], [0.373606, 51.44319], [0.372954, 51.441861]]]}, "properties": {"title": "Victorian Terraced Houses", "group": 2605677445, "fill": "#fb6033"}}, {"type": "Feature", "id": 3361399659, "geometry": {"type": "Polygon", "coordinates": [[[0.373079, 51.441789], [0.372794, 51.44172], [0.372549, 51.441722], [0.372362, 51.441769], [0.37167, 51.441932], [0.371282, 51.442034], [0.371142, 51.442037], [0.371034, 51.442113], [0.370533, 51.442287], [0.369971, 51.442445], [0.369398, 51.44257], [0.369253, 51.442586], [0.369277, 51.442468], [0.369612, 51.442442], [0.369831, 51.442407], [0.370158, 51.442328], [0.370512, 51.442233], [0.371008, 51.442027], [0.371061, 51.442002], [0.370969, 51.44189], [0.371059, 51.441889], [0.371088, 51.441941], [0.371143, 51.441966], [0.371228, 51.441958], [0.371333, 51.441923], [0.372166, 51.441745], [0.372967, 51.44157], [0.373954, 51.441386], [0.374706, 51.44124], [0.374677, 51.441151], [0.37479, 51.441134], [0.374814, 51.441213], [0.375062, 51.441133], [0.375207, 51.441092], [0.375376, 51.441021], [0.375513, 51.441167], [0.375421, 51.441286], [0.375315, 51.441278], [0.375252, 51.441233], [0.375178, 51.441218], [0.374922, 51.441276], [0.374532, 51.441381], [0.374205, 51.441433], [0.373717, 51.441506], [0.373606, 51.441532], [0.373535, 51.441558], [0.373313, 51.441706], [0.37326, 51.441762], [0.373079, 51.441789]]]}, "properties": {"description": "Roads only. George112n", "title": "Milton Road / King St", "group": 2605677445, "fill": "#3cc954"}}, {"type": "Feature", "id": 836417718, "geometry": {"type": "Polygon", "coordinates": [[[0.373313, 51.439904], [0.372745, 51.438564], [0.372768, 51.438519], [0.372958, 51.43854], [0.373287, 51.43849], [0.373816, 51.439829], [0.373313, 51.439904]]]}, "properties": {"title": "Terraced Houses", "group": 2605677445, "fill": "#fb6033"}}, {"type": "Feature", "id": 4039680785, "geometry": {"type": "Polygon", "coordinates": [[[0.373464, 51.440173], [0.373927, 51.440096], [0.373814, 51.439832], [0.373319, 51.439912], [0.373399, 51.440047], [0.373464, 51.440173]]]}, "properties": {"title": "Terraced Houses Done", "group": 2605677445, "fill": "#a0c514"}}, {"type": "Feature", "id": 2580100785, "geometry": {"type": "Polygon", "coordinates": [[[0.3766, 51.439719], [0.378539, 51.439331], [0.378292, 51.438739], [0.378268, 51.438709], [0.377814, 51.437552], [0.376149, 51.437802], [0.376245, 51.438332], [0.376204, 51.438335], [0.376217, 51.438388], [0.376267, 51.438383], [0.376303, 51.438559], [0.376456, 51.439016], [0.376373, 51.439031], [0.376493, 51.439331], [0.37466, 51.43964], [0.374781, 51.439973], [0.374869, 51.44007], [0.3766, 51.439719]]]}, "properties": {"group": 2605677445, "description": "George112n. Includes interiors.", "media_url": "https://www.tiktok.com/@bteuk/video/7061239991732555013", "title": "Shri Guru Nanak Darbar Gurdwara", "fill": "#a0c514"}}, {"type": "Feature", "id": 3076672910, "geometry": {"type": "Polygon", "coordinates": [[[0.378192, 51.438414], [0.378425, 51.438352], [0.378501, 51.438342], [0.378531, 51.43834], [0.378565, 51.43833], [0.37861, 51.438349], [0.378634, 51.438407], [0.378644, 51.438462], [0.378651, 51.438525], [0.378663, 51.438554], [0.378666, 51.438572], [0.37867, 51.438591], [0.378673, 51.438609], [0.378677, 51.438627], [0.378691, 51.438701], [0.378697, 51.43879], [0.378684, 51.438787], [0.378668, 51.438792], [0.378655, 51.43879], [0.378638, 51.438795], [0.378621, 51.4388], [0.378609, 51.438797], [0.378592, 51.438802], [0.378351, 51.438828], [0.378234, 51.438538], [0.378192, 51.438414]]]}, "properties": {"title": "Houses Near Gurdwara", "group": 2605677445, "fill": "#3cc954"}}, {"type": "Feature", "id": 755742027, "geometry": {"type": "Polygon", "coordinates": [[[0.378351, 51.438828], [0.37839, 51.438933], [0.378778, 51.438896], [0.378764, 51.438796], [0.378351, 51.438828]]]}, "properties": {"title": "Unfinished Houses Near Gurdwara", "group": 2605677445, "fill": "#fb6033"}}, {"type": "Feature", "id": 1659939340, "geometry": {"type": "Polygon", "coordinates": [[[0.379087, 51.439585], [0.378581, 51.43966], [0.378113, 51.439729], [0.377617, 51.439821], [0.377219, 51.439908], [0.376877, 51.439974], [0.376794, 51.439847], [0.376733, 51.439695], [0.378526, 51.439341], [0.378795, 51.439305], [0.379037, 51.43928], [0.379087, 51.439585]]]}, "properties": {"title": "Train Track & Banks", "group": 2605677445, "fill": "#fb6033"}}, {"type": "Feature", "id": 1381717963, "geometry": {"type": "Polygon", "coordinates": [[[0.376967, 51.441131], [0.37635, 51.44059], [0.377739, 51.439981], [0.378249, 51.43982], [0.378313, 51.439931], [0.378769, 51.440426], [0.376967, 51.441131]]]}, "properties": {"description": "George112n", "title": "Park place estate", "group": 2605677445, "fill": "#f1ae29"}}, {"type": "Feature", "id": 1963157661, "geometry": {"type": "Polygon", "coordinates": [[[0.381287, 51.437861], [0.380888, 51.437645], [0.380718, 51.437554], [0.380371, 51.437818], [0.380236, 51.437871], [0.380251, 51.438129], [0.380299, 51.438256], [0.380218, 51.43847], [0.380206, 51.438663], [0.381119, 51.438897], [0.38125, 51.438937], [0.381321, 51.43896], [0.381359, 51.438894], [0.381423, 51.438825], [0.381524, 51.438807], [0.381567, 51.438787], [0.381611, 51.438758], [0.381584, 51.43867], [0.381993, 51.43858], [0.381949, 51.438502], [0.381885, 51.438445], [0.381819, 51.438444], [0.381711, 51.438486], [0.381624, 51.438509], [0.381385, 51.438553], [0.381179, 51.438567], [0.380894, 51.438582], [0.380738, 51.438576], [0.380636, 51.438597], [0.380579, 51.438656], [0.380499, 51.438647], [0.380512, 51.438599], [0.380576, 51.438478], [0.380651, 51.438469], [0.380756, 51.438515], [0.380893, 51.438528], [0.381205, 51.438514], [0.381243, 51.438494], [0.381235, 51.438429], [0.381171, 51.438344], [0.381083, 51.438286], [0.380997, 51.438163], [0.380903, 51.43806], [0.380799, 51.438031], [0.38071, 51.438049], [0.380662, 51.43803], [0.380664, 51.438002], [0.380725, 51.43792], [0.380777, 51.437885], [0.380849, 51.437896], [0.38087, 51.437948], [0.380875, 51.437992], [0.380912, 51.438023], [0.380965, 51.438046], [0.381041, 51.438129], [0.381129, 51.438224], [0.38124, 51.438326], [0.381301, 51.438454], [0.381351, 51.438485], [0.381455, 51.438479], [0.381613, 51.438453], [0.381669, 51.438411], [0.381735, 51.438392], [0.381813, 51.438356], [0.381622, 51.438154], [0.381543, 51.438074], [0.381421, 51.437977], [0.381287, 51.437861]]]}, "properties": {"description": "George112n, CTCuberHD, PeenHype", "title": "Houses", "group": 2605677445, "fill": "#fb6033"}}, {"type": "Feature", "id": 3478638969, "geometry": {"type": "Polygon", "coordinates": [[[0.380781, 51.435669], [0.379095, 51.436278], [0.380663, 51.437502], [0.380757, 51.437564], [0.380903, 51.437644], [0.381137, 51.437528], [0.380953, 51.437349], [0.380873, 51.437224], [0.380141, 51.436648], [0.379896, 51.436506], [0.379787, 51.43654], [0.379625, 51.436438], [0.380418, 51.436153], [0.381007, 51.435918], [0.380781, 51.435669]]]}, "properties": {"title": "Rugby Club & Tennis Courts", "group": 2605677445, "fill": "#ffcc00"}}, {"type": "Feature", "id": 2778396920, "geometry": {"type": "Polygon", "coordinates": [[[0.385112, 51.438965], [0.385735, 51.438897], [0.385884, 51.438879], [0.386269, 51.438813], [0.386588, 51.43874], [0.387033, 51.438593], [0.387212, 51.438522], [0.387091, 51.437859], [0.387441, 51.437829], [0.387365, 51.4377], [0.387059, 51.43772], [0.386881, 51.437635], [0.386785, 51.437545], [0.386788, 51.437492], [0.386747, 51.43743], [0.386776, 51.437341], [0.386865, 51.437144], [0.386444, 51.436744], [0.386288, 51.436595], [0.385873, 51.436179], [0.385656, 51.435961], [0.385484, 51.435782], [0.385242, 51.435756], [0.384991, 51.435804], [0.384045, 51.436138], [0.383593, 51.4363], [0.383297, 51.435955], [0.383214, 51.435941], [0.382775, 51.43612], [0.382313, 51.436298], [0.382184, 51.436325], [0.381181, 51.43553], [0.380799, 51.435661], [0.381028, 51.435921], [0.380426, 51.436171], [0.379641, 51.43644], [0.379787, 51.436532], [0.379899, 51.4365], [0.380144, 51.436644], [0.38088, 51.43722], [0.380962, 51.437344], [0.381147, 51.43753], [0.380911, 51.437645], [0.381294, 51.437853], [0.381442, 51.437977], [0.381627, 51.438132], [0.381834, 51.438356], [0.381748, 51.438407], [0.381679, 51.438421], [0.3817, 51.438446], [0.381726, 51.438469], [0.381815, 51.438431], [0.381899, 51.438432], [0.381942, 51.438461], [0.38202, 51.438586], [0.381611, 51.438675], [0.381632, 51.438761], [0.381579, 51.438791], [0.381535, 51.438815], [0.381441, 51.438834], [0.381378, 51.438894], [0.381337, 51.438965], [0.381502, 51.439097], [0.381334, 51.439122], [0.3812, 51.439147], [0.381037, 51.439207], [0.380823, 51.439295], [0.380501, 51.439421], [0.380242, 51.439468], [0.379888, 51.439515], [0.379931, 51.439578], [0.380286, 51.439532], [0.380625, 51.439494], [0.380763, 51.439437], [0.381246, 51.439248], [0.38125, 51.439231], [0.381351, 51.439208], [0.381571, 51.439172], [0.381784, 51.439143], [0.382064, 51.439135], [0.382273, 51.439136], [0.38263, 51.439146], [0.382634, 51.439163], [0.38293, 51.439177], [0.383154, 51.43917], [0.383342, 51.43949], [0.383838, 51.439557], [0.383837, 51.439492], [0.384033, 51.439527], [0.384007, 51.439584], [0.384217, 51.439609], [0.384324, 51.439606], [0.384227, 51.439463], [0.384379, 51.439459], [0.384486, 51.439448], [0.384601, 51.439429], [0.384497, 51.439377], [0.384458, 51.439336], [0.384418, 51.439271], [0.384383, 51.439169], [0.384372, 51.439127], [0.384703, 51.439085], [0.384675, 51.439004], [0.385112, 51.438965]]]}, "properties": {"description": "George112n", "title": "School + Part GRFC", "group": 2605677445, "fill": "#a0c514"}}, {"type": "Feature", "id": 1173253335, "geometry": {"type": "Polygon", "coordinates": [[[0.383241, 51.439607], [0.383323, 51.43949], [0.383147, 51.439174], [0.382932, 51.439183], [0.382626, 51.439168], [0.382624, 51.439148], [0.38207, 51.439141], [0.381788, 51.439148], [0.381258, 51.439233], [0.381257, 51.439259], [0.380967, 51.439368], [0.381435, 51.439383], [0.382272, 51.439468], [0.382851, 51.43954], [0.383241, 51.439607]]]}, "properties": {"description": "George112n, PeenHype", "title": "Houses on Milton Road & Tracks", "group": 2605677445, "fill": "#a0c514"}}, {"type": "Feature", "id": 296145173, "geometry": {"type": "Polygon", "coordinates": [[[0.382957, 51.438947], [0.382883, 51.438684], [0.383113, 51.438537], [0.38322, 51.438919], [0.382957, 51.438947]]]}, "properties": {"description": "George112n", "title": "Bowls", "group": 2605677445, "fill": "#ffcc00"}}, {"type": "Feature", "id": 3147247544, "geometry": {"type": "Polygon", "coordinates": [[[0.384618, 51.439419], [0.384516, 51.439373], [0.38443, 51.439272], [0.384386, 51.439136], [0.384711, 51.439095], [0.384683, 51.439016], [0.385159, 51.438974], [0.38587, 51.438897], [0.385985, 51.439315], [0.384618, 51.439419]]]}, "properties": {"description": "George112n / SoleSol06", "title": "Church", "group": 2605677445, "fill": "#ffcc00"}}, {"type": "Feature", "id": 3989943979, "geometry": {"type": "Polygon", "coordinates": [[[0.387216, 51.438512], [0.387105, 51.437871], [0.387448, 51.437842], [0.387376, 51.437686], [0.387062, 51.437711], [0.386891, 51.437626], [0.386802, 51.437546], [0.386812, 51.437491], [0.386766, 51.437426], [0.38679, 51.437345], [0.38683, 51.437249], [0.386856, 51.43725], [0.386971, 51.43725], [0.387071, 51.437225], [0.387099, 51.437114], [0.387545, 51.437232], [0.387485, 51.437437], [0.38752, 51.437633], [0.387524, 51.437844], [0.387542, 51.438024], [0.387381, 51.438305], [0.387324, 51.43842], [0.38726, 51.438563], [0.386828, 51.438721], [0.386214, 51.438912], [0.385914, 51.438972], [0.385884, 51.438889], [0.386285, 51.438818], [0.386596, 51.438747], [0.387228, 51.438529], [0.387216, 51.438512]]]}, "properties": {"description": "George112n", "title": "Back of School", "group": 2605677445, "fill": "#cc1b15"}}, {"type": "Feature", "id": 2201334073, "geometry": {"type": "Polygon", "coordinates": [[[0.385142, 51.429094], [0.385624, 51.429033], [0.385709, 51.42905], [0.38559, 51.428496], [0.385814, 51.42847], [0.385789, 51.428329], [0.385672, 51.428328], [0.3856, 51.428291], [0.38554, 51.428226], [0.385458, 51.427729], [0.384603, 51.427792], [0.38472, 51.428266], [0.385033, 51.428248], [0.38515, 51.428867], [0.385142, 51.429094]]]}, "properties": {"description": "George112n", "title": "Valley Drive Shops", "group": 2605677445, "fill": "#fb6033"}}, {"type": "Feature", "id": 3669494329, "geometry": {"type": "Polygon", "coordinates": [[[0.363396, 51.426831], [0.367611, 51.426725], [0.367966, 51.426677], [0.36846, 51.424945], [0.368151, 51.424858], [0.368197, 51.424367], [0.368429, 51.423972], [0.368725, 51.422277], [0.368786, 51.41987], [0.369003, 51.419292], [0.36939, 51.417544], [0.366284, 51.417565], [0.365018, 51.417652], [0.363796, 51.417453], [0.362993, 51.41754], [0.362824, 51.418002], [0.362082, 51.418936], [0.361789, 51.419196], [0.36182, 51.419417], [0.36151, 51.419804], [0.360723, 51.419967], [0.361249, 51.421806], [0.361851, 51.423366], [0.362447, 51.424863], [0.362741, 51.425373], [0.363204, 51.426259], [0.363396, 51.426831]]]}, "properties": {"description": "BTE Nature / BTE UK Collab Event", "title": "Golf Course", "group": 2605677445, "fill": "#cc1b15"}}, {"type": "Feature", "id": 1167003683, "geometry": {"type": "Polygon", "coordinates": [[[0.271968, 51.442328], [0.271789, 51.442274], [0.271719, 51.442257], [0.271705, 51.442086], [0.271839, 51.442014], [0.271917, 51.441962], [0.271869, 51.441721], [0.271752, 51.441377], [0.271679, 51.441347], [0.271489, 51.441318], [0.27106, 51.441352], [0.270673, 51.440015], [0.272803, 51.438256], [0.273592, 51.438601], [0.272001, 51.439938], [0.27243, 51.44118], [0.272432, 51.441276], [0.272079, 51.441321], [0.272276, 51.441905], [0.272379, 51.441967], [0.272606, 51.441987], [0.272925, 51.441924], [0.274242, 51.441602], [0.275252, 51.441154], [0.275875, 51.440826], [0.276207, 51.440559], [0.2764, 51.440205], [0.276414, 51.440041], [0.27658, 51.439886], [0.277134, 51.438851], [0.277438, 51.438575], [0.277936, 51.438601], [0.277881, 51.438963], [0.277396, 51.439257], [0.27712, 51.439576], [0.276941, 51.439905], [0.276982, 51.440011], [0.277028, 51.44013], [0.27691, 51.440256], [0.276783, 51.440306], [0.276649, 51.440487], [0.276279, 51.44092], [0.275965, 51.441142], [0.275836, 51.441232], [0.275778, 51.441335], [0.275728, 51.441448], [0.275543, 51.441507], [0.275351, 51.441489], [0.275141, 51.441516], [0.274459, 51.441752], [0.273576, 51.44199], [0.27285, 51.442132], [0.272548, 51.442214], [0.272377, 51.442305], [0.272223, 51.442366], [0.271968, 51.442328]]]}, "properties": {"description": "George112n / SoleSol06", "title": "Bluewater", "group": 2605677445, "fill": "#cc1b15"}}, {"type": "Feature", "id": 2688213795, "geometry": {"type": "Polygon", "coordinates": [[[0.357719, 51.419624], [0.357375, 51.41974], [0.357272, 51.419637], [0.357209, 51.419576], [0.356892, 51.419204], [0.35679, 51.419081], [0.357095, 51.418981], [0.357102, 51.41899], [0.357518, 51.418861], [0.357402, 51.418732], [0.357448, 51.41872], [0.357486, 51.418703], [0.35739, 51.418576], [0.357661, 51.418495], [0.357674, 51.418498], [0.357775, 51.418468], [0.357784, 51.418452], [0.358141, 51.418346], [0.358158, 51.418341], [0.358141, 51.418346], [0.358136, 51.418354], [0.358144, 51.418364], [0.358173, 51.418388], [0.358197, 51.41842], [0.358317, 51.418728], [0.358333, 51.418776], [0.358344, 51.418805], [0.358348, 51.418823], [0.358385, 51.418832], [0.35839, 51.418824], [0.358398, 51.418834], [0.358406, 51.418845], [0.358435, 51.418843], [0.358465, 51.41884], [0.358447, 51.418872], [0.358455, 51.418882], [0.35857, 51.418978], [0.358579, 51.418962], [0.358599, 51.418976], [0.358628, 51.419], [0.358657, 51.418997], [0.358695, 51.419006], [0.358731, 51.41904], [0.35865, 51.419084], [0.358814, 51.419229], [0.358498, 51.419349], [0.358092, 51.419486], [0.357719, 51.419624]]]}, "properties": {"description": "George112n\nThe location of the BTE UK starter tutorial", "title": "Tutorial Location", "group": 2605677445, "fill": "#3cc954"}}, {"type": "Feature", "id": 2503058414, "geometry": {"type": "Polygon", "coordinates": [[[-1.573147, 52.35352], [-1.572475, 52.352789], [-1.571474, 52.353139], [-1.570059, 52.353327], [-1.569961, 52.353373], [-1.569783, 52.35411], [-1.57175, 52.354074], [-1.573036, 52.353593], [-1.573147, 52.35352]]]}, "properties": {"description": "ELgamer", "title": "Windmill Close", "group": 2827288510, "fill": "#ffcc00"}}, {"type": "Feature", "id": 502066528, "geometry": {"type": "Polygon", "coordinates": [[[-0.150592, 51.889107], [-0.150539, 51.888969], [-0.149895, 51.888982], [-0.1495, 51.889008], [-0.149497, 51.88904], [-0.149348, 51.889057], [-0.149468, 51.889512], [-0.150087, 51.889482], [-0.150095, 51.889547], [-0.150659, 51.889538], [-0.150592, 51.889107]]]}, "properties": {"description": "Bakerbagsy", "title": "Aston", "group": 260546950, "fill": "#ccff00"}}, {"type": "Feature", "id": 2063974922, "geometry": {"type": "Polygon", "coordinates": [[[-0.129302, 51.915215], [-0.129359, 51.915072], [-0.129468, 51.915087], [-0.129493, 51.915204], [-0.129729, 51.915287], [-0.129944, 51.915517], [-0.13009, 51.915553], [-0.130124, 51.915611], [-0.130507, 51.915707], [-0.130454, 51.915983], [-0.129278, 51.91586], [-0.128942, 51.915805], [-0.129302, 51.915215]]]}, "properties": {"description": "Bakerbagsy", "title": "Walkern", "group": 260546950, "fill": "#91d43c"}}, {"type": "Feature", "id": 457924466, "geometry": {"type": "Polygon", "coordinates": [[[-0.112672, 51.90848], [-0.112906, 51.908628], [-0.112572, 51.909515], [-0.112197, 51.909466], [-0.111286, 51.909629], [-0.110808, 51.909648], [-0.109776, 51.911143], [-0.107721, 51.910452], [-0.107513, 51.910281], [-0.107664, 51.909751], [-0.108277, 51.909076], [-0.108994, 51.908459], [-0.109437, 51.908028], [-0.108466, 51.907842], [-0.107537, 51.907961], [-0.1078, 51.906869], [-0.108525, 51.905159], [-0.108768, 51.905326], [-0.110342, 51.905939], [-0.112493, 51.906378], [-0.11284, 51.90628], [-0.113378, 51.906298], [-0.113444, 51.906566], [-0.112988, 51.907615], [-0.112672, 51.90848]]]}, "properties": {"description": "Bakerbagsy", "title": "Walkern Hall", "group": 260546950, "fill": "#ffcc00"}}, {"type": "Feature", "id": 2797236493, "geometry": {"type": "Polygon", "coordinates": [[[-0.168727, 51.911626], [-0.168823, 51.911259], [-0.169088, 51.911043], [-0.168528, 51.910954], [-0.168155, 51.910709], [-0.167565, 51.910594], [-0.167517, 51.910802], [-0.166807, 51.910776], [-0.166651, 51.911404], [-0.168727, 51.911626]]]}, "properties": {"description": "Bakerbagsy", "title": "The Nobel School", "group": 260546950, "fill": "#fff700"}}, {"type": "Feature", "id": 1781218982, "geometry": {"type": "Polygon", "coordinates": [[[-0.17191, 51.913499], [-0.172252, 51.913506], [-0.172316, 51.913457], [-0.172335, 51.912939], [-0.172259, 51.912893], [-0.171925, 51.912914], [-0.171891, 51.913204], [-0.17191, 51.913499]]]}, "properties": {"description": "Bakerbagsy", "title": "Hudson Rd", "group": 260546950, "fill": "#ccff00"}}, {"type": "Feature", "id": 2619749918, "geometry": {"type": "Polygon", "coordinates": [[[-0.163969, 51.924918], [-0.163144, 51.925054], [-0.163107, 51.925231], [-0.161465, 51.925381], [-0.161288, 51.92475], [-0.161192, 51.924033], [-0.163166, 51.923883], [-0.163402, 51.923451], [-0.163527, 51.922979], [-0.163748, 51.92302], [-0.163924, 51.923415], [-0.164558, 51.923656], [-0.164528, 51.923833], [-0.163961, 51.923865], [-0.163799, 51.924119], [-0.163865, 51.924609], [-0.163969, 51.924918]]]}, "properties": {"description": "Bakerbagsy", "title": "North Stevanage", "group": 260546950, "fill": "#91d43c"}}, {"type": "Feature", "id": 4001403607, "geometry": {"type": "Polygon", "coordinates": [[[-0.208533, 51.901008], [-0.208432, 51.90081], [-0.208087, 51.900889], [-0.208197, 51.901088], [-0.208533, 51.901008]]]}, "properties": {"description": "Bakerbagsy", "title": "Nando's Stevenage", "group": 260546950, "fill": "#3cd44b"}}, {"type": "Feature", "id": 1900518913, "geometry": {"type": "Polygon", "coordinates": [[[-0.208715, 51.900622], [-0.208476, 51.900679], [-0.208335, 51.900431], [-0.208565, 51.900373], [-0.208715, 51.900622]]]}, "properties": {"description": "Bakerbagsy", "title": "McDonalds Stevenage", "group": 260546950, "fill": "#3cd44b"}}, {"type": "Feature", "id": 3558328581, "geometry": {"type": "Polygon", "coordinates": [[[-0.208114, 51.900368], [-0.207995, 51.900188], [-0.207703, 51.900253], [-0.20782, 51.900447], [-0.208114, 51.900368]]]}, "properties": {"description": "Bakerbagsy", "title": "Ask Italian Stevenage", "group": 260546950, "fill": "#3cd44b"}}, {"type": "Feature", "id": 2533807527, "geometry": {"type": "Polygon", "coordinates": [[[-0.208433, 51.900011], [-0.208315, 51.899791], [-0.207974, 51.899849], [-0.208112, 51.900075], [-0.208433, 51.900011]]]}, "properties": {"description": "Bakerbagsy", "title": "Five Guys Stevenage", "group": 260546950, "fill": "#3cd44b"}}, {"type": "Feature", "id": 3444951116, "geometry": {"type": "Polygon", "coordinates": [[[-0.205943, 51.902298], [-0.205642, 51.901305], [-0.204624, 51.90136], [-0.204976, 51.902408], [-0.205943, 51.902298]]]}, "properties": {"description": "Bakerbagsy", "title": "Stevenage Lifestyles", "group": 260546950, "fill": "#ff2c31"}}, {"type": "Feature", "id": 2594206607, "geometry": {"type": "Polygon", "coordinates": [[[-0.207422, 51.9019], [-0.207141, 51.9014], [-0.206246, 51.901602], [-0.206564, 51.902142], [-0.206707, 51.902079], [-0.20654, 51.901782], [-0.206789, 51.901723], [-0.206967, 51.902022], [-0.207422, 51.9019]]]}, "properties": {"description": "Bakerbagsy", "title": "Stevenage Station", "group": 260546950, "fill": "#ff2c31"}}, {"type": "Feature", "id": 924815941, "geometry": {"type": "Polygon", "coordinates": [[[-2.216987, 53.489237], [-2.213615, 53.485853], [-2.206816, 53.488775], [-2.211225, 53.492157], [-2.216987, 53.489237]]]}, "properties": {"title": "Miles Platting Centre", "group": 2322582888, "fill": "#f18729"}}, {"type": "Feature", "id": 3124024327, "geometry": {"type": "Polygon", "coordinates": [[[-2.372102, 53.474073], [-2.37177, 53.472527], [-2.371079, 53.471342], [-2.369062, 53.46945], [-2.367016, 53.467772], [-2.364547, 53.466499], [-2.358826, 53.465149], [-2.357057, 53.464968], [-2.355316, 53.467502], [-2.350811, 53.469542], [-2.349291, 53.469789], [-2.348434, 53.468604], [-2.346778, 53.467791], [-2.344373, 53.466788], [-2.342024, 53.465241], [-2.342217, 53.464698], [-2.342798, 53.463843], [-2.343572, 53.463283], [-2.336603, 53.46061], [-2.337915, 53.458752], [-2.338661, 53.458669], [-2.339573, 53.459064], [-2.340513, 53.458949], [-2.342364, 53.460315], [-2.343746, 53.460907], [-2.348998, 53.462273], [-2.356297, 53.463936], [-2.359531, 53.464759], [-2.361383, 53.465384], [-2.363955, 53.466026], [-2.366083, 53.466783], [-2.367769, 53.467951], [-2.369648, 53.469563], [-2.371145, 53.470917], [-2.371919, 53.472036], [-2.372804, 53.474043], [-2.372102, 53.474073]]]}, "properties": {"description": "Trout_Rex", "title": "Trafford Centre + Bridge", "group": 2322582888, "fill": "#e32c31"}}, {"type": "Feature", "id": 1098666497, "geometry": {"type": "Polygon", "coordinates": [[[-2.236287, 53.477722], [-2.235872, 53.477479], [-2.236453, 53.477199], [-2.23514, 53.476505], [-2.236496, 53.476003], [-2.237534, 53.476621], [-2.237119, 53.476863], [-2.237029, 53.476929], [-2.237409, 53.477094], [-2.236287, 53.477722]]]}, "properties": {"description": "The Build Earth", "title": "Gay Village", "group": 2322582888, "fill": "#3cc954"}}, {"type": "Feature", "id": 3216165813, "geometry": {"type": "Polygon", "coordinates": [[[-2.241248, 53.469929], [-2.241388, 53.470043], [-2.241143, 53.470637], [-2.240329, 53.470877], [-2.24025, 53.470762], [-2.240434, 53.470194], [-2.241248, 53.469929]]]}, "properties": {"title": "New item", "group": 2322582888, "fill": "#3cc954"}}, {"type": "Feature", "id": 3568437863, "geometry": {"type": "Polygon", "coordinates": [[[-2.237874, 53.481789], [-2.236916, 53.481575], [-2.236677, 53.481886], [-2.23409, 53.481157], [-2.234494, 53.480863], [-2.23418, 53.480605], [-2.233776, 53.480311], [-2.233477, 53.479964], [-2.232939, 53.479039], [-2.23424, 53.478701], [-2.234688, 53.47911], [-2.237724, 53.477375], [-2.239578, 53.478158], [-2.238711, 53.478718], [-2.240834, 53.479777], [-2.237874, 53.481789]]]}, "properties": {"description": "Cooper", "title": "Piccadilly Garden", "group": 2322582888, "fill": "#f18729"}}, {"type": "Feature", "id": 3236717179, "geometry": {"type": "Polygon", "coordinates": [[[-2.251683, 53.471541], [-2.253358, 53.473153], [-2.253403, 53.473247], [-2.252118, 53.473512], [-2.252036, 53.473382], [-2.252057, 53.473368], [-2.252056, 53.473342], [-2.252063, 53.473306], [-2.252035, 53.473286], [-2.251942, 53.473254], [-2.25191, 53.473226], [-2.251856, 53.473186], [-2.251802, 53.473145], [-2.251717, 53.473103], [-2.251675, 53.47306], [-2.251624, 53.473001], [-2.251588, 53.472966], [-2.251551, 53.47293], [-2.251519, 53.472902], [-2.251505, 53.472879], [-2.251473, 53.472851], [-2.251436, 53.472816], [-2.251417, 53.472785], [-2.25138, 53.47275], [-2.251366, 53.472727], [-2.251334, 53.472699], [-2.251319, 53.472676], [-2.251288, 53.472648], [-2.251256, 53.47262], [-2.251241, 53.472597], [-2.251192, 53.472564], [-2.251164, 53.472544], [-2.251124, 53.472527], [-2.25107, 53.472486], [-2.251025, 53.472461], [-2.25098, 53.472436], [-2.25094, 53.472419], [-2.250882, 53.472397], [-2.250834, 53.47239], [-2.250804, 53.472388], [-2.250765, 53.472396], [-2.250709, 53.4724], [-2.250665, 53.472401], [-2.250622, 53.472402], [-2.25057, 53.472413], [-2.250514, 53.472417], [-2.250463, 53.472428], [-2.250429, 53.472444], [-2.250389, 53.472427], [-2.250347, 53.472384], [-2.250306, 53.47234], [-2.250255, 53.472282], [-2.250226, 53.472236], [-2.250189, 53.4722], [-2.250169, 53.472144], [-2.250159, 53.472128], [-2.251683, 53.471541]]]}, "properties": {"description": "British_Stinkrex", "title": "Deansgate Square", "group": 2322582888, "fill": "#3cc954"}}, {"type": "Feature", "id": 1227887886, "geometry": {"type": "Polygon", "coordinates": [[[-2.346252, 53.466671], [-2.34703, 53.466063], [-2.347088, 53.466086], [-2.347128, 53.466033], [-2.347167, 53.466024], [-2.347261, 53.466082], [-2.347292, 53.466084], [-2.347361, 53.466078], [-2.347405, 53.466077], [-2.347413, 53.466066], [-2.34743, 53.466071], [-2.347453, 53.466084], [-2.34747, 53.466088], [-2.347478, 53.466078], [-2.347487, 53.466067], [-2.347508, 53.466054], [-2.347516, 53.466044], [-2.347533, 53.466048], [-2.347556, 53.466061], [-2.347564, 53.46605], [-2.347577, 53.466047], [-2.347585, 53.466037], [-2.347593, 53.466026], [-2.347606, 53.466024], [-2.347614, 53.466013], [-2.347622, 53.466003], [-2.347622, 53.466003], [-2.347643, 53.465989], [-2.347643, 53.465989], [-2.347651, 53.465979], [-2.347659, 53.465968], [-2.347672, 53.465965], [-2.34768, 53.465955], [-2.347688, 53.465944], [-2.347688, 53.465944], [-2.347701, 53.465942], [-2.347709, 53.465931], [-2.347717, 53.465921], [-2.347738, 53.465907], [-2.347756, 53.465912], [-2.347761, 53.46592], [-2.347761, 53.46592], [-2.34774, 53.465933], [-2.347744, 53.465941], [-2.347736, 53.465951], [-2.347741, 53.465959], [-2.347741, 53.465959], [-2.347747, 53.465992], [-2.347752, 53.466], [-2.347757, 53.466008], [-2.347757, 53.466008], [-2.347762, 53.466015], [-2.347784, 53.466028], [-2.347784, 53.466028], [-2.347811, 53.466048], [-2.347816, 53.466056], [-2.347834, 53.466061], [-2.347834, 53.466061], [-2.347834, 53.466061], [-2.347852, 53.466065], [-2.347869, 53.46607], [-2.347869, 53.46607], [-2.347887, 53.466075], [-2.347905, 53.46608], [-2.347922, 53.466085], [-2.347922, 53.466085], [-2.347935, 53.466082], [-2.347935, 53.466082], [-2.347966, 53.466084], [-2.347978, 53.466081], [-2.347978, 53.466081], [-2.347996, 53.466086], [-2.348009, 53.466083], [-2.348022, 53.46608], [-2.348035, 53.466077], [-2.348048, 53.466075], [-2.34806, 53.466072], [-2.348073, 53.466069], [-2.348086, 53.466066], [-2.348104, 53.466071], [-2.348096, 53.466081], [-2.348075, 53.466095], [-2.348067, 53.466105], [-2.348067, 53.466105], [-2.348046, 53.466119], [-2.348025, 53.466132], [-2.348017, 53.466142], [-2.347996, 53.466156], [-2.347988, 53.466166], [-2.347967, 53.46618], [-2.347946, 53.466193], [-2.347938, 53.466204], [-2.347917, 53.466217], [-2.347934, 53.466222], [-2.347939, 53.466229], [-2.347957, 53.466234], [-2.347957, 53.466234], [-2.347949, 53.466245], [-2.347941, 53.466255], [-2.34792, 53.466269], [-2.347912, 53.466279], [-2.347916, 53.466287], [-2.347934, 53.466292], [-2.347939, 53.466299], [-2.347944, 53.466307], [-2.347944, 53.466307], [-2.347935, 53.466317], [-2.347935, 53.466317], [-2.347945, 53.466333], [-2.347945, 53.466333], [-2.34795, 53.46634], [-2.347946, 53.466359], [-2.347946, 53.466359], [-2.347951, 53.466366], [-2.347956, 53.466374], [-2.347953, 53.466392], [-2.347958, 53.4664], [-2.347975, 53.466405], [-2.34798, 53.466412], [-2.34798, 53.466412], [-2.347998, 53.466417], [-2.348015, 53.466422], [-2.348015, 53.466422], [-2.348038, 53.466434], [-2.348038, 53.466434], [-2.34803, 53.466445], [-2.34803, 53.466445], [-2.348009, 53.466458], [-2.348001, 53.466469], [-2.347997, 53.466487], [-2.34802, 53.4665], [-2.348037, 53.466504], [-2.348055, 53.466509], [-2.34806, 53.466517], [-2.348077, 53.466522], [-2.348095, 53.466527], [-2.348095, 53.466527], [-2.348074, 53.46654], [-2.348074, 53.46654], [-2.348066, 53.46655], [-2.348045, 53.466564], [-2.348037, 53.466574], [-2.348008, 53.466598], [-2.348008, 53.466598], [-2.347987, 53.466611], [-2.347979, 53.466622], [-2.347958, 53.466635], [-2.347361, 53.467134], [-2.346265, 53.466668], [-2.346252, 53.466671]]]}, "properties": {"description": "British Trex", "title": "Selfridges & Co", "group": 2322582888, "fill": "#f1ae29"}}, {"type": "Feature", "id": 2068694594, "geometry": {"type": "Polygon", "coordinates": [[[-0.082082, 53.570737], [-0.078257, 53.570455], [-0.077761, 53.571873], [-0.077099, 53.57183], [-0.075972, 53.574144], [-0.076406, 53.574187], [-0.076975, 53.57361], [-0.078236, 53.573758], [-0.077761, 53.574967], [-0.079477, 53.574721], [-0.079766, 53.575317], [-0.080614, 53.575053], [-0.081555, 53.573979], [-0.081979, 53.572462], [-0.082082, 53.570737]]]}, "properties": {"description": "CTcuberHD", "title": "Grimsby", "group": 3238267104, "fill": "#fb6033"}}, {"type": "Feature", "id": 2612624378, "geometry": {"type": "Polygon", "coordinates": [[[-0.124167, 53.54284], [-0.125723, 53.54268], [-0.126207, 53.542719], [-0.126328, 53.54299], [-0.126952, 53.543028], [-0.127371, 53.542995], [-0.127269, 53.542768], [-0.127958, 53.54279], [-0.127846, 53.543034], [-0.126095, 53.543421], [-0.124381, 53.543543], [-0.124167, 53.54284]]]}, "properties": {"description": "CTcuberHD", "title": "Bradley, Grimsby", "group": 3238267104, "fill": "#f1ae29"}}, {"type": "Feature", "id": 2089130484, "geometry": {"type": "Polygon", "coordinates": [[[-1.856578, 53.719636], [-1.856304, 53.719709], [-1.855796, 53.719534], [-1.855686, 53.719664], [-1.854602, 53.719644], [-1.854075, 53.719559], [-1.853575, 53.720639], [-1.85282, 53.721485], [-1.852401, 53.721829], [-1.851053, 53.722586], [-1.850541, 53.722875], [-1.851204, 53.722703], [-1.850995, 53.723769], [-1.85125, 53.723796], [-1.851808, 53.723507], [-1.852575, 53.72339], [-1.85275, 53.723631], [-1.853133, 53.723803], [-1.853436, 53.725158], [-1.854005, 53.725], [-1.853912, 53.724773], [-1.856342, 53.724195], [-1.856807, 53.724828], [-1.857632, 53.725357], [-1.858806, 53.725557], [-1.859387, 53.725543], [-1.859678, 53.725701], [-1.859411, 53.72577], [-1.858992, 53.725591], [-1.858481, 53.725694], [-1.858876, 53.726561], [-1.857923, 53.726403], [-1.85733, 53.72632], [-1.856156, 53.725096], [-1.854816, 53.725523], [-1.855502, 53.726225], [-1.85592, 53.726204], [-1.85592, 53.726651], [-1.855711, 53.726851], [-1.858106, 53.727621], [-1.858362, 53.727889], [-1.858048, 53.72802], [-1.857234, 53.72813], [-1.856374, 53.728068], [-1.855711, 53.728027], [-1.855781, 53.728377], [-1.859117, 53.728886], [-1.859512, 53.728859], [-1.859908, 53.728639], [-1.859942, 53.728432], [-1.860942, 53.728783], [-1.861279, 53.728618], [-1.861023, 53.728419], [-1.861012, 53.728164], [-1.860651, 53.72791], [-1.860384, 53.727504], [-1.861988, 53.726411], [-1.861663, 53.726149], [-1.861756, 53.72575], [-1.861872, 53.725262], [-1.8615, 53.724684], [-1.863395, 53.723735], [-1.863616, 53.72357], [-1.863569, 53.723212], [-1.863523, 53.722064], [-1.864034, 53.721775], [-1.864034, 53.721589], [-1.863685, 53.721376], [-1.863197, 53.721534], [-1.862337, 53.721121], [-1.86186, 53.720853], [-1.861279, 53.720798], [-1.860651, 53.720791], [-1.859931, 53.720853], [-1.858292, 53.720977], [-1.858071, 53.720337], [-1.85785, 53.720214], [-1.857432, 53.720014], [-1.856578, 53.719636]]]}, "properties": {"title": "Halifax", "group": 3238267104, "fill": "#3cc954"}}, {"type": "Feature", "id": 314530177, "geometry": {"type": "Polygon", "coordinates": [[[-0.443695, 53.677242], [-0.444087, 53.677512], [-0.444402, 53.677838], [-0.444757, 53.677694], [-0.44813, 53.677983], [-0.448046, 53.679009], [-0.44793, 53.679822], [-0.447698, 53.680005], [-0.447543, 53.680574], [-0.447041, 53.680905], [-0.447038, 53.681021], [-0.448122, 53.681143], [-0.447655, 53.683605], [-0.450891, 53.68333], [-0.451127, 53.684833], [-0.445596, 53.68459], [-0.444144, 53.684865], [-0.44375, 53.684708], [-0.443408, 53.684489], [-0.443225, 53.684638], [-0.44291, 53.684564], [-0.442494, 53.684827], [-0.441675, 53.68444], [-0.440595, 53.684075], [-0.43948, 53.683768], [-0.438261, 53.683455], [-0.436973, 53.683179], [-0.437138, 53.682781], [-0.437494, 53.682308], [-0.435469, 53.681914], [-0.431615, 53.681932], [-0.428292, 53.681564], [-0.428193, 53.680955], [-0.427682, 53.680246], [-0.428089, 53.67906], [-0.429436, 53.678383], [-0.431153, 53.677677], [-0.433075, 53.678702], [-0.43604, 53.679466], [-0.435981, 53.679135], [-0.436808, 53.679098], [-0.43668, 53.677877], [-0.437807, 53.677833], [-0.437883, 53.677229], [-0.438715, 53.677231], [-0.438824, 53.678077], [-0.440521, 53.678056], [-0.440908, 53.677107], [-0.442111, 53.67676], [-0.442527, 53.677313], [-0.443138, 53.677262], [-0.443695, 53.677242]]]}, "properties": {"title": "Barton-Upon-Humber", "group": 3238267104, "fill": "#3cc954"}}, {"type": "Feature", "id": 1550768808, "geometry": {"type": "Polygon", "coordinates": [[[-0.450886, 53.714618], [-0.450456, 53.714615], [-0.448985, 53.697513], [-0.449491, 53.697513], [-0.450886, 53.714618]]]}, "properties": {"title": "Humber Bridge", "group": 3238267104, "fill": "#3cc954"}}, {"type": "Feature", "id": 3227216318, "geometry": {"type": "Polygon", "coordinates": [[[-0.333538, 53.741904], [-0.33433, 53.742031], [-0.334248, 53.742174], [-0.334836, 53.742267], [-0.334729, 53.742371], [-0.334555, 53.742544], [-0.334597, 53.742722], [-0.334421, 53.742868], [-0.335683, 53.74305], [-0.335558, 53.743556], [-0.335698, 53.74357], [-0.335752, 53.743405], [-0.335885, 53.743418], [-0.336007, 53.743088], [-0.336788, 53.743227], [-0.33673, 53.743514], [-0.336224, 53.743517], [-0.336195, 53.74392], [-0.335245, 53.744094], [-0.332342, 53.744255], [-0.331484, 53.744563], [-0.331644, 53.744751], [-0.332552, 53.744742], [-0.332682, 53.744918], [-0.332818, 53.745419], [-0.331614, 53.74583], [-0.332328, 53.746663], [-0.333027, 53.746428], [-0.333575, 53.746971], [-0.33405, 53.746827], [-0.333114, 53.745679], [-0.33659, 53.744402], [-0.33708, 53.744169], [-0.337305, 53.744052], [-0.33746, 53.743979], [-0.337784, 53.74405], [-0.338305, 53.744172], [-0.339058, 53.744015], [-0.338504, 53.743428], [-0.338238, 53.743415], [-0.338348, 53.743305], [-0.338095, 53.743237], [-0.338163, 53.741344], [-0.337775, 53.741382], [-0.337963, 53.742002], [-0.33721, 53.741991], [-0.337221, 53.741605], [-0.336127, 53.741563], [-0.336021, 53.741678], [-0.333662, 53.741504], [-0.333538, 53.741904]]]}, "properties": {"description": "Ozy+ Sole", "title": "Hull", "group": 3238267104, "fill": "#3cc954"}}, {"type": "Feature", "id": 3691749933, "geometry": {"type": "Polygon", "coordinates": [[[-0.474374, 53.295152], [-0.46408, 53.297737], [-0.459301, 53.300518], [-0.459705, 53.302407], [-0.46054, 53.302135], [-0.461046, 53.302694], [-0.46274, 53.302286], [-0.462968, 53.302785], [-0.464232, 53.302528], [-0.465016, 53.303102], [-0.465699, 53.302906], [-0.46618, 53.303314], [-0.467419, 53.303057], [-0.468658, 53.304976], [-0.470479, 53.304508], [-0.469644, 53.303661], [-0.470302, 53.303556], [-0.470074, 53.303027], [-0.469088, 53.303253], [-0.468683, 53.302725], [-0.473058, 53.301515], [-0.47235, 53.30017], [-0.475031, 53.299611], [-0.473792, 53.297631], [-0.477004, 53.296951], [-0.476245, 53.295182], [-0.474753, 53.295681], [-0.474374, 53.295152]]]}, "properties": {"description": "Boxredux, Cgladd, Storm", "title": "Dunholme", "group": 3238267104, "fill": "#f18729"}}, {"type": "Feature", "id": 4068975286, "geometry": {"type": "Polygon", "coordinates": [[[-0.537174, 53.235193], [-0.53704, 53.234901], [-0.537891, 53.234424], [-0.53794, 53.234179], [-0.537233, 53.234116], [-0.536452, 53.233954], [-0.535453, 53.233948], [-0.534677, 53.234054], [-0.534252, 53.23406], [-0.53395, 53.234176], [-0.534534, 53.234611], [-0.534746, 53.234853], [-0.534628, 53.23543], [-0.535878, 53.235374], [-0.537174, 53.235193]]]}, "properties": {"title": "Lincoln Cathedral", "group": 3238267104, "fill": "#3cc954"}}, {"type": "Feature", "id": 1546510329, "geometry": {"type": "Polygon", "coordinates": [[[-0.539584, 53.231665], [-0.539418, 53.232053], [-0.53908, 53.232519], [-0.538495, 53.232588], [-0.537424, 53.232821], [-0.537194, 53.232742], [-0.536919, 53.23208], [-0.537687, 53.23206], [-0.537762, 53.231504], [-0.537825, 53.231175], [-0.539527, 53.231452], [-0.539584, 53.231665]]]}, "properties": {"title": "Lincoln", "group": 3238267104, "fill": "#fff200"}}, {"type": "Feature", "id": 2809671216, "geometry": {"type": "Polygon", "coordinates": [[[-0.539556, 53.235483], [-0.539644, 53.234564], [-0.539949, 53.234129], [-0.540415, 53.234086], [-0.542355, 53.234172], [-0.542377, 53.235609], [-0.542184, 53.236047], [-0.539556, 53.235483]]]}, "properties": {"title": "Lincoln Castle", "group": 3238267104, "fill": "#f18729"}}, {"type": "Feature", "id": 3351505162, "geometry": {"type": "Polygon", "coordinates": [[[-0.538004, 53.225213], [-0.537882, 53.225166], [-0.537751, 53.225119], [-0.536638, 53.224985], [-0.536808, 53.225623], [-0.536981, 53.225655], [-0.53827, 53.226359], [-0.538823, 53.226535], [-0.540014, 53.226813], [-0.541251, 53.227008], [-0.541749, 53.226896], [-0.541926, 53.226577], [-0.542117, 53.226208], [-0.540708, 53.225959], [-0.539679, 53.225798], [-0.538788, 53.225645], [-0.538864, 53.225452], [-0.53841, 53.225347], [-0.538004, 53.225213]]]}, "properties": {"title": "Lincoln Station", "group": 3238267104, "fill": "#3cc954"}}, {"type": "Feature", "id": 629984150, "geometry": {"type": "Polygon", "coordinates": [[[-0.541827, 53.227203], [-0.54145, 53.227117], [-0.541392, 53.227208], [-0.541799, 53.227282], [-0.541827, 53.227203]]]}, "properties": {"title": "Greggs", "group": 3238267104, "fill": "#3cc954"}}, {"type": "Feature", "id": 1368049745, "geometry": {"type": "Polygon", "coordinates": [[[-0.098678, 53.564633], [-0.098101, 53.565227], [-0.09984, 53.56588], [-0.100421, 53.565259], [-0.098678, 53.564633]]]}, "properties": {"description": "PizzaKingX", "title": "Cromwell Rd", "group": 3238267104, "fill": "#3cc954"}}, {"type": "Feature", "id": 1967857635, "geometry": {"type": "Polygon", "coordinates": [[[-0.541887, 53.226623], [-0.541838, 53.226748], [-0.544056, 53.227328], [-0.546203, 53.227865], [-0.547823, 53.228133], [-0.550575, 53.22886], [-0.554239, 53.229869], [-0.556334, 53.23039], [-0.559279, 53.230821], [-0.560197, 53.230799], [-0.560867, 53.230711], [-0.56139, 53.230571], [-0.561859, 53.230404], [-0.562224, 53.230223], [-0.562385, 53.230088], [-0.562677, 53.229875], [-0.562847, 53.229715], [-0.563009, 53.229518], [-0.563083, 53.229347], [-0.56318, 53.229176], [-0.563252, 53.228907], [-0.563276, 53.228663], [-0.563283, 53.228439], [-0.563197, 53.228189], [-0.563091, 53.227975], [-0.562943, 53.227759], [-0.562773, 53.227542], [-0.562549, 53.227303], [-0.562343, 53.227021], [-0.562176, 53.226761], [-0.56193, 53.226472], [-0.561732, 53.226252], [-0.561391, 53.225967], [-0.561144, 53.225785], [-0.560897, 53.225598], [-0.560621, 53.225388], [-0.560382, 53.225159], [-0.560145, 53.224964], [-0.559985, 53.224755], [-0.559776, 53.22453], [-0.559565, 53.224277], [-0.559362, 53.223947], [-0.559251, 53.22362], [-0.559172, 53.223299], [-0.559116, 53.222982], [-0.559097, 53.222604], [-0.559141, 53.222339], [-0.559201, 53.2221], [-0.559314, 53.221845], [-0.559425, 53.221604], [-0.559553, 53.221416], [-0.559698, 53.221182], [-0.559919, 53.220964], [-0.56008, 53.220788], [-0.560316, 53.220567], [-0.560471, 53.220424], [-0.560654, 53.220301], [-0.560878, 53.220142], [-0.5612, 53.2199], [-0.561466, 53.219718], [-0.561789, 53.219499], [-0.564608, 53.217483], [-0.566556, 53.216057], [-0.567974, 53.215057], [-0.568921, 53.214363], [-0.56994, 53.213661], [-0.571922, 53.212254], [-0.574449, 53.210459], [-0.57616, 53.209232], [-0.577599, 53.208214], [-0.57934, 53.206964], [-0.580805, 53.205927], [-0.582068, 53.205031], [-0.583785, 53.203779], [-0.585251, 53.202711], [-0.586363, 53.201914], [-0.587491, 53.201127], [-0.588556, 53.200375], [-0.589372, 53.19986], [-0.590299, 53.199292], [-0.591197, 53.198774], [-0.592132, 53.198276], [-0.593397, 53.197615], [-0.595023, 53.196886], [-0.59641, 53.196326], [-0.597747, 53.195855], [-0.599073, 53.195416], [-0.601178, 53.194847], [-0.602407, 53.194539], [-0.602328, 53.194452], [-0.599843, 53.195089], [-0.598391, 53.195551], [-0.597031, 53.196018], [-0.595749, 53.196511], [-0.594078, 53.197222], [-0.592528, 53.197966], [-0.591599, 53.198469], [-0.590667, 53.198984], [-0.589771, 53.199498], [-0.588875, 53.200061], [-0.587922, 53.200712], [-0.586776, 53.201489], [-0.58552, 53.20238], [-0.584163, 53.203393], [-0.582214, 53.204775], [-0.581328, 53.205425], [-0.579927, 53.206406], [-0.577975, 53.207812], [-0.576987, 53.208524], [-0.575244, 53.209757], [-0.573176, 53.21118], [-0.570283, 53.21328], [-0.569335, 53.213976], [-0.56829, 53.214709], [-0.567162, 53.215522], [-0.565652, 53.216576], [-0.561758, 53.219314], [-0.561461, 53.219532], [-0.56112, 53.219758], [-0.56071, 53.220036], [-0.560521, 53.220177], [-0.560315, 53.220345], [-0.560169, 53.220487], [-0.559952, 53.220676], [-0.559777, 53.220838], [-0.559648, 53.221011], [-0.559451, 53.221266], [-0.559293, 53.221477], [-0.559196, 53.221675], [-0.559086, 53.221926], [-0.558972, 53.222194], [-0.55894, 53.222417], [-0.558898, 53.222739], [-0.558926, 53.223132], [-0.559016, 53.22346], [-0.559131, 53.223798], [-0.559262, 53.224125], [-0.559471, 53.224437], [-0.559662, 53.224661], [-0.559864, 53.224898], [-0.560075, 53.225103], [-0.560345, 53.225339], [-0.560591, 53.225548], [-0.560806, 53.225734], [-0.561084, 53.225965], [-0.561374, 53.22617], [-0.561598, 53.226411], [-0.561905, 53.226717], [-0.562061, 53.226919], [-0.562181, 53.227063], [-0.562288, 53.227222], [-0.562488, 53.227461], [-0.562689, 53.227697], [-0.562854, 53.227913], [-0.56297, 53.228114], [-0.563037, 53.228332], [-0.563044, 53.228621], [-0.563041, 53.228862], [-0.563009, 53.229088], [-0.56292, 53.229314], [-0.562791, 53.229501], [-0.562663, 53.229655], [-0.562451, 53.229844], [-0.56222, 53.230034], [-0.561998, 53.230194], [-0.561727, 53.230326], [-0.561304, 53.230475], [-0.560856, 53.230584], [-0.560221, 53.230676], [-0.559313, 53.230715], [-0.557617, 53.230469], [-0.555827, 53.230111], [-0.553183, 53.229435], [-0.549691, 53.228472], [-0.547429, 53.227844], [-0.546339, 53.227676], [-0.54532, 53.227526], [-0.543883, 53.2272], [-0.541887, 53.226623]]]}, "properties": {"title": "Sheffield to Lincoln line", "group": 3238267104, "fill": "#a0c514"}}, {"type": "Feature", "id": 192341990, "geometry": {"type": "Polygon", "coordinates": [[[-1.745747, 53.749724], [-1.748207, 53.744848], [-1.738271, 53.74551], [-1.73919, 53.749606], [-1.745747, 53.749724]]]}, "properties": {"title": "Oakenshaw", "group": 3238267104, "fill": "#cc1b15"}}, {"type": "Feature", "id": 258852784, "geometry": {"type": "LineString", "coordinates": [[-1.732003, 53.728482], [-1.724004, 53.728459], [-1.723926, 53.720671], [-1.732352, 53.720556], [-1.732003, 53.728482]]}, "properties": {"stroke": "#cc1b15", "title": "Cleckheaton", "group": 3238267104}}, {"type": "Feature", "id": 1468372622, "geometry": {"type": "Polygon", "coordinates": [[[-1.436922, 54.34975], [-1.439182, 54.345969], [-1.438361, 54.34602], [-1.43792, 54.346516], [-1.436864, 54.346328], [-1.436717, 54.345319], [-1.433709, 54.342497], [-1.435378, 54.342038], [-1.435562, 54.341758], [-1.43518, 54.341426], [-1.434446, 54.34111], [-1.432326, 54.341306], [-1.43265, 54.342353], [-1.432477, 54.343125], [-1.431735, 54.345596], [-1.428176, 54.345363], [-1.427485, 54.347713], [-1.431058, 54.348481], [-1.43011, 54.349191], [-1.431904, 54.349468], [-1.432219, 54.349425], [-1.436922, 54.34975]]]}, "properties": {"description": "part of northallertons progress (various other pars done else where)\n~fortcraft303", "title": "northallerton", "group": 3238267104, "fill": "#f18729"}}, {"type": "Feature", "id": 2218437518, "geometry": {"type": "Polygon", "coordinates": [[[-1.476586, 54.305253], [-1.47705, 54.305841], [-1.477372, 54.305994], [-1.477815, 54.306041], [-1.478258, 54.306029], [-1.478943, 54.305923], [-1.479971, 54.307369], [-1.480978, 54.307181], [-1.481562, 54.308098], [-1.483814, 54.307567], [-1.48768, 54.30616], [-1.489885, 54.30512], [-1.49094, 54.304861], [-1.491122, 54.302985], [-1.491114, 54.301758], [-1.490847, 54.3008], [-1.490582, 54.300071], [-1.490581, 54.299399], [-1.486565, 54.300225], [-1.485373, 54.300255], [-1.482999, 54.300605], [-1.484559, 54.303063], [-1.480353, 54.304136], [-1.476948, 54.3049], [-1.476666, 54.305053], [-1.476586, 54.305253]]]}, "properties": {"description": "all of north yorkshire starting with the fields and live field progress count\n\nfortcraft303", "title": "north yorkshire - fields: 4.5", "group": 3238267104, "fill": "#fb6033"}}, {"type": "Feature", "id": 3253198024, "geometry": {"type": "Polygon", "coordinates": [[[-1.526024, 53.995172], [-1.527633, 53.993918], [-1.527191, 53.992168], [-1.526414, 53.991801], [-1.52307, 53.991422], [-1.521448, 53.993155], [-1.520505, 53.995202], [-1.522905, 53.99547], [-1.524757, 53.995811], [-1.526024, 53.995172]]]}, "properties": {"description": "Crayfish547 & fortcraft303", "title": "The Stray (Harrogate) 1.12", "group": 3238267104, "fill": "#f1ae29"}}, {"type": "Feature", "id": 4009762698, "geometry": {"type": "Polygon", "coordinates": [[[-1.54514, 53.994848], [-1.544836, 53.994497], [-1.545128, 53.994423], [-1.545052, 53.992925], [-1.546091, 53.991993], [-1.547651, 53.992194], [-1.549973, 53.989351], [-1.550893, 53.989251], [-1.554043, 53.990046], [-1.55252, 53.990655], [-1.553768, 53.992114], [-1.550761, 53.993357], [-1.54514, 53.994848]]]}, "properties": {"description": "fortcraft303", "title": "Valley Gardens ~ The Warped Hell", "group": 3238267104, "fill": "#f1ae29"}}, {"type": "Feature", "id": 1893033800, "geometry": {"type": "Polygon", "coordinates": [[[-1.52273, 53.995045], [-1.522977, 53.994748], [-1.522936, 53.994451], [-1.522248, 53.994174], [-1.521414, 53.99425], [-1.521349, 53.994596], [-1.521637, 53.995024], [-1.52216, 53.994952], [-1.52273, 53.995045]]]}, "properties": {"description": "Crayfish547", "title": "Empress Roundabout", "group": 3238267104, "fill": "#ccff00"}}, {"type": "Feature", "id": 1451695643, "geometry": {"type": "Polygon", "coordinates": [[[-1.526225, 53.994162], [-1.526225, 53.993649], [-1.52524, 53.99366], [-1.52528, 53.994216], [-1.526225, 53.994162]]]}, "properties": {"description": "Crayfish547", "title": "Christ Church, High Harrogate", "group": 3238267104, "fill": "#ccff00"}}, {"type": "Feature", "id": 2824916965, "geometry": {"type": "Polygon", "coordinates": [[[-1.537975, 53.992191], [-1.538516, 53.992306], [-1.541253, 53.992537], [-1.541748, 53.992479], [-1.541569, 53.992637], [-1.54139, 53.993117], [-1.541248, 53.99379], [-1.54163, 53.994789], [-1.541272, 53.994657], [-1.540797, 53.994606], [-1.540322, 53.994526], [-1.539846, 53.99455], [-1.538572, 53.994564], [-1.535673, 53.994514], [-1.536448, 53.993312], [-1.536372, 53.992162], [-1.537612, 53.991927], [-1.537975, 53.992191]]]}, "properties": {"description": "fortcraft303 and bosherr", "title": "Harrogate station area", "group": 3238267104, "fill": "#fb6033"}}, {"type": "Feature", "id": 3843322992, "geometry": {"type": "Polygon", "coordinates": [[[-1.548215, 53.801184], [-1.55099, 53.80098], [-1.551383, 53.799851], [-1.553241, 53.799894], [-1.553871, 53.798507], [-1.55463, 53.798647], [-1.555111, 53.797732], [-1.555864, 53.797839], [-1.556281, 53.796868], [-1.549158, 53.796092], [-1.548994, 53.797164], [-1.548425, 53.797432], [-1.547887, 53.79715], [-1.547072, 53.797782], [-1.547066, 53.79806], [-1.547554, 53.798379], [-1.547774, 53.799481], [-1.548215, 53.801184]]]}, "properties": {"title": "Leeds Event", "group": 3238267104, "fill": "#f1ae29"}}, {"type": "Feature", "id": 812258345, "geometry": {"type": "Polygon", "coordinates": [[[-0.896543, 52.241173], [-0.897426, 52.240954], [-0.897359, 52.240717], [-0.8977, 52.240646], [-0.897592, 52.240073], [-0.897993, 52.240054], [-0.897813, 52.239424], [-0.897775, 52.238812], [-0.897213, 52.238533], [-0.897132, 52.237347], [-0.897294, 52.236751], [-0.895303, 52.237061], [-0.893053, 52.237382], [-0.893469, 52.238044], [-0.891231, 52.238669], [-0.891093, 52.238318], [-0.888476, 52.238869], [-0.889263, 52.239627], [-0.890335, 52.240064], [-0.89114, 52.240383], [-0.891838, 52.24065], [-0.892676, 52.240913], [-0.895042, 52.241728], [-0.896543, 52.241173]]]}, "properties": {"description": "FlamePanther10", "title": "Northampton", "group": 2755482033, "fill": "#3cc954"}}, {"type": "Feature", "id": 2420269884, "geometry": {"type": "Polygon", "coordinates": [[[-0.921951, 52.238997], [-0.922144, 52.238941], [-0.922439, 52.238682], [-0.922445, 52.238399], [-0.922085, 52.2381], [-0.921254, 52.238482], [-0.921951, 52.238997]]]}, "properties": {"title": "National Lift Tower", "group": 2755482033, "fill": "#3cc954"}}, {"type": "Feature", "id": 2610288640, "geometry": {"type": "Polygon", "coordinates": [[[-0.940582, 52.255625], [-0.947051, 52.254184], [-0.944702, 52.250228], [-0.938235, 52.25167], [-0.940582, 52.255625]]]}, "properties": {"description": "Duston is a suburb of Northampton and a civil parish in West Northamptonshire, England.\n\nBuilders:\n-Dill", "title": "Duston, Northampton", "group": 2755482033, "fill": "#e32c31"}}, {"type": "Feature", "id": 2009823261, "geometry": {"type": "Polygon", "coordinates": [[[-2.995229, 53.401034], [-2.991626, 53.401824], [-2.989965, 53.399412], [-2.993445, 53.398464], [-2.995229, 53.401034]]]}, "properties": {"description": "Still", "title": "Albert Docks", "group": 1377565569, "fill": "#ffcc00"}}, {"type": "Feature", "id": 196859512, "geometry": {"type": "Polygon", "coordinates": [[[-2.998464, 53.406135], [-2.995729, 53.406716], [-2.995266, 53.406201], [-2.992979, 53.404228], [-2.996593, 53.403313], [-2.998464, 53.406135]]]}, "properties": {"description": "Sole, Ozy, Waymer", "title": "Liverpool Waterfront", "group": 1377565569, "fill": "#ffcc00"}}, {"type": "Feature", "id": 700341931, "geometry": {"type": "Polygon", "coordinates": [[[-2.915695, 53.4395], [-2.914811, 53.438744], [-2.913763, 53.438294], [-2.912857, 53.438817], [-2.90976, 53.440535], [-2.912691, 53.44286], [-2.912284, 53.443532], [-2.912408, 53.444217], [-2.913309, 53.444767], [-2.914393, 53.444891], [-2.915324, 53.44474], [-2.916306, 53.445383], [-2.917197, 53.446087], [-2.917817, 53.44635], [-2.9181, 53.446274], [-2.919803, 53.447565], [-2.920076, 53.447391], [-2.919278, 53.446596], [-2.918831, 53.446674], [-2.917722, 53.445859], [-2.917858, 53.445693], [-2.918928, 53.445477], [-2.918897, 53.444203], [-2.918187, 53.443916], [-2.919791, 53.443306], [-2.919149, 53.442782], [-2.918486, 53.442366], [-2.918959, 53.442067], [-2.918185, 53.441455], [-2.918268, 53.440976], [-2.918284, 53.440611], [-2.917252, 53.440333], [-2.915695, 53.4395]]]}, "properties": {"description": "plot system location", "title": "liverpool application area", "group": 1377565569, "fill": "#f18729"}}, {"type": "Feature", "id": 2133793695, "geometry": {"type": "Polygon", "coordinates": [[[-1.133894, 52.998724], [-1.132158, 52.99836], [-1.130266, 52.998088], [-1.130404, 52.997421], [-1.1305, 52.996415], [-1.130473, 52.995886], [-1.130427, 52.995448], [-1.127934, 52.996037], [-1.12616, 52.99663], [-1.125343, 52.997048], [-1.120995, 52.99933], [-1.119452, 52.998483], [-1.118555, 52.997646], [-1.117492, 52.998059], [-1.116833, 52.998195], [-1.116084, 52.998222], [-1.114028, 52.999196], [-1.112274, 53.000758], [-1.111371, 53.000777], [-1.110923, 53.00097], [-1.109854, 53.000257], [-1.109636, 52.999571], [-1.107882, 52.998554], [-1.109937, 52.99714], [-1.110731, 52.996434], [-1.111026, 52.995999], [-1.111113, 52.995642], [-1.111062, 52.995264], [-1.110517, 52.995183], [-1.110607, 52.99474], [-1.112035, 52.994921], [-1.112707, 52.994871], [-1.113911, 52.995068], [-1.11393, 52.994979], [-1.11183, 52.993754], [-1.11208, 52.993549], [-1.113373, 52.993283], [-1.113962, 52.992925], [-1.114481, 52.992771], [-1.11507, 52.992748], [-1.115787, 52.992925], [-1.117211, 52.993285], [-1.117769, 52.993297], [-1.118326, 52.993223], [-1.118825, 52.993011], [-1.11912, 52.992796], [-1.119581, 52.992399], [-1.119702, 52.992156], [-1.119619, 52.991905], [-1.119472, 52.991616], [-1.119292, 52.991466], [-1.120061, 52.991026], [-1.119721, 52.990749], [-1.124383, 52.988633], [-1.125081, 52.988536], [-1.125452, 52.988552], [-1.125964, 52.989743], [-1.126649, 52.989658], [-1.128785, 52.990825], [-1.130731, 52.989402], [-1.133504, 52.990717], [-1.133645, 52.990462], [-1.134042, 52.990536], [-1.133958, 52.991098], [-1.134797, 52.99128], [-1.13456, 52.991784], [-1.138, 52.992744], [-1.139524, 52.992941], [-1.139118, 52.993608], [-1.138318, 52.99463], [-1.137979, 52.99537], [-1.137831, 52.99638], [-1.137114, 52.996692], [-1.136441, 52.996842], [-1.135641, 52.997193], [-1.134322, 52.998246], [-1.133894, 52.998724]]]}, "properties": {"description": "Built By Mr_Pearly and Wotinfaru", "title": "Arnold - Woodthorpe", "group": 2959709471, "fill": "#f15929"}}, {"type": "Feature", "id": 3545335335, "geometry": {"type": "Polygon", "coordinates": [[[-1.160138, 52.982849], [-1.160259, 52.983332], [-1.160159, 52.983407], [-1.160452, 52.98404], [-1.160603, 52.984077], [-1.161102, 52.985156], [-1.159199, 52.985499], [-1.159465, 52.986546], [-1.158232, 52.986783], [-1.154197, 52.987295], [-1.154045, 52.986838], [-1.1528, 52.987], [-1.152454, 52.986168], [-1.15229, 52.986157], [-1.152191, 52.986131], [-1.152128, 52.98607], [-1.152124, 52.985987], [-1.152178, 52.985888], [-1.152292, 52.985822], [-1.152031, 52.985252], [-1.151558, 52.985306], [-1.151214, 52.98527], [-1.150925, 52.98522], [-1.150606, 52.985246], [-1.150277, 52.985368], [-1.150046, 52.985501], [-1.14981, 52.985586], [-1.149525, 52.985637], [-1.149395, 52.985681], [-1.147668, 52.985129], [-1.147422, 52.985177], [-1.147271, 52.985147], [-1.14724, 52.985103], [-1.147214, 52.985043], [-1.147262, 52.984973], [-1.147322, 52.984916], [-1.147439, 52.984878], [-1.147463, 52.984843], [-1.14748, 52.984382], [-1.14788, 52.984408], [-1.148286, 52.984238], [-1.148661, 52.984242], [-1.149885, 52.984113], [-1.150346, 52.984117], [-1.153126, 52.983662], [-1.153356, 52.9836], [-1.154732, 52.983506], [-1.154773, 52.98357], [-1.155538, 52.983508], [-1.15568, 52.983437], [-1.158023, 52.983314], [-1.158295, 52.983106], [-1.160138, 52.982849]]]}, "properties": {"title": "HMP Nottingham", "group": 2959709471, "fill": "#ff3a15"}}, {"type": "Feature", "id": 3140968515, "geometry": {"type": "Polygon", "coordinates": [[[-1.118513, 52.997661], [-1.117888, 52.997881], [-1.117794, 52.997891], [-1.117429, 52.998061], [-1.116879, 52.998198], [-1.116509, 52.998236], [-1.116395, 52.998206], [-1.11611, 52.998252], [-1.115011, 52.998724], [-1.114129, 52.999162], [-1.113995, 52.999197], [-1.113488, 52.99906], [-1.112468, 52.998628], [-1.111587, 52.998257], [-1.110892, 52.997871], [-1.109971, 52.997165], [-1.110754, 52.996445], [-1.110994, 52.996135], [-1.111064, 52.99598], [-1.111133, 52.995665], [-1.11105, 52.995185], [-1.11208, 52.99517], [-1.112716, 52.995326], [-1.112775, 52.996164], [-1.113749, 52.996229], [-1.113706, 52.995966], [-1.114686, 52.995525], [-1.11506, 52.995697], [-1.115206, 52.995792], [-1.116935, 52.996634], [-1.117507, 52.996917], [-1.117841, 52.997121], [-1.118089, 52.997307], [-1.118217, 52.997391], [-1.118513, 52.997661]]]}, "properties": {"description": "Built by Mr_Pearly and Wotinfaru", "title": "Arnold Hill Academy", "group": 2959709471, "fill": "#a8d43c"}}, {"type": "Feature", "id": 3562365822, "geometry": {"type": "Polygon", "coordinates": [[[-1.12915, 52.993884], [-1.12786, 52.993206], [-1.127779, 52.993053], [-1.125418, 52.993417], [-1.126477, 52.994007], [-1.126793, 52.994454], [-1.12915, 52.993884]]]}, "properties": {"description": "Built by Mr_Pearly", "title": "Arno Vale Jr. School", "group": 2959709471, "fill": "#8dd43c"}}, {"type": "Feature", "id": 2541134161, "geometry": {"type": "Polygon", "coordinates": [[[-1.125416, 52.993416], [-1.126477, 52.994007], [-1.126792, 52.994454], [-1.126126, 52.994621], [-1.126091, 52.994564], [-1.124625, 52.9936], [-1.124602, 52.99353], [-1.125416, 52.993416]]]}, "properties": {"description": "Built By Mr_Pearly and Wotinfaru", "title": "Woodthorpe Infants School", "group": 2959709471, "fill": "#d4ce3c"}}, {"type": "Feature", "id": 2666324216, "geometry": {"type": "Polygon", "coordinates": [[[-1.137298, 52.993109], [-1.1362, 52.992799], [-1.135858, 52.993236], [-1.136827, 52.993481], [-1.137031, 52.993277], [-1.137065, 52.993199], [-1.137186, 52.993135], [-1.137298, 52.993109]]]}, "properties": {"description": "By Mr_Pearly", "title": "The Good Shepherd Church", "group": 2959709471, "fill": "#bfd43c"}}, {"type": "Feature", "id": 1670006542, "geometry": {"type": "Polygon", "coordinates": [[[-1.123883, 52.990458], [-1.123397, 52.990123], [-1.123115, 52.990261], [-1.123573, 52.990611], [-1.123883, 52.990458]]]}, "properties": {"description": "By Mr_Pearly", "title": "St. Mark's Church", "group": 2959709471, "fill": "#8dd43c"}}, {"type": "Feature", "id": 2180357563, "geometry": {"type": "Polygon", "coordinates": [[[-1.134287, 52.992377], [-1.13437, 52.992252], [-1.134246, 52.992224], [-1.134344, 52.99209], [-1.134033, 52.99203], [-1.134044, 52.991883], [-1.133921, 52.991856], [-1.133874, 52.991778], [-1.133871, 52.991467], [-1.13393, 52.991408], [-1.133916, 52.991171], [-1.134075, 52.990521], [-1.133672, 52.990429], [-1.133441, 52.991097], [-1.133321, 52.991183], [-1.13331, 52.991649], [-1.132862, 52.991594], [-1.132832, 52.991689], [-1.132693, 52.991622], [-1.132343, 52.991823], [-1.131945, 52.991619], [-1.131231, 52.992117], [-1.131403, 52.992236], [-1.13204, 52.992264], [-1.132051, 52.992612], [-1.132454, 52.992523], [-1.132595, 52.992764], [-1.133148, 52.992662], [-1.133179, 52.992784], [-1.13359, 52.992724], [-1.13404, 52.99269], [-1.134043, 52.992734], [-1.134135, 52.992741], [-1.134287, 52.992377]]]}, "properties": {"title": "Woodthorpe Roundabout", "group": 2959709471, "fill": "#d44e3c"}}, {"type": "Feature", "id": 1391039894, "geometry": {"type": "Polygon", "coordinates": [[[-1.129607, 52.994018], [-1.129696, 52.993915], [-1.131565, 52.992799], [-1.132073, 52.992636], [-1.133099, 52.992379], [-1.133126, 52.992659], [-1.133089, 52.993061], [-1.131379, 52.994102], [-1.130393, 52.99469], [-1.130013, 52.994763], [-1.129607, 52.994018]]]}, "properties": {"title": "Wadham - Thackarey's Block", "group": 2959709471, "fill": "#d49c3c"}}, {"type": "Feature", "id": 1675885777, "geometry": {"type": "Polygon", "coordinates": [[[-1.127827, 52.992948], [-1.127518, 52.992292], [-1.126174, 52.992529], [-1.124503, 52.992758], [-1.123581, 52.992914], [-1.123235, 52.993097], [-1.123884, 52.993533], [-1.125319, 52.993344], [-1.127827, 52.992948]]]}, "properties": {"title": "Arno Vale - Patterdale Block", "group": 2959709471, "fill": "#d4533c"}}, {"type": "Feature", "id": 871362424, "geometry": {"type": "Polygon", "coordinates": [[[-1.12104, 52.994258], [-1.120645, 52.994366], [-1.120166, 52.994421], [-1.120099, 52.994473], [-1.119802, 52.994571], [-1.119706, 52.994506], [-1.119501, 52.994518], [-1.118901, 52.99475], [-1.11886, 52.994672], [-1.118675, 52.99469], [-1.118654, 52.994626], [-1.118321, 52.994689], [-1.117258, 52.994885], [-1.116818, 52.994974], [-1.11567, 52.99515], [-1.115578, 52.995115], [-1.115163, 52.99512], [-1.115046, 52.995192], [-1.11485, 52.995211], [-1.114722, 52.995207], [-1.114656, 52.994844], [-1.115182, 52.994822], [-1.115639, 52.994778], [-1.116231, 52.994694], [-1.117037, 52.994554], [-1.117735, 52.994435], [-1.117717, 52.994332], [-1.117968, 52.994305], [-1.118315, 52.994262], [-1.119143, 52.994164], [-1.119849, 52.994064], [-1.120372, 52.993976], [-1.120731, 52.99393], [-1.121074, 52.993743], [-1.121247, 52.993804], [-1.121528, 52.993952], [-1.121058, 52.994031], [-1.12104, 52.994258]]]}, "properties": {"title": "Arno Vale Road Underpass Area", "group": 2959709471, "fill": "#d49c3c"}}, {"type": "Feature", "id": 1554331546, "geometry": {"type": "Polygon", "coordinates": [[[-1.118901, 52.994754], [-1.119105, 52.994919], [-1.119984, 52.995481], [-1.119994, 52.995838], [-1.119229, 52.996219], [-1.11817, 52.996313], [-1.117392, 52.995804], [-1.11747, 52.995737], [-1.117581, 52.99571], [-1.117668, 52.995598], [-1.11762, 52.995387], [-1.117434, 52.994849], [-1.118651, 52.994626], [-1.118672, 52.994691], [-1.118858, 52.994673], [-1.118901, 52.994754]]]}, "properties": {"title": "Ernhale Infants and Junior Schools", "group": 2959709471, "fill": "#d43c3c"}}, {"type": "Feature", "id": 145559766, "geometry": {"type": "Polygon", "coordinates": [[[-1.127103, 52.995202], [-1.127678, 52.995039], [-1.1277, 52.99499], [-1.129699, 52.99505], [-1.130052, 52.995049], [-1.130321, 52.995047], [-1.131253, 52.995026], [-1.131579, 52.995024], [-1.131843, 52.995031], [-1.132741, 52.995029], [-1.133542, 52.995066], [-1.133837, 52.99507], [-1.134224, 52.995042], [-1.135219, 52.994922], [-1.135514, 52.994858], [-1.135665, 52.995222], [-1.135737, 52.995297], [-1.134376, 52.99529], [-1.134047, 52.99526], [-1.133818, 52.995271], [-1.133547, 52.995284], [-1.1327, 52.995284], [-1.131886, 52.995312], [-1.130461, 52.995304], [-1.130166, 52.995225], [-1.129481, 52.995234], [-1.128131, 52.995161], [-1.127584, 52.995143], [-1.127547, 52.995107], [-1.127146, 52.995229], [-1.127103, 52.995202]]]}, "properties": {"title": "Arnold Nature Walk", "group": 2959709471, "fill": "#d44a3c"}}, {"type": "Feature", "id": 2995753347, "geometry": {"type": "Polygon", "coordinates": [[[-1.126105, 52.994594], [-1.125488, 52.994726], [-1.125435, 52.994736], [-1.124432, 52.995008], [-1.124245, 52.994885], [-1.124152, 52.994857], [-1.124055, 52.994803], [-1.123575, 52.994498], [-1.123418, 52.994394], [-1.122745, 52.993909], [-1.122683, 52.993834], [-1.123766, 52.993651], [-1.124602, 52.993528], [-1.124626, 52.993599], [-1.126093, 52.994562], [-1.126105, 52.994594]]]}, "properties": {"description": "By Mr_Pearly", "title": "Helicopter Park", "group": 2959709471, "fill": "#91d43c"}}, {"type": "Feature", "id": 1800461472, "geometry": {"type": "Polygon", "coordinates": [[[-1.137399, 52.993143], [-1.138146, 52.993348], [-1.138287, 52.993402], [-1.138018, 52.993903], [-1.13805, 52.993944], [-1.138243, 52.99399], [-1.13821, 52.994031], [-1.137915, 52.994042], [-1.137718, 52.994187], [-1.137584, 52.994235], [-1.137244, 52.994608], [-1.137, 52.994883], [-1.136635, 52.99488], [-1.135661, 52.994809], [-1.134977, 52.994702], [-1.134977, 52.994612], [-1.135366, 52.994435], [-1.135326, 52.994336], [-1.136089, 52.993867], [-1.136822, 52.993483], [-1.137399, 52.993143]]]}, "properties": {"title": "Thackrey's Lane Recreation Ground", "group": 2959709471, "fill": "#d43c3c"}}, {"type": "Feature", "id": 701016765, "geometry": {"type": "Polygon", "coordinates": [[[-1.114856, 52.995213], [-1.114899, 52.995396], [-1.114976, 52.995506], [-1.115497, 52.99578], [-1.115862, 52.995502], [-1.115659, 52.995191], [-1.11567, 52.995147], [-1.11557, 52.995112], [-1.115159, 52.995118], [-1.115049, 52.995192], [-1.114856, 52.995213]]]}, "properties": {"title": "The Arrow", "group": 2959709471, "fill": "#3cd44b"}}, {"type": "Feature", "id": 1966059914, "geometry": {"type": "Polygon", "coordinates": [[[-1.124316, 52.994928], [-1.123969, 52.994896], [-1.123951, 52.995019], [-1.123644, 52.995102], [-1.123796, 52.995252], [-1.122857, 52.995498], [-1.121949, 52.994829], [-1.121042, 52.994258], [-1.12106, 52.994055], [-1.122666, 52.993832], [-1.122741, 52.993913], [-1.123466, 52.994438], [-1.124143, 52.994855], [-1.124258, 52.994885], [-1.124316, 52.994928]]]}, "properties": {"title": "\"Legoland\" block", "group": 2959709471, "fill": "#d4603c"}}, {"type": "Feature", "id": 3556134306, "geometry": {"type": "Polygon", "coordinates": [[[-1.135777, 52.99713], [-1.136031, 52.997021], [-1.13585, 52.996893], [-1.135723, 52.996895], [-1.135597, 52.996822], [-1.135653, 52.99679], [-1.135081, 52.996553], [-1.135134, 52.996502], [-1.13455, 52.996278], [-1.134109, 52.99603], [-1.134227, 52.995878], [-1.134374, 52.995289], [-1.134038, 52.995259], [-1.13357, 52.995291], [-1.132718, 52.995279], [-1.131894, 52.995312], [-1.130434, 52.9953], [-1.130315, 52.995266], [-1.130425, 52.995449], [-1.130479, 52.995865], [-1.13106, 52.995867], [-1.131197, 52.996387], [-1.131213, 52.996719], [-1.131138, 52.997288], [-1.131018, 52.997832], [-1.131792, 52.99793], [-1.132003, 52.998045], [-1.132542, 52.998123], [-1.132655, 52.998117], [-1.134045, 52.998375], [-1.134569, 52.997878], [-1.134852, 52.997664], [-1.13526, 52.997366], [-1.135477, 52.997265], [-1.135777, 52.99713]]]}, "properties": {"title": "Arnot Hill Park", "group": 2959709471, "fill": "#d43c3c"}}, {"type": "Feature", "id": 1923037484, "geometry": {"type": "Polygon", "coordinates": [[[-1.983275, 50.721907], [-1.98341, 50.720585], [-1.983685, 50.719334], [-1.983717, 50.718818], [-1.983406, 50.718262], [-1.982994, 50.717885], [-1.981209, 50.717185], [-1.978074, 50.716202], [-1.974576, 50.715417], [-1.971582, 50.715231], [-1.969086, 50.71523], [-1.965543, 50.715915], [-1.962402, 50.716795], [-1.959977, 50.717825], [-1.957891, 50.718673], [-1.956527, 50.719436], [-1.9551, 50.72003], [-1.95321, 50.720811], [-1.951575, 50.721541], [-1.949947, 50.722177], [-1.948619, 50.722592], [-1.947468, 50.7229], [-1.946859, 50.723053], [-1.946937, 50.72326], [-1.949236, 50.722681], [-1.950692, 50.722241], [-1.952637, 50.721449], [-1.954752, 50.720386], [-1.956713, 50.719518], [-1.959392, 50.718497], [-1.964047, 50.716816], [-1.967248, 50.71587], [-1.97203, 50.715644], [-1.975612, 50.715837], [-1.97755, 50.716387], [-1.982242, 50.717746], [-1.983037, 50.718274], [-1.98336, 50.719435], [-1.982942, 50.721459], [-1.982933, 50.721933], [-1.983089, 50.721661], [-1.983275, 50.721907]]]}, "properties": {"title": "Poole-parkstone railway", "group": 1812531257, "fill": "#f18729"}}, {"type": "Feature", "id": 2009309060, "geometry": {"type": "Polygon", "coordinates": [[[-1.995798, 50.68051], [-1.990174, 50.681351], [-1.989842, 50.680891], [-1.991149, 50.680602], [-1.990361, 50.679615], [-1.990983, 50.677932], [-1.994449, 50.67784], [-1.995092, 50.678445], [-1.995798, 50.68051]]]}, "properties": {"title": "Green Island", "group": 1812531257, "fill": "#ff3a15"}}, {"type": "Feature", "id": 1021044184, "geometry": {"type": "Polygon", "coordinates": [[[-1.975148, 50.718031], [-1.973135, 50.718595], [-1.97242, 50.719131], [-1.973003, 50.719435], [-1.972755, 50.719934], [-1.972128, 50.720248], [-1.97029, 50.720498], [-1.96762, 50.720996], [-1.967197, 50.721163], [-1.96673, 50.720858], [-1.965606, 50.721264], [-1.964454, 50.721911], [-1.964147, 50.722114], [-1.964468, 50.722447], [-1.963724, 50.722742], [-1.962323, 50.722151], [-1.961448, 50.721643], [-1.961492, 50.720932], [-1.960004, 50.720719], [-1.958326, 50.720692], [-1.958311, 50.720507], [-1.957728, 50.720202], [-1.958443, 50.719768], [-1.959829, 50.720202], [-1.960047, 50.719934], [-1.960587, 50.720082], [-1.965271, 50.718271], [-1.965169, 50.717976], [-1.965008, 50.717773], [-1.963607, 50.716969], [-1.963199, 50.716701], [-1.966963, 50.715768], [-1.970567, 50.715389], [-1.972872, 50.715546], [-1.972668, 50.71623], [-1.972274, 50.717329], [-1.972784, 50.717532], [-1.973062, 50.718308], [-1.975148, 50.718031]]]}, "properties": {"description": "AMgr8", "title": "Poole park", "group": 1812531257, "fill": "#f18729"}}, {"type": "Feature", "id": 4037513163, "geometry": {"type": "Polygon", "coordinates": [[[-1.978071, 50.725086], [-1.977398, 50.725027], [-1.977415, 50.724746], [-1.977604, 50.724393], [-1.978635, 50.723075], [-1.979464, 50.721816], [-1.979526, 50.721716], [-1.978842, 50.721615], [-1.979122, 50.721066], [-1.979165, 50.720852], [-1.979169, 50.720769], [-1.979141, 50.720596], [-1.979096, 50.720421], [-1.979049, 50.720213], [-1.978988, 50.720164], [-1.97884, 50.720049], [-1.978556, 50.719865], [-1.9786, 50.719688], [-1.978117, 50.719624], [-1.977773, 50.719628], [-1.977654, 50.719219], [-1.977633, 50.71895], [-1.977069, 50.719022], [-1.976874, 50.719048], [-1.976528, 50.718455], [-1.976475, 50.718235], [-1.976402, 50.718192], [-1.976219, 50.717998], [-1.976028, 50.718007], [-1.975298, 50.717847], [-1.975366, 50.717515], [-1.975266, 50.717391], [-1.974703, 50.717292], [-1.974946, 50.716755], [-1.975921, 50.716906], [-1.975979, 50.716792], [-1.976206, 50.715798], [-1.977131, 50.716043], [-1.97733, 50.716421], [-1.977366, 50.716731], [-1.977333, 50.717124], [-1.97748, 50.717131], [-1.977581, 50.717103], [-1.977436, 50.717403], [-1.977565, 50.717429], [-1.977479, 50.717562], [-1.977354, 50.717544], [-1.977321, 50.717633], [-1.977511, 50.717637], [-1.978062, 50.717688], [-1.978074, 50.717778], [-1.97889, 50.717949], [-1.979521, 50.717729], [-1.979891, 50.718062], [-1.979495, 50.718292], [-1.979801, 50.718566], [-1.979878, 50.718688], [-1.980071, 50.718618], [-1.980123, 50.718661], [-1.980183, 50.718534], [-1.980421, 50.718509], [-1.980557, 50.718591], [-1.980436, 50.718646], [-1.98049, 50.718728], [-1.980605, 50.718842], [-1.981422, 50.718546], [-1.981672, 50.718847], [-1.981633, 50.719063], [-1.981341, 50.719179], [-1.981279, 50.719127], [-1.980971, 50.719233], [-1.980993, 50.719251], [-1.981266, 50.719174], [-1.98115, 50.719325], [-1.981061, 50.719334], [-1.981338, 50.719281], [-1.981483, 50.719288], [-1.98196, 50.719154], [-1.982367, 50.719055], [-1.982745, 50.718751], [-1.98285, 50.71863], [-1.98312, 50.718698], [-1.983329, 50.718542], [-1.983536, 50.719051], [-1.983532, 50.719395], [-1.983487, 50.719589], [-1.98305, 50.719544], [-1.983027, 50.719326], [-1.983024, 50.719215], [-1.982914, 50.719215], [-1.982714, 50.719171], [-1.982197, 50.719468], [-1.982255, 50.719655], [-1.982566, 50.720591], [-1.982094, 50.720657], [-1.982329, 50.721628], [-1.983455, 50.723332], [-1.984661, 50.725344], [-1.985459, 50.726622], [-1.985099, 50.726909], [-1.981624, 50.726028], [-1.980999, 50.725965], [-1.979777, 50.725631], [-1.980458, 50.72474], [-1.979198, 50.724497], [-1.978468, 50.724369], [-1.978671, 50.724008], [-1.978196, 50.723918], [-1.978245, 50.723816], [-1.978743, 50.723905], [-1.979228, 50.723264], [-1.978761, 50.72314], [-1.978835, 50.723043], [-1.97931, 50.723181], [-1.979657, 50.722669], [-1.979201, 50.722509], [-1.97777, 50.724364], [-1.977695, 50.72465], [-1.978071, 50.724749], [-1.978071, 50.725086]]]}, "properties": {"description": "AMgr8, refrosted", "title": "Poole Completed Area", "group": 1812531257, "fill": "#3cc954"}}, {"type": "Feature", "id": 1044748528, "geometry": {"type": "Polygon", "coordinates": [[[-1.962804, 50.722093], [-1.962714, 50.722039], [-1.962603, 50.721998], [-1.962424, 50.721963], [-1.962151, 50.721866], [-1.961967, 50.721707], [-1.961818, 50.721431], [-1.961767, 50.721255], [-1.961852, 50.720942], [-1.96198, 50.720818], [-1.962228, 50.720591], [-1.962595, 50.720477], [-1.962941, 50.720437], [-1.963384, 50.720466], [-1.963636, 50.720528], [-1.963922, 50.720666], [-1.964118, 50.720812], [-1.964293, 50.721042], [-1.964323, 50.721199], [-1.964289, 50.721469], [-1.964217, 50.721628], [-1.963956, 50.721836], [-1.963833, 50.72192], [-1.963658, 50.721969], [-1.96338, 50.722015], [-1.963265, 50.722066], [-1.963188, 50.722109], [-1.962804, 50.722093]]]}, "properties": {"description": "AMgr8", "title": "Poole Park Completed", "group": 1812531257, "fill": "#3cc954"}}, {"type": "Feature", "id": 190571803, "geometry": {"type": "Polygon", "coordinates": [[[0.531931, 51.383235], [0.532982, 51.383498], [0.532789, 51.384022], [0.531125, 51.383913], [0.531931, 51.383235]]]}, "properties": {"description": "alekseim", "title": "Chatham Naval Memorial", "group": 3504232284, "fill": "#3cc954"}}, {"type": "Feature", "id": 677944440, "geometry": {"type": "Polygon", "coordinates": [[[0.501183, 51.390917], [0.500564, 51.390045], [0.50058, 51.389605], [0.501056, 51.389174], [0.50154, 51.389021], [0.502373, 51.38958], [0.502674, 51.389456], [0.502841, 51.389733], [0.502864, 51.39005], [0.502444, 51.390026], [0.50215, 51.390382], [0.501619, 51.390699], [0.501183, 51.390917]]]}, "properties": {"description": "Alekseim", "title": "Rochester Castle", "group": 3504232284, "fill": "#3cc954"}}, {"type": "Feature", "id": 1400086163, "geometry": {"type": "Polygon", "coordinates": [[[0.524161, 51.38425], [0.525247, 51.385457], [0.523974, 51.385286], [0.523637, 51.384694], [0.523837, 51.384344], [0.524161, 51.38425]]]}, "properties": {"description": "NinjaWarrior", "title": "Chatham Bus Station", "group": 3504232284, "fill": "#fff700"}}, {"type": "Feature", "id": 4106764530, "geometry": {"type": "Polygon", "coordinates": [[[0.524309, 51.383679], [0.524833, 51.384296], [0.525253, 51.384186], [0.524633, 51.38355], [0.524309, 51.383679]]]}, "properties": {"description": "NinjaWarrior", "title": "Mountbatten House", "group": 3504232284, "fill": "#3cd44b"}}, {"type": "Feature", "id": 3669901684, "geometry": {"type": "Polygon", "coordinates": [[[0.593399, 51.371147], [0.593678, 51.370771], [0.593388, 51.370242], [0.594907, 51.369432], [0.596854, 51.370937], [0.595394, 51.371589], [0.595034, 51.37127], [0.594304, 51.371538], [0.593979, 51.371205], [0.593504, 51.371292], [0.593399, 51.371147]]]}, "properties": {"description": "NinjaWarrior", "title": "Rainham Mark Grammar School", "group": 3504232284, "fill": "#cc1b15"}}, {"type": "Feature", "id": 3139311410, "geometry": {"type": "Polygon", "coordinates": [[[0.511559, 51.362861], [0.511695, 51.360714], [0.512505, 51.360348], [0.513451, 51.360348], [0.514307, 51.360404], [0.514713, 51.36062], [0.515133, 51.360948], [0.515463, 51.361454], [0.515944, 51.362279], [0.516079, 51.362673], [0.514908, 51.362889], [0.511559, 51.362861]]]}, "properties": {"description": "Dem0nt", "title": "Wilson Av/Wallace Rd Estate", "group": 3504232284, "fill": "#f18729"}}, {"type": "Feature", "id": 1474552489, "geometry": {"type": "Polygon", "coordinates": [[[0.520396, 51.369088], [0.520396, 51.368931], [0.519926, 51.368945], [0.519651, 51.367873], [0.524347, 51.367773], [0.524725, 51.369274], [0.520396, 51.369088]]]}, "properties": {"description": "alekseim", "title": "Maidstone Road Sports Ground & Chatham Bowling Club", "group": 3504232284, "fill": "#3cc954"}}, {"type": "Feature", "id": 1275547866, "geometry": {"type": "Polygon", "coordinates": [[[0.532796, 51.39644], [0.53216, 51.396688], [0.532995, 51.397521], [0.532452, 51.397749], [0.532734, 51.398036], [0.532995, 51.39814], [0.532103, 51.398844], [0.531323, 51.399525], [0.529396, 51.399929], [0.526295, 51.396271], [0.525807, 51.395468], [0.525515, 51.394553], [0.524904, 51.394612], [0.52381, 51.39127], [0.524308, 51.391217], [0.523744, 51.389727], [0.524721, 51.389598], [0.525031, 51.39032], [0.525859, 51.390185], [0.526338, 51.391715], [0.526723, 51.391674], [0.527109, 51.392114], [0.527738, 51.392413], [0.528302, 51.392724], [0.531739, 51.395473], [0.532796, 51.39644]]]}, "properties": {"description": "alekseim", "title": "Historic Dockyard Chatham", "group": 3504232284, "fill": "#fff700"}}, {"type": "Feature", "id": 3237385316, "geometry": {"type": "Polygon", "coordinates": [[[0.532792, 51.39644], [0.533219, 51.396858], [0.53252, 51.397067], [0.532162, 51.396692], [0.532792, 51.39644]]]}, "properties": {"description": "alekseim", "title": "Busy Bees in Chatham", "group": 3504232284, "fill": "#3cc954"}}, {"type": "Feature", "id": 3811533480, "geometry": {"type": "Polygon", "coordinates": [[[-1.619772, 54.963063], [-1.620059, 54.962939], [-1.617114, 54.960262], [-1.616699, 54.96043], [-1.617506, 54.961032], [-1.618275, 54.961691], [-1.619772, 54.963063]]]}, "properties": {"description": "Redheugh Bridge - Built by Jtupps", "title": "Redheugh Bridge", "group": 3635558638, "fill": "#00ff00"}}, {"type": "Feature", "id": 1255682462, "geometry": {"type": "Polygon", "coordinates": [[[-1.612124, 54.963376], [-1.61397, 54.964695], [-1.615163, 54.965517], [-1.615807, 54.966075], [-1.616081, 54.965939], [-1.612294, 54.963187], [-1.612124, 54.963376]]]}, "properties": {"description": "Queen Elizabeth Bridge - Built by Jtupps", "title": "Queen Elizabeth Bridge", "group": 3635558638, "fill": "#00ff00"}}, {"type": "Feature", "id": 1797638336, "geometry": {"type": "Polygon", "coordinates": [[[-1.615357, 54.962023], [-1.614733, 54.962285], [-1.61524, 54.962488], [-1.616373, 54.963433], [-1.617728, 54.964643], [-1.618028, 54.964487], [-1.615635, 54.96242], [-1.615357, 54.962023]]]}, "properties": {"description": "King Edward VII Bridge - Built by Jtupps", "title": "King Edward VII Bridge", "group": 3635558638, "fill": "#00ff00"}}, {"type": "Feature", "id": 3952086493, "geometry": {"type": "Polygon", "coordinates": [[[-1.60697, 54.966786], [-1.606694, 54.966901], [-1.608341, 54.968148], [-1.608542, 54.968068], [-1.60697, 54.966786]]]}, "properties": {"description": "Swing Bridge - Built By Jtupps", "title": "Swing Bridge", "group": 3635558638, "fill": "#00ff00"}}, {"type": "Feature", "id": 4010562966, "geometry": {"type": "Polygon", "coordinates": [[[-1.599191, 54.969143], [-1.599, 54.969513], [-1.599063, 54.969878], [-1.599558, 54.970162], [-1.600117, 54.970251], [-1.6004, 54.970187], [-1.600357, 54.970089], [-1.600669, 54.970008], [-1.600577, 54.969915], [-1.600202, 54.969971], [-1.599749, 54.969257], [-1.600089, 54.969111], [-1.599972, 54.96905], [-1.599688, 54.969117], [-1.599602, 54.969053], [-1.599191, 54.969143]]]}, "properties": {"description": "Millennium Bridge - Built By Jtupps", "title": "Millennium Bridge", "group": 3635558638, "fill": "#00ff00"}}, {"type": "Feature", "id": 799897996, "geometry": {"type": "Polygon", "coordinates": [[[-1.609491, 54.967461], [-1.609084, 54.967636], [-1.607644, 54.966518], [-1.608124, 54.966401], [-1.609491, 54.967461]]]}, "properties": {"description": "High Level Bridge - Built by Jtupps", "title": "High Level Bridge", "group": 3635558638, "fill": "#00ff00"}}, {"type": "Feature", "id": 1006479396, "geometry": {"type": "Polygon", "coordinates": [[[-1.60708, 54.968715], [-1.6066, 54.968877], [-1.605044, 54.967243], [-1.605574, 54.9671], [-1.60708, 54.968715]]]}, "properties": {"description": "/warp Newcastle - Tyne Bridge", "title": "Tyne Bridge", "group": 3635558638, "fill": "#00ff00"}}, {"type": "Feature", "id": 2694016339, "geometry": {"type": "Polygon", "coordinates": [[[-1.609289, 54.967484], [-1.607686, 54.968103], [-1.606286, 54.968304], [-1.608238, 54.970298], [-1.609019, 54.969826], [-1.609733, 54.969378], [-1.610729, 54.968976], [-1.611887, 54.968698], [-1.61112, 54.968497], [-1.610325, 54.96825], [-1.6098, 54.96794], [-1.609289, 54.967484]]]}, "properties": {"description": "Built by Jtupps", "title": "Newcastle Castle + Quayside", "group": 3635558638, "fill": "#fff200"}}, {"type": "Feature", "id": 766354933, "geometry": {"type": "Polygon", "coordinates": [[[-1.092307, 53.957517], [-1.092779, 53.956716], [-1.093857, 53.956405], [-1.094708, 53.956119], [-1.094242, 53.955484], [-1.095266, 53.955089], [-1.095539, 53.955281], [-1.096933, 53.954943], [-1.097395, 53.955281], [-1.095015, 53.957313], [-1.09464, 53.957746], [-1.094418, 53.958383], [-1.094139, 53.958986], [-1.094257, 53.959944], [-1.094918, 53.960681], [-1.094283, 53.960714], [-1.093737, 53.960198], [-1.093403, 53.960777], [-1.092973, 53.960689], [-1.092547, 53.958556], [-1.091929, 53.958177], [-1.092307, 53.957517]]]}, "properties": {"title": "York Station", "group": 263485724, "fill": "#ff3a15"}}, {"type": "Feature", "id": 3703870042, "geometry": {"type": "Polygon", "coordinates": [[[-1.081501, 53.962951], [-1.080911, 53.962464], [-1.080637, 53.962275], [-1.080679, 53.962215], [-1.080971, 53.961921], [-1.081662, 53.961728], [-1.08218, 53.961784], [-1.082675, 53.961935], [-1.083259, 53.962005], [-1.083485, 53.962075], [-1.0837, 53.962548], [-1.083432, 53.962864], [-1.081501, 53.962951]]]}, "properties": {"description": "auraxfloral", "title": "York Minster Rebuild", "group": 263485724, "fill": "#cc1b15"}}, {"type": "Feature", "id": 3316103214, "geometry": {"type": "Polygon", "coordinates": [[[-1.081994, 53.958811], [-1.081816, 53.95871], [-1.081507, 53.958713], [-1.081429, 53.958684], [-1.081042, 53.958305], [-1.081058, 53.958171], [-1.080841, 53.958224], [-1.080337, 53.958399], [-1.080125, 53.95834], [-1.079713, 53.958142], [-1.079582, 53.958239], [-1.080072, 53.95854], [-1.079661, 53.958851], [-1.079814, 53.958982], [-1.079944, 53.95895], [-1.080152, 53.958877], [-1.080418, 53.958903], [-1.080628, 53.958966], [-1.080716, 53.959066], [-1.080782, 53.95911], [-1.08097, 53.959394], [-1.081274, 53.959589], [-1.080865, 53.959799], [-1.080949, 53.959863], [-1.080833, 53.95994], [-1.080977, 53.960051], [-1.080854, 53.960119], [-1.081101, 53.960262], [-1.081394, 53.960132], [-1.081945, 53.959912], [-1.08203, 53.960093], [-1.082208, 53.960057], [-1.08246, 53.960302], [-1.082734, 53.960234], [-1.082968, 53.960333], [-1.08317, 53.960206], [-1.083361, 53.960107], [-1.083553, 53.959964], [-1.08391, 53.960125], [-1.084161, 53.959926], [-1.083391, 53.959628], [-1.083101, 53.959792], [-1.082533, 53.959564], [-1.082655, 53.959402], [-1.082511, 53.959377], [-1.082457, 53.959315], [-1.082521, 53.959138], [-1.082326, 53.959058], [-1.082327, 53.959236], [-1.082121, 53.959208], [-1.08194, 53.959307], [-1.081459, 53.959071], [-1.081679, 53.958937], [-1.082022, 53.959108], [-1.082262, 53.959095], [-1.082264, 53.958709], [-1.081994, 53.958811]]]}, "properties": {"description": "auraxfloral and jaedenplays12340", "title": "York City Center", "group": 263485724, "fill": "#bfd43c"}}, {"type": "Feature", "id": 2770721851, "geometry": {"type": "Polygon", "coordinates": [[[-1.087927, 53.958812], [-1.088488, 53.959133], [-1.088502, 53.959156], [-1.088615, 53.95915], [-1.088667, 53.959139], [-1.088675, 53.959129], [-1.088684, 53.959144], [-1.088715, 53.959146], [-1.088754, 53.959138], [-1.088762, 53.959127], [-1.088844, 53.959093], [-1.088865, 53.95908], [-1.088802, 53.959024], [-1.088161, 53.958668], [-1.087927, 53.958812]]]}, "properties": {"title": "Malmaison York", "group": 263485724, "fill": "#3cc954"}}, {"type": "Feature", "id": 1328989615, "geometry": {"type": "Polygon", "coordinates": [[[-1.070452, 53.956349], [-1.069569, 53.956267], [-1.069463, 53.957417], [-1.06942, 53.957925], [-1.069234, 53.958076], [-1.068128, 53.958084], [-1.068272, 53.959044], [-1.069023, 53.96004], [-1.069174, 53.960482], [-1.069233, 53.960761], [-1.069353, 53.961119], [-1.069662, 53.961393], [-1.069994, 53.961335], [-1.070398, 53.961168], [-1.071458, 53.961087], [-1.071334, 53.960257], [-1.071799, 53.960012], [-1.071902, 53.959745], [-1.071837, 53.95957], [-1.071617, 53.959255], [-1.071365, 53.958817], [-1.071167, 53.958394], [-1.070954, 53.957922], [-1.070697, 53.95721], [-1.070452, 53.956349]]]}, "properties": {"description": "Retail Park", "title": "Foss Island", "group": 263485724, "fill": "#bfd43c"}}, {"type": "Feature", "id": 414521465, "geometry": {"type": "Polygon", "coordinates": [[[-1.060178, 53.954259], [-1.061333, 53.954378], [-1.061468, 53.953902], [-1.060336, 53.953795], [-1.060254, 53.95383], [-1.060129, 53.954226], [-1.060178, 53.954259]]]}, "properties": {"title": "The Boulevard (Student Accom)", "group": 263485724, "fill": "#f18729"}}, {"type": "Feature", "id": 2627763034, "geometry": {"type": "Polygon", "coordinates": [[[-1.058653, 53.954728], [-1.058927, 53.954723], [-1.059003, 53.954272], [-1.059638, 53.954189], [-1.059829, 53.954201], [-1.059908, 53.953915], [-1.059185, 53.953941], [-1.059241, 53.954225], [-1.05899, 53.954261], [-1.058694, 53.954174], [-1.058112, 53.954081], [-1.058017, 53.954359], [-1.058041, 53.954423], [-1.058622, 53.954465], [-1.058653, 53.954728]]]}, "properties": {"title": "Shops", "group": 263485724, "fill": "#3cc954"}}, {"type": "Feature", "id": 1666891235, "geometry": {"type": "Polygon", "coordinates": [[[-1.028845, 53.953808], [-1.029054, 53.954298], [-1.028989, 53.954312], [-1.029012, 53.95435], [-1.028909, 53.954372], [-1.028904, 53.954364], [-1.02886, 53.954365], [-1.028939, 53.954494], [-1.029148, 53.954984], [-1.029033, 53.95506], [-1.028956, 53.955102], [-1.028887, 53.955108], [-1.028804, 53.955116], [-1.028722, 53.955125], [-1.028735, 53.955122], [-1.027341, 53.955354], [-1.026243, 53.955592], [-1.026192, 53.955508], [-1.026132, 53.95553], [-1.026049, 53.955538], [-1.025953, 53.955524], [-1.025886, 53.955486], [-1.025841, 53.955436], [-1.025821, 53.955379], [-1.025773, 53.955252], [-1.025851, 53.955236], [-1.026037, 53.955205], [-1.025891, 53.954892], [-1.025799, 53.954885], [-1.025718, 53.954919], [-1.02571, 53.954955], [-1.025669, 53.955007], [-1.025584, 53.955059], [-1.025514, 53.955065], [-1.025448, 53.955053], [-1.025399, 53.95502], [-1.025354, 53.95497], [-1.025331, 53.954931], [-1.02529, 53.954888], [-1.025248, 53.95482], [-1.025194, 53.954754], [-1.025143, 53.95467], [-1.025106, 53.954608], [-1.025099, 53.95455], [-1.025115, 53.954503], [-1.025131, 53.954457], [-1.02516, 53.954408], [-1.025241, 53.954374], [-1.025401, 53.954349], [-1.025425, 53.954387], [-1.025443, 53.954417], [-1.025462, 53.954448], [-1.02575, 53.954345], [-1.026009, 53.95429], [-1.02613, 53.954273], [-1.026584, 53.954178], [-1.026634, 53.954116], [-1.026955, 53.954066], [-1.027475, 53.953983], [-1.027808, 53.953931], [-1.028155, 53.953876], [-1.028182, 53.953921], [-1.028845, 53.953808]]]}, "properties": {"title": "B&Q Hull Road", "group": 263485724, "fill": "#3cc954"}}, {"type": "Feature", "id": 3557184126, "geometry": {"type": "Polygon", "coordinates": [[[-1.05841, 53.981315], [-1.058438, 53.981361], [-1.056395, 53.981754], [-1.056728, 53.982399], [-1.053919, 53.982807], [-1.053889, 53.983071], [-1.053959, 53.983427], [-1.05392, 53.983435], [-1.054009, 53.984208], [-1.054063, 53.98461], [-1.054042, 53.98489], [-1.054016, 53.985016], [-1.053973, 53.985137], [-1.053935, 53.985171], [-1.053871, 53.98521], [-1.053555, 53.985267], [-1.053489, 53.985255], [-1.053052, 53.985235], [-1.053062, 53.98525], [-1.051781, 53.98526], [-1.051528, 53.985278], [-1.051268, 53.985307], [-1.050989, 53.985305], [-1.050906, 53.985288], [-1.050835, 53.985269], [-1.050755, 53.985234], [-1.050698, 53.985211], [-1.050636, 53.985181], [-1.050582, 53.985141], [-1.050525, 53.985119], [-1.050458, 53.985081], [-1.050342, 53.98501], [-1.05028, 53.98498], [-1.050226, 53.98494], [-1.050182, 53.984915], [-1.050132, 53.984882], [-1.050088, 53.984857], [-1.050039, 53.984824], [-1.049981, 53.984802], [-1.049938, 53.984802], [-1.049815, 53.984794], [-1.049759, 53.984797], [-1.049685, 53.984795], [-1.049611, 53.984793], [-1.049515, 53.984805], [-1.049441, 53.984803], [-1.049345, 53.984814], [-1.049258, 53.984815], [-1.049171, 53.984816], [-1.049125, 53.98474], [-1.049329, 53.984715], [-1.049446, 53.98469], [-1.049462, 53.984669], [-1.049505, 53.984643], [-1.049512, 53.984607], [-1.049493, 53.984551], [-1.04947, 53.984513], [-1.04945, 53.984457], [-1.049439, 53.98439], [-1.049449, 53.984311], [-1.04942, 53.984239], [-1.049302, 53.984212], [-1.049202, 53.984216], [-1.047924, 53.984208], [-1.046957, 53.984204], [-1.046935, 53.983976], [-1.046756, 53.98397], [-1.04674, 53.983148], [-1.048335, 53.983149], [-1.048307, 53.983104], [-1.048372, 53.98309], [-1.048376, 53.983072], [-1.04875, 53.983062], [-1.049352, 53.983066], [-1.04936, 53.982935], [-1.049354, 53.982394], [-1.049873, 53.982406], [-1.050336, 53.982446], [-1.050429, 53.982358], [-1.050459, 53.98224], [-1.050388, 53.982195], [-1.050326, 53.982165], [-1.05029, 53.982129], [-1.050275, 53.98208], [-1.050295, 53.982042], [-1.050351, 53.982013], [-1.050363, 53.981985], [-1.050349, 53.981962], [-1.050291, 53.981914], [-1.050264, 53.981893], [-1.050192, 53.981848], [-1.050116, 53.981795], [-1.050066, 53.981737], [-1.05017, 53.981715], [-1.050206, 53.981751], [-1.050264, 53.981773], [-1.050326, 53.981803], [-1.050388, 53.981833], [-1.05045, 53.981863], [-1.050508, 53.981885], [-1.050564, 53.981882], [-1.050825, 53.981854], [-1.050889, 53.98184], [-1.050871, 53.981809], [-1.050839, 53.981782], [-1.050803, 53.981746], [-1.050762, 53.981703], [-1.050722, 53.98166], [-1.050681, 53.981617], [-1.050627, 53.981576], [-1.050586, 53.981533], [-1.050546, 53.98149], [-1.050536, 53.981475], [-1.050959, 53.981352], [-1.051458, 53.981282], [-1.051456, 53.981231], [-1.051669, 53.981221], [-1.052101, 53.981233], [-1.052284, 53.981247], [-1.052398, 53.981266], [-1.052482, 53.981283], [-1.05257, 53.981307], [-1.052789, 53.981089], [-1.052954, 53.981098], [-1.053033, 53.981107], [-1.053099, 53.981119], [-1.053192, 53.981151], [-1.053249, 53.981174], [-1.053329, 53.981209], [-1.053386, 53.981231], [-1.053431, 53.981256], [-1.053506, 53.981283], [-1.053563, 53.981306], [-1.053621, 53.981328], [-1.053678, 53.981351], [-1.053745, 53.981388], [-1.053768, 53.981427], [-1.053801, 53.98148], [-1.053842, 53.981549], [-1.053857, 53.981597], [-1.053885, 53.981643], [-1.053905, 53.981699], [-1.053937, 53.981753], [-1.053956, 53.981783], [-1.05397, 53.981832], [-1.053998, 53.981878], [-1.054005, 53.981937], [-1.05402, 53.981985], [-1.054017, 53.982029], [-1.054027, 53.98207], [-1.054034, 53.982129], [-1.05841, 53.981315]]]}, "properties": {"title": "York City Stadium & Vanguarde", "group": 263485724, "fill": "#3cc954"}}, {"type": "Feature", "id": 546583984, "geometry": {"type": "Polygon", "coordinates": [[[-1.065514, 53.932919], [-1.065271, 53.932952], [-1.065227, 53.932927], [-1.065171, 53.932956], [-1.064821, 53.93303], [-1.064367, 53.933168], [-1.064038, 53.933229], [-1.063452, 53.933354], [-1.063312, 53.933454], [-1.063409, 53.933525], [-1.063993, 53.933669], [-1.064197, 53.933806], [-1.064362, 53.933815], [-1.064762, 53.93392], [-1.064833, 53.93394], [-1.065004, 53.933981], [-1.065127, 53.934016], [-1.065429, 53.933815], [-1.065685, 53.933658], [-1.06577, 53.933605], [-1.065868, 53.93355], [-1.065897, 53.933501], [-1.065926, 53.933478], [-1.065938, 53.93345], [-1.066463, 53.933219], [-1.066384, 53.933146], [-1.066641, 53.933032], [-1.06626, 53.932775], [-1.066029, 53.93287], [-1.065887, 53.932847], [-1.065514, 53.932919]]]}, "properties": {"title": "Fulford", "group": 263485724, "fill": "#3cc954"}}, {"type": "Feature", "id": 474967111, "geometry": {"type": "Polygon", "coordinates": [[[-1.046741, 53.989061], [-1.047766, 53.988635], [-1.048008, 53.987692], [-1.047646, 53.987203], [-1.047091, 53.986387], [-1.04695, 53.986107], [-1.048178, 53.985392], [-1.04854, 53.985377], [-1.048581, 53.984783], [-1.048673, 53.98434], [-1.048002, 53.984336], [-1.047993, 53.984471], [-1.047669, 53.984455], [-1.047642, 53.98476], [-1.047998, 53.984779], [-1.047948, 53.985394], [-1.048178, 53.985391], [-1.046944, 53.986106], [-1.046881, 53.986072], [-1.046608, 53.986033], [-1.046138, 53.985671], [-1.044932, 53.984934], [-1.044718, 53.98495], [-1.043886, 53.98526], [-1.043116, 53.985677], [-1.042475, 53.98648], [-1.042124, 53.987507], [-1.041924, 53.988439], [-1.041998, 53.988651], [-1.042263, 53.988746], [-1.042581, 53.988925], [-1.042872, 53.989005], [-1.043732, 53.989025], [-1.046252, 53.989132], [-1.046741, 53.989061]]]}, "properties": {"title": "Monks Cross Retail Park", "group": 263485724, "fill": "#cc1b15"}}, {"type": "Feature", "id": 3192892501, "geometry": {"type": "Polygon", "coordinates": [[[-1.086288, 53.968678], [-1.085002, 53.970691], [-1.08412, 53.972288], [-1.083653, 53.972112], [-1.083212, 53.971883], [-1.082758, 53.971777], [-1.082213, 53.971715], [-1.082187, 53.970945], [-1.081941, 53.96993], [-1.081694, 53.968915], [-1.081564, 53.968313], [-1.081551, 53.968137], [-1.082382, 53.968397], [-1.083666, 53.968626], [-1.085131, 53.968648], [-1.086288, 53.968678]]]}, "properties": {"title": "York Hospital", "group": 263485724, "fill": "#e32c31"}}, {"type": "Feature", "id": 3244095445, "geometry": {"type": "Polygon", "coordinates": [[[-1.102206, 53.919837], [-1.100576, 53.921065], [-1.100591, 53.921158], [-1.10078, 53.921167], [-1.102047, 53.921328], [-1.102577, 53.921426], [-1.10329, 53.921225], [-1.103745, 53.920984], [-1.102206, 53.919837]]]}, "properties": {"title": "AYJS", "group": 263485724, "fill": "#8dd43c"}}, {"type": "Feature", "id": 976286124, "geometry": {"type": "Polygon", "coordinates": [[[-1.081858, 53.920906], [-1.081858, 53.920536], [-1.080802, 53.920469], [-1.076522, 53.920486], [-1.073468, 53.921461], [-1.073582, 53.922032], [-1.077606, 53.925141], [-1.078434, 53.924906], [-1.080032, 53.923057], [-1.081858, 53.920906]]]}, "properties": {"description": "floorplan being made atm", "title": "York Designer Outlet", "group": 263485724, "fill": "#ff2c31"}}, {"type": "Feature", "id": 39673676, "geometry": {"type": "Polygon", "coordinates": [[[-1.075024, 53.959596], [-1.075631, 53.959849], [-1.0757, 53.959892], [-1.075836, 53.959916], [-1.076024, 53.959834], [-1.076182, 53.959708], [-1.075631, 53.959292], [-1.075024, 53.959596]]]}, "properties": {"title": "Hiscox Building", "group": 263485724, "fill": "#91d43c"}}, {"type": "Feature", "id": 2985518249, "geometry": {"type": "Polygon", "coordinates": [[[-1.080502, 53.955615], [-1.08073, 53.955872], [-1.080705, 53.956078], [-1.080373, 53.956219], [-1.080164, 53.956267], [-1.079901, 53.956182], [-1.079663, 53.956089], [-1.079571, 53.95597], [-1.079541, 53.955828], [-1.079592, 53.955749], [-1.079681, 53.955703], [-1.079771, 53.955641], [-1.079842, 53.955572], [-1.080052, 53.955526], [-1.080245, 53.955526], [-1.080373, 53.95554], [-1.080502, 53.955615]]]}, "properties": {"title": "Cliffords tower", "group": 263485724, "fill": "#f1bf29"}}, {"type": "Feature", "id": 4077703854, "geometry": {"type": "Polygon", "coordinates": [[[-1.116923, 53.958035], [-1.11665, 53.958127], [-1.116561, 53.958253], [-1.116585, 53.958361], [-1.116936, 53.958444], [-1.117167, 53.958547], [-1.117343, 53.958629], [-1.117518, 53.958634], [-1.117706, 53.958584], [-1.11771, 53.958437], [-1.117682, 53.958303], [-1.117502, 53.958145], [-1.117418, 53.958068], [-1.117407, 53.957967], [-1.117127, 53.957988], [-1.116923, 53.958035]]]}, "properties": {"title": "The Rise", "group": 263485724, "fill": "#8dd43c"}}, {"type": "Feature", "id": 2922213042, "geometry": {"type": "Polygon", "coordinates": [[[-1.108304, 53.922515], [-1.107691, 53.920222], [-1.10661, 53.920222], [-1.104446, 53.917801], [-1.10405, 53.918184], [-1.101418, 53.917568], [-1.093703, 53.912556], [-1.093739, 53.91434], [-1.092405, 53.917504], [-1.092225, 53.918778], [-1.090134, 53.918863], [-1.089498, 53.9194], [-1.089232, 53.919928], [-1.08916, 53.920455], [-1.087213, 53.920795], [-1.087701, 53.921217], [-1.08847, 53.921529], [-1.09053, 53.922175], [-1.0919, 53.923364], [-1.091936, 53.924319], [-1.09601, 53.923746], [-1.096046, 53.923046], [-1.100805, 53.923194], [-1.10167, 53.924425], [-1.103401, 53.923661], [-1.105564, 53.923215], [-1.108304, 53.922515]]]}, "properties": {"description": "auraxfloral", "title": "Bishopthorpe", "group": 263485724, "fill": "#e32c31"}}, {"type": "Feature", "id": 2523393167, "geometry": {"type": "Polygon", "coordinates": [[[-1.097094, 53.915839], [-1.096485, 53.915409], [-1.096329, 53.915489], [-1.096053, 53.915981], [-1.095645, 53.915901], [-1.095547, 53.916129], [-1.095456, 53.916379], [-1.095366, 53.916689], [-1.094887, 53.916869], [-1.094385, 53.91685], [-1.094287, 53.917149], [-1.09474, 53.917154], [-1.094855, 53.917372], [-1.094427, 53.917406], [-1.094464, 53.917508], [-1.094665, 53.917675], [-1.094958, 53.917663], [-1.09506, 53.917936], [-1.0942, 53.918043], [-1.094393, 53.918472], [-1.095052, 53.91844], [-1.095149, 53.918695], [-1.09568, 53.91867], [-1.095733, 53.918582], [-1.0952, 53.918387], [-1.095073, 53.917929], [-1.095163, 53.918113], [-1.095398, 53.918101], [-1.095859, 53.918023], [-1.096008, 53.917966], [-1.095934, 53.917612], [-1.096292, 53.917515], [-1.09651, 53.917498], [-1.096444, 53.917181], [-1.09727, 53.917084], [-1.097344, 53.917232], [-1.097616, 53.917207], [-1.097578, 53.917069], [-1.098564, 53.916945], [-1.09833, 53.916724], [-1.09807, 53.916734], [-1.097881, 53.916754], [-1.097741, 53.916725], [-1.097708, 53.916646], [-1.097733, 53.916503], [-1.097864, 53.9163], [-1.097885, 53.916172], [-1.097497, 53.916008], [-1.098051, 53.915701], [-1.097629, 53.91541], [-1.097387, 53.915549], [-1.097505, 53.915646], [-1.097094, 53.915839]]]}, "properties": {"description": "DONT DELETE UNTIL BISHOPTHORPE FINISHED", "title": "progress..", "group": 263485724, "fill": "#a8d43c"}}, {"type": "Feature", "id": 1218353881, "geometry": {"type": "Polygon", "coordinates": [[[-1.102406, 53.92247], [-1.102194, 53.922042], [-1.101638, 53.922161], [-1.101497, 53.921923], [-1.10066, 53.922046], [-1.100413, 53.921677], [-1.100277, 53.921213], [-1.100522, 53.921157], [-1.100242, 53.920774], [-1.099564, 53.92088], [-1.099645, 53.921109], [-1.099406, 53.921237], [-1.099816, 53.921736], [-1.100404, 53.921683], [-1.100619, 53.922054], [-1.100744, 53.922368], [-1.100123, 53.92244], [-1.099914, 53.921977], [-1.099258, 53.922108], [-1.099423, 53.922538], [-1.099546, 53.922852], [-1.099113, 53.922827], [-1.099178, 53.923103], [-1.099662, 53.923094], [-1.099568, 53.922861], [-1.099423, 53.922495], [-1.100116, 53.922457], [-1.100744, 53.92238], [-1.100816, 53.922559], [-1.102406, 53.92247]]]}, "properties": {"description": "DONT DELETE UNTIL BISHOPTHORPE FINISHED", "title": "MORE PROGRESSSS!!!!", "group": 263485724, "fill": "#91d43c"}}, {"type": "Feature", "id": 2301975874, "geometry": {"type": "Polygon", "coordinates": [[[-1.101244, 53.917331], [-1.100891, 53.916546], [-1.101205, 53.914698], [-1.099538, 53.914293], [-1.099303, 53.914732], [-1.095223, 53.913589], [-1.100636, 53.917054], [-1.101244, 53.917331]]]}, "properties": {"description": "yes its just a field lol", "title": "field", "group": 263485724, "fill": "#3cd44b"}}, {"type": "Feature", "id": 3957501320, "geometry": {"type": "Polygon", "coordinates": [[[-1.133997, 53.933589], [-1.13442, 53.933326], [-1.134846, 53.932724], [-1.134035, 53.932543], [-1.133847, 53.932889], [-1.133558, 53.93283], [-1.13347, 53.932953], [-1.133754, 53.933299], [-1.133566, 53.93329], [-1.133416, 53.933281], [-1.133305, 53.933281], [-1.133155, 53.933383], [-1.133109, 53.933444], [-1.133278, 53.933607], [-1.13377, 53.93353], [-1.133997, 53.933589]]]}, "properties": {"title": "Woodthorpe", "group": 263485724, "fill": "#a0c514"}}, {"type": "Feature", "id": 863462642, "geometry": {"type": "Polygon", "coordinates": [[[-1.077542, 53.956117], [-1.077227, 53.956298], [-1.077124, 53.956047], [-1.07699, 53.955611], [-1.077542, 53.955597], [-1.077834, 53.956024], [-1.077675, 53.956081], [-1.077542, 53.956117]]]}, "properties": {"description": "the hilton was deleted in a fit of auraxrage ?", "title": "Picadilly York", "group": 263485724, "fill": "#00ff00"}}, {"type": "Feature", "id": 920720570, "geometry": {"type": "Polygon", "coordinates": [[[-1.076912, 53.954771], [-1.07684, 53.95508], [-1.076246, 53.955147], [-1.076186, 53.954871], [-1.07676, 53.954764], [-1.076912, 53.954771]]]}, "properties": {"description": "hyper made!", "title": "Holiday Inn", "group": 263485724, "fill": "#3cd44b"}}, {"type": "Feature", "id": 3481570396, "geometry": {"type": "Polygon", "coordinates": [[[-1.078983, 53.959159], [-1.078692, 53.95918], [-1.078345, 53.959167], [-1.078025, 53.959117], [-1.077808, 53.959082], [-1.077629, 53.959083], [-1.077589, 53.959193], [-1.077882, 53.959267], [-1.078147, 53.959391], [-1.078312, 53.959458], [-1.078537, 53.9594], [-1.078849, 53.959686], [-1.079166, 53.959548], [-1.078896, 53.959279], [-1.079007, 53.959247], [-1.078983, 53.959159]]]}, "properties": {"title": "Stonebow", "group": 263485724, "fill": "#fff200"}}, {"type": "Feature", "id": 1247062732, "geometry": {"type": "Polygon", "coordinates": [[[-1.074901, 53.958841], [-1.074951, 53.958657], [-1.074829, 53.958267], [-1.073713, 53.958585], [-1.07362, 53.958612], [-1.0734, 53.958399], [-1.075591, 53.957922], [-1.075581, 53.95778], [-1.075052, 53.9578], [-1.074048, 53.957994], [-1.074196, 53.95822], [-1.073397, 53.958399], [-1.073619, 53.958613], [-1.073723, 53.958617], [-1.074083, 53.959022], [-1.074901, 53.958841]]]}, "properties": {"title": "Hungate", "group": 263485724, "fill": "#fff200"}}, {"type": "Feature", "id": 1364665649, "geometry": {"type": "Polygon", "coordinates": [[[-1.101216, 53.960428], [-1.101313, 53.960455], [-1.101357, 53.960384], [-1.101357, 53.960297], [-1.101285, 53.960222], [-1.101241, 53.960184], [-1.101468, 53.959995], [-1.101205, 53.95994], [-1.101097, 53.959925], [-1.100975, 53.959922], [-1.100839, 53.959936], [-1.100733, 53.959966], [-1.10062, 53.959997], [-1.100475, 53.960067], [-1.100293, 53.960014], [-1.100198, 53.960119], [-1.100455, 53.960219], [-1.100426, 53.960266], [-1.100574, 53.960297], [-1.100776, 53.960376], [-1.100795, 53.960418], [-1.100199, 53.960934], [-1.100345, 53.960982], [-1.100899, 53.960553], [-1.101019, 53.960497], [-1.101139, 53.960458], [-1.101216, 53.960428]]]}, "properties": {"description": "/tpll 53.96033623158536, -1.1010232535680822\nbuilt by auraxfloral and jaedenplays12348 \n(stole tpll idea from ct shh)", "title": "leeman road estate?", "group": 263485724, "fill": "#a8d43c"}}, {"type": "Feature", "id": 3034279917, "geometry": {"type": "Polygon", "coordinates": [[[-1.054956, 53.953843], [-1.053903, 53.9539], [-1.052692, 53.953885], [-1.052479, 53.953321], [-1.052239, 53.953164], [-1.052096, 53.953195], [-1.05193, 53.953042], [-1.052693, 53.95279], [-1.053474, 53.95258], [-1.054277, 53.952468], [-1.054448, 53.953564], [-1.054942, 53.953531], [-1.054956, 53.953843]]]}, "properties": {"description": "err", "title": "Hull Road", "group": 263485724, "fill": "#3cd44b"}}, {"type": "Feature", "id": 3740384965, "geometry": {"type": "Polygon", "coordinates": [[[-1.085079, 53.9573], [-1.085059, 53.957056], [-1.084768, 53.956741], [-1.083212, 53.95709], [-1.083461, 53.957587], [-1.084807, 53.957305], [-1.084932, 53.95756], [-1.08512, 53.957549], [-1.085079, 53.9573]]]}, "properties": {"title": "ouse", "group": 263485724, "fill": "#00ff00"}}, {"type": "Feature", "id": 3028182890, "geometry": {"type": "Polygon", "coordinates": [[[-1.085976, 53.951308], [-1.085148, 53.951108], [-1.084838, 53.949823], [-1.08552, 53.949832], [-1.085508, 53.949445], [-1.084787, 53.949458], [-1.084775, 53.949644], [-1.085114, 53.95112], [-1.08499, 53.951286], [-1.084684, 53.951231], [-1.084553, 53.951475], [-1.084511, 53.951533], [-1.084847, 53.951578], [-1.084415, 53.952065], [-1.085013, 53.95221], [-1.085976, 53.951308]]]}, "properties": {"description": "not in bishopthorpe", "title": "bishopthorpe road", "group": 263485724, "fill": "#91d43c"}}, {"type": "Feature", "id": 1447833022, "geometry": {"type": "Polygon", "coordinates": [[[-1.114433, 53.93034], [-1.111605, 53.929541], [-1.11235, 53.928797], [-1.11263, 53.928682], [-1.114445, 53.929653], [-1.114468, 53.930108], [-1.114433, 53.93034]]]}, "properties": {"title": "york college", "group": 263485724, "fill": "#3cd44b"}}, {"type": "Feature", "id": 1696703814, "geometry": {"type": "Polygon", "coordinates": [[[-1.126176, 53.955161], [-1.126258, 53.955344], [-1.125989, 53.955459], [-1.125876, 53.955466], [-1.125724, 53.955096], [-1.124415, 53.955423], [-1.124136, 53.955159], [-1.124487, 53.955054], [-1.124711, 53.955332], [-1.1257, 53.955086], [-1.126069, 53.954987], [-1.126176, 53.955161]]]}, "properties": {"title": "Acomb", "group": 263485724, "fill": "#91d43c"}}, {"type": "Feature", "id": 215286260, "geometry": {"type": "Polygon", "coordinates": [[[-1.085495, 53.961258], [-1.085704, 53.961427], [-1.085846, 53.961755], [-1.085926, 53.962133], [-1.08559, 53.962133], [-1.085603, 53.961954], [-1.085512, 53.961742], [-1.085376, 53.961555], [-1.085195, 53.961388], [-1.084912, 53.961492], [-1.084684, 53.961574], [-1.084864, 53.962017], [-1.084469, 53.962079], [-1.084389, 53.961704], [-1.084676, 53.961568], [-1.084684, 53.961574], [-1.084912, 53.961492], [-1.085212, 53.961382], [-1.085495, 53.961258]]]}, "properties": {"title": "stuff", "group": 263485724, "fill": "#bfd43c"}}, {"type": "Feature", "id": 3679120653, "geometry": {"type": "Polygon", "coordinates": [[[-1.07223, 53.962504], [-1.072875, 53.962814], [-1.073175, 53.962974], [-1.072667, 53.963218], [-1.072395, 53.963399], [-1.072171, 53.963709], [-1.071197, 53.963869], [-1.071018, 53.963204], [-1.070916, 53.96305], [-1.069894, 53.962382], [-1.070309, 53.962227], [-1.070693, 53.962352], [-1.070778, 53.962493], [-1.070413, 53.962706], [-1.07087, 53.963009], [-1.07223, 53.962504]]]}, "properties": {"title": "Layerthorpe", "group": 263485724, "fill": "#91d43c"}}, {"type": "Feature", "id": 139283837, "geometry": {"type": "Polygon", "coordinates": [[[-1.504706, 52.410972], [-1.504305, 52.410573], [-1.503615, 52.410262], [-1.503109, 52.409969], [-1.502458, 52.409247], [-1.502209, 52.408823], [-1.502956, 52.40863], [-1.503068, 52.408262], [-1.50392, 52.408425], [-1.504264, 52.407595], [-1.506095, 52.407836], [-1.506998, 52.407735], [-1.508104, 52.407874], [-1.507888, 52.408588], [-1.509759, 52.40896], [-1.509954, 52.408366], [-1.510333, 52.408335], [-1.510373, 52.407735], [-1.509921, 52.407585], [-1.510064, 52.407286], [-1.511407, 52.407362], [-1.511489, 52.407626], [-1.512125, 52.40764], [-1.512228, 52.407281], [-1.512968, 52.407275], [-1.512953, 52.409602], [-1.512642, 52.410458], [-1.511158, 52.410721], [-1.511699, 52.41223], [-1.510398, 52.412551], [-1.508381, 52.412984], [-1.506712, 52.411941], [-1.505399, 52.411686], [-1.50491, 52.411311], [-1.504706, 52.410972]]]}, "properties": {"description": "Megamoleys and Xenda", "title": "Coventry City Centre North", "group": 3126789920, "fill": "#fff200"}}, {"type": "Feature", "id": 4178766646, "geometry": {"type": "Polygon", "coordinates": [[[-1.492823, 52.449446], [-1.493292, 52.449578], [-1.493317, 52.449572], [-1.493381, 52.449488], [-1.493456, 52.449445], [-1.493532, 52.449428], [-1.4936, 52.449421], [-1.493678, 52.44943], [-1.493744, 52.449468], [-1.493846, 52.449542], [-1.493915, 52.449632], [-1.493942, 52.449749], [-1.493961, 52.44978], [-1.493992, 52.449808], [-1.494085, 52.449866], [-1.494197, 52.449885], [-1.494406, 52.449873], [-1.494875, 52.449838], [-1.495066, 52.449822], [-1.495203, 52.449809], [-1.495405, 52.449763], [-1.495716, 52.449729], [-1.495814, 52.449725], [-1.496189, 52.449702], [-1.496406, 52.44968], [-1.496728, 52.449616], [-1.497183, 52.449488], [-1.497692, 52.449234], [-1.498086, 52.449075], [-1.498316, 52.448883], [-1.498366, 52.448608], [-1.498309, 52.448419], [-1.498187, 52.448218], [-1.497986, 52.448052], [-1.497604, 52.447848], [-1.497438, 52.447692], [-1.497484, 52.447673], [-1.497524, 52.447716], [-1.497642, 52.447672], [-1.497606, 52.447637], [-1.497673, 52.447604], [-1.497349, 52.447308], [-1.497142, 52.447011], [-1.496889, 52.446594], [-1.496769, 52.446419], [-1.496662, 52.446241], [-1.496023, 52.446041], [-1.495997, 52.446047], [-1.495961, 52.446081], [-1.495896, 52.44607], [-1.495853, 52.44607], [-1.495828, 52.446076], [-1.495466, 52.446526], [-1.495293, 52.44674], [-1.49512, 52.446955], [-1.495039, 52.447035], [-1.494956, 52.447088], [-1.494923, 52.447105], [-1.494827, 52.447161], [-1.494717, 52.447265], [-1.492823, 52.449446]]]}, "properties": {"description": "Made By HyperLeopard99", "title": "CBS Arena - Coventry City FC (Being Rebuilt)", "group": 3126789920, "fill": "#3cd44b"}}, {"type": "Feature", "id": 3007907001, "geometry": {"type": "Polygon", "coordinates": [[[-1.446088, 52.412283], [-1.446088, 52.412283], [-1.439609, 52.413733], [-1.437227, 52.409779], [-1.443705, 52.40833], [-1.446088, 52.412283]]]}, "properties": {"title": "Coventry - Binley + Clifford Park", "group": 3126789920, "fill": "#ff3a15"}}, {"type": "Feature", "id": 3461188249, "geometry": {"type": "Polygon", "coordinates": [[[-1.601194, 52.412581], [-1.601478, 52.412526], [-1.601977, 52.412493], [-1.601922, 52.412259], [-1.602227, 52.41212], [-1.602852, 52.411865], [-1.603052, 52.411838], [-1.6034, 52.412128], [-1.60421, 52.412658], [-1.604179, 52.412964], [-1.603868, 52.413236], [-1.603201, 52.413491], [-1.602571, 52.413404], [-1.60197, 52.413101], [-1.601212, 52.413087], [-1.601194, 52.412581]]]}, "properties": {"description": "Built by jaedenplays12348", "title": "Hockley Coventry", "group": 3126789920, "fill": "#3cd44b"}}, {"type": "Feature", "id": 3849302374, "geometry": {"type": "Polygon", "coordinates": [[[-1.496634, 52.444929], [-1.491336, 52.451544], [-1.488052, 52.454985], [-1.482733, 52.458574], [-1.479412, 52.459975], [-1.475775, 52.461241], [-1.472187, 52.46314], [-1.470383, 52.464625], [-1.46911, 52.466063], [-1.467961, 52.468201], [-1.467499, 52.477499], [-1.467933, 52.480441], [-1.467408, 52.480477], [-1.467305, 52.477517], [-1.46749, 52.468279], [-1.468774, 52.465871], [-1.470066, 52.464545], [-1.471941, 52.462947], [-1.475488, 52.461062], [-1.479189, 52.459737], [-1.482967, 52.4579], [-1.487859, 52.454587], [-1.490615, 52.451478], [-1.496525, 52.444653], [-1.496634, 52.444929]]]}, "properties": {"description": "Made by HyperLeopard99 & Auraxfloral", "title": "Coventry Arena - Bedworth", "group": 3126789920, "fill": "#e32c31"}}, {"type": "Feature", "id": 2966187672, "geometry": {"type": "Polygon", "coordinates": [[[-1.445896, 52.40211], [-1.445504, 52.402158], [-1.445472, 52.402431], [-1.446034, 52.402455], [-1.446283, 52.40239], [-1.446031, 52.402108], [-1.445896, 52.40211]]]}, "properties": {"description": "CTCuberHD\n/tpll 52.402294, -1.445989", "title": "Binley Mega Chippy, Coventry", "group": 3126789920, "fill": "#3cc954"}}, {"type": "Feature", "id": 3119017658, "geometry": {"type": "Polygon", "coordinates": [[[-1.597555, 52.41773], [-1.596975, 52.418736], [-1.595021, 52.418046], [-1.59554, 52.417433], [-1.597097, 52.417197], [-1.597555, 52.41773]]]}, "properties": {"description": "built by jaedenplays12348", "title": "Upper Eastern Green School", "group": 3126789920, "fill": "#3cd44b"}}, {"type": "Feature", "id": 2723627657, "geometry": {"type": "Polygon", "coordinates": [[[-1.518674, 52.406934], [-1.51873, 52.406902], [-1.518781, 52.406865], [-1.518812, 52.406822], [-1.518822, 52.406777], [-1.518812, 52.406733], [-1.518773, 52.406652], [-1.51872, 52.40656], [-1.518668, 52.406514], [-1.518599, 52.406496], [-1.518512, 52.406476], [-1.518423, 52.406475], [-1.518322, 52.406495], [-1.517721, 52.406626], [-1.517614, 52.406677], [-1.517579, 52.406734], [-1.517571, 52.406776], [-1.517572, 52.406814], [-1.517682, 52.406997], [-1.517734, 52.407034], [-1.517795, 52.407061], [-1.517871, 52.407076], [-1.517965, 52.407074], [-1.518038, 52.407063], [-1.518674, 52.406934]]]}, "properties": {"description": "Made by HyperLeopard99", "title": "Coventry Sky Dome (Ice Hockey)", "group": 3126789920, "fill": "#3cd44b"}}, {"type": "Feature", "id": 618177465, "geometry": {"type": "Polygon", "coordinates": [[[-1.516228, 52.402167], [-1.515898, 52.402074], [-1.515858, 52.402041], [-1.515855, 52.40201], [-1.515883, 52.401975], [-1.515951, 52.401935], [-1.516011, 52.401919], [-1.516105, 52.401909], [-1.516293, 52.401962], [-1.51637, 52.401974], [-1.516376, 52.402035], [-1.516282, 52.402139], [-1.516249, 52.402175], [-1.516228, 52.402167]]]}, "properties": {"description": "Made by HyperLeopard99", "title": "Central Six Burger King", "group": 3126789920, "fill": "#3cd44b"}}, {"type": "Feature", "id": 2949256765, "geometry": {"type": "Polygon", "coordinates": [[[-1.515799, 52.401363], [-1.515892, 52.401144], [-1.515977, 52.400931], [-1.516021, 52.400802], [-1.515673, 52.400764], [-1.515454, 52.40132], [-1.515799, 52.401363]]]}, "properties": {"title": "Coventry Station Bridge", "group": 3126789920, "fill": "#91d43c"}}, {"type": "Feature", "id": 3708756740, "geometry": {"type": "Polygon", "coordinates": [[[-1.514617, 52.402949], [-1.51492, 52.402699], [-1.51504, 52.402402], [-1.515646, 52.400841], [-1.512241, 52.400403], [-1.511797, 52.40097], [-1.511297, 52.401129], [-1.511995, 52.402407], [-1.512537, 52.402325], [-1.51258, 52.402794], [-1.51344, 52.402772], [-1.514123, 52.402824], [-1.514617, 52.402949]]]}, "properties": {"description": "Made by HyperLeopard99", "title": "Coventry Station (To Do)", "group": 3126789920, "fill": "#f18729"}}, {"type": "Feature", "id": 2948906262, "geometry": {"type": "Polygon", "coordinates": [[[-1.515047, 52.402402], [-1.514603, 52.402484], [-1.514356, 52.402402], [-1.514137, 52.402033], [-1.514025, 52.401818], [-1.513559, 52.401732], [-1.513644, 52.401435], [-1.51339, 52.4014], [-1.513545, 52.400923], [-1.512002, 52.400699], [-1.512255, 52.400407], [-1.515639, 52.40082], [-1.515315, 52.401701], [-1.515047, 52.402402]]]}, "properties": {"description": "Made by HyperLeopard99", "title": "Coventry Station (Completed Area)", "group": 3126789920, "fill": "#3cd44b"}}, {"type": "Feature", "id": 3927427625, "geometry": {"type": "Polygon", "coordinates": [[[-1.530985, 52.399762], [-1.531162, 52.399819], [-1.531099, 52.399861], [-1.531167, 52.399888], [-1.530966, 52.400042], [-1.53074, 52.399989], [-1.530722, 52.399997], [-1.530722, 52.400093], [-1.530507, 52.400125], [-1.530486, 52.400067], [-1.530422, 52.400038], [-1.530351, 52.400034], [-1.530228, 52.40006], [-1.530168, 52.400078], [-1.530105, 52.4], [-1.530263, 52.399949], [-1.53032, 52.3999], [-1.530332, 52.399839], [-1.530288, 52.399789], [-1.530447, 52.399737], [-1.530517, 52.399779], [-1.53061, 52.399792], [-1.530714, 52.399776], [-1.53083, 52.39974], [-1.530878, 52.399714], [-1.530985, 52.399762]]]}, "properties": {"title": "Earlsdon", "group": 3126789920, "fill": "#91d43c"}}, {"type": "Feature", "id": 3304770489, "geometry": {"type": "Polygon", "coordinates": [[[-2.962727, 54.43345], [-2.966347, 54.432712], [-2.966598, 54.430816], [-2.961914, 54.430678], [-2.962727, 54.43345]]]}, "properties": {"description": "is ambleside", "title": "Ambleside", "group": 655747322, "fill": "#cc1b15"}}, {"type": "Feature", "id": 3934288165, "geometry": {"type": "Polygon", "coordinates": [[[-2.961664, 54.457665], [-2.967912, 54.456004], [-2.973488, 54.463658], [-2.966802, 54.465101], [-2.961664, 54.457665]]]}, "properties": {"description": "AMgr8", "title": "Low Pike", "group": 655747322, "fill": "#3cff54"}}, {"type": "Feature", "id": 3778720791, "geometry": {"type": "Polygon", "coordinates": [[[-1.396578, 50.937928], [-1.39531, 50.938023], [-1.395357, 50.93772], [-1.395473, 50.937418], [-1.395809, 50.936932], [-1.395669, 50.935984], [-1.395942, 50.935968], [-1.395895, 50.935667], [-1.396041, 50.935676], [-1.396209, 50.935183], [-1.396363, 50.9346], [-1.395938, 50.933802], [-1.396021, 50.933779], [-1.396198, 50.933995], [-1.39634, 50.934245], [-1.396499, 50.934278], [-1.396973, 50.93441], [-1.397435, 50.934518], [-1.397406, 50.93459], [-1.397555, 50.934888], [-1.39724, 50.934962], [-1.397163, 50.934795], [-1.397068, 50.934639], [-1.39687, 50.934558], [-1.396588, 50.934578], [-1.396599, 50.934658], [-1.396482, 50.934751], [-1.396306, 50.935203], [-1.396148, 50.935696], [-1.39647, 50.937396], [-1.396578, 50.937928]]]}, "properties": {"description": "AMgr8", "title": "Southampton Uni", "group": 3999620631, "fill": "#3cc954"}}, {"type": "Feature", "id": 3904467775, "geometry": {"type": "Polygon", "coordinates": [[[-1.403079, 50.930692], [-1.404592, 50.930254], [-1.403338, 50.930164], [-1.403079, 50.930692]]]}, "properties": {"description": "AMgr8", "title": "Southampton common", "group": 3999620631, "fill": "#3cc954"}}, {"type": "Feature", "id": 2365028406, "geometry": {"type": "Polygon", "coordinates": [[[-1.406544, 50.924284], [-1.406225, 50.924298], [-1.406096, 50.924256], [-1.405931, 50.924395], [-1.405791, 50.924166], [-1.405714, 50.924173], [-1.405413, 50.924444], [-1.405321, 50.923541], [-1.40571, 50.923876], [-1.405912, 50.923786], [-1.406449, 50.923707], [-1.406544, 50.924284]]]}, "properties": {"description": "YodaForce157", "title": "cowherds", "group": 3999620631, "fill": "#fff700"}}, {"type": "Feature", "id": 1171893, "geometry": {"type": "Polygon", "coordinates": [[[-1.404021, 50.901829], [-1.404145, 50.90182], [-1.404274, 50.902199], [-1.404393, 50.902487], [-1.404469, 50.902556], [-1.404627, 50.902571], [-1.404641, 50.902659], [-1.404641, 50.902716], [-1.405451, 50.902682], [-1.405463, 50.902763], [-1.405483, 50.902824], [-1.405565, 50.902881], [-1.405389, 50.902974], [-1.405033, 50.902987], [-1.405031, 50.90307], [-1.404412, 50.903064], [-1.404399, 50.903181], [-1.404377, 50.903307], [-1.403964, 50.903373], [-1.403843, 50.903178], [-1.403807, 50.903044], [-1.404055, 50.90304], [-1.403788, 50.90286], [-1.403788, 50.902559], [-1.403893, 50.902487], [-1.404169, 50.902466], [-1.404007, 50.902048], [-1.40405, 50.902003], [-1.404021, 50.901829]]]}, "properties": {"description": "AMgr8", "title": "Southampton City centre", "group": 3999620631, "fill": "#3cc954"}}, {"type": "Feature", "id": 175567138, "geometry": {"type": "Polygon", "coordinates": [[[-1.413553, 50.908069], [-1.413258, 50.908063], [-1.413045, 50.908051], [-1.412983, 50.908065], [-1.412945, 50.90813], [-1.412942, 50.90881], [-1.412998, 50.908863], [-1.413152, 50.908875], [-1.413233, 50.908869], [-1.414058, 50.908841], [-1.414269, 50.908827], [-1.4144, 50.908821], [-1.41457, 50.908801], [-1.415038, 50.908698], [-1.415477, 50.908557], [-1.415527, 50.908466], [-1.415518, 50.908391], [-1.415316, 50.907919], [-1.415136, 50.907949], [-1.415091, 50.907991], [-1.41447, 50.908057], [-1.414221, 50.908078], [-1.413553, 50.908069]]]}, "properties": {"description": "AMgr8", "title": "southampton station area", "group": 3999620631, "fill": "#3cd44b"}}, {"type": "Feature", "id": 4270802088, "geometry": {"type": "Polygon", "coordinates": [[[-1.160132, 50.731539], [-1.159662, 50.732254], [-1.160024, 50.732341], [-1.159942, 50.732455], [-1.16013, 50.732499], [-1.160425, 50.732282], [-1.160946, 50.731496], [-1.160689, 50.731438], [-1.160413, 50.731957], [-1.160257, 50.731829], [-1.16042, 50.731662], [-1.160132, 50.731539]]]}, "properties": {"description": "Built by jaedenplays12348", "title": "Ryde Center", "group": 3551539057, "fill": "#3cd44b"}}, {"type": "Feature", "id": 1408536619, "geometry": {"type": "Polygon", "coordinates": [[[-1.212558, 50.734888], [-1.212418, 50.733807], [-1.211526, 50.733776], [-1.210504, 50.731842], [-1.212536, 50.731195], [-1.213221, 50.731738], [-1.214479, 50.730543], [-1.214949, 50.730816], [-1.214386, 50.731875], [-1.214012, 50.732631], [-1.215244, 50.734444], [-1.212558, 50.734888]]]}, "properties": {"description": "Fishbourne - area in The Isle of Wight", "title": "Fishbourne", "group": 3551539057, "fill": "#f1ae29"}}, {"type": "Feature", "id": 875672768, "geometry": {"type": "Polygon", "coordinates": [[[-1.246265, 50.687551], [-1.244761, 50.689046], [-1.244758, 50.689065], [-1.242105, 50.68985], [-1.239033, 50.689272], [-1.23772, 50.688307], [-1.237616, 50.68736], [-1.239207, 50.686014], [-1.242059, 50.685592], [-1.243103, 50.684419], [-1.244403, 50.684665], [-1.244212, 50.685397], [-1.246109, 50.685797], [-1.246265, 50.687551]]]}, "properties": {"description": "Built by BoshyWashy and Thomasenrosa", "title": "Robin Hill Country Park", "group": 3551539057, "fill": "#ff2c31"}}, {"type": "Feature", "id": 581530745, "geometry": {"type": "Polygon", "coordinates": [[[-1.160164, 50.658336], [-1.160095, 50.6583], [-1.161609, 50.657357], [-1.161458, 50.657225], [-1.161659, 50.657074], [-1.161659, 50.656932], [-1.161462, 50.656832], [-1.162318, 50.656605], [-1.162507, 50.656732], [-1.163007, 50.656358], [-1.163116, 50.656418], [-1.162848, 50.65662], [-1.162939, 50.656687], [-1.162401, 50.65715], [-1.160972, 50.657978], [-1.160351, 50.658324], [-1.160256, 50.658338], [-1.160164, 50.658336]]]}, "properties": {"title": "Sandown Station (Completed", "group": 3551539057, "fill": "#3cd44b"}}, {"type": "Feature", "id": 1100632458, "geometry": {"type": "Polygon", "coordinates": [[[-1.160746, 50.65834], [-1.160175, 50.65834], [-1.160098, 50.658295], [-1.16034, 50.658131], [-1.159587, 50.657772], [-1.159481, 50.657734], [-1.160124, 50.657048], [-1.160265, 50.656569], [-1.160874, 50.656679], [-1.161327, 50.656808], [-1.162617, 50.656465], [-1.163002, 50.656357], [-1.163124, 50.656422], [-1.163547, 50.656261], [-1.163556, 50.656422], [-1.163238, 50.656508], [-1.163052, 50.656722], [-1.162579, 50.657087], [-1.161771, 50.657628], [-1.161202, 50.658012], [-1.160897, 50.65824], [-1.160746, 50.65834]]]}, "properties": {"title": "Sandown Station (To Do)", "group": 3551539057, "fill": "#ff2c31"}}, {"type": "Feature", "id": 707679330, "geometry": {"type": "Polygon", "coordinates": [[[-1.590536, 50.662544], [-1.592109, 50.66231], [-1.592218, 50.662217], [-1.591947, 50.662068], [-1.590175, 50.66237], [-1.590318, 50.662484], [-1.590536, 50.662544]]]}, "properties": {"title": "The Needles", "group": 3551539057, "fill": "#3cd44b"}}, {"type": "Feature", "id": 1504129793, "geometry": {"type": "Polygon", "coordinates": [[[-1.16079, 50.732997], [-1.160964, 50.733029], [-1.161126, 50.732972], [-1.161154, 50.732855], [-1.160874, 50.732784], [-1.159328, 50.732369], [-1.158033, 50.732032], [-1.157417, 50.731784], [-1.156515, 50.731357], [-1.15638, 50.731265], [-1.155988, 50.731304], [-1.155629, 50.731332], [-1.154346, 50.731254], [-1.153982, 50.731758], [-1.155046, 50.732017], [-1.155024, 50.73262], [-1.15531, 50.732613], [-1.155304, 50.732733], [-1.155192, 50.732783], [-1.155181, 50.732907], [-1.155327, 50.732978], [-1.15559, 50.732946], [-1.157294, 50.733445], [-1.157356, 50.733559], [-1.157552, 50.733583], [-1.157765, 50.733527], [-1.157714, 50.733406], [-1.157742, 50.733317], [-1.158842, 50.733513], [-1.160179, 50.733199], [-1.160568, 50.733105], [-1.16079, 50.732997]]]}, "properties": {"description": "Made by Boshywashy and Yeet_gaming1976", "title": "Ryde Pier", "group": 3551539057, "fill": "#f1ae29"}}, {"type": "Feature", "id": 176749530, "geometry": {"type": "Polygon", "coordinates": [[[-1.251484, 50.633887], [-1.251617, 50.633481], [-1.25179, 50.633084], [-1.251731, 50.632844], [-1.251484, 50.632659], [-1.250622, 50.632751], [-1.249001, 50.633041], [-1.248928, 50.633232], [-1.249138, 50.633869], [-1.249324, 50.634674], [-1.24942, 50.635636], [-1.249402, 50.635894], [-1.248314, 50.636117], [-1.247688, 50.636459], [-1.247287, 50.636764], [-1.247296, 50.637303], [-1.247304, 50.637888], [-1.247039, 50.638473], [-1.246881, 50.639053], [-1.246904, 50.63953], [-1.246974, 50.639594], [-1.247901, 50.639447], [-1.248207, 50.639172], [-1.248773, 50.639172], [-1.248974, 50.638923], [-1.250061, 50.63883], [-1.250148, 50.639594], [-1.249664, 50.63989], [-1.249508, 50.640324], [-1.249029, 50.64033], [-1.248897, 50.640744], [-1.24878, 50.641215], [-1.248609, 50.641758], [-1.248474, 50.641975], [-1.243925, 50.642006], [-1.243868, 50.642612], [-1.244017, 50.643049], [-1.243953, 50.643677], [-1.251365, 50.643669], [-1.251564, 50.641856], [-1.251996, 50.641137], [-1.252055, 50.640699], [-1.251709, 50.639964], [-1.251262, 50.639542], [-1.251322, 50.638941], [-1.251973, 50.638133], [-1.252256, 50.637538], [-1.252344, 50.636884], [-1.2525, 50.636669], [-1.252473, 50.636299], [-1.251929, 50.63523], [-1.251535, 50.634464], [-1.251459, 50.634185], [-1.251484, 50.633887]]]}, "properties": {"title": "Isle of Wight Fields #1", "group": 3551539057, "fill": "#3cd44b"}}, {"type": "Feature", "id": 815732151, "geometry": {"type": "Polygon", "coordinates": [[[-1.26141, 50.634462], [-1.26273, 50.634662], [-1.262879, 50.634183], [-1.263975, 50.634357], [-1.264058, 50.634636], [-1.263502, 50.635399], [-1.263203, 50.635362], [-1.263087, 50.635562], [-1.261145, 50.635283], [-1.261186, 50.634778], [-1.261278, 50.634583], [-1.261095, 50.634367], [-1.26029, 50.634462], [-1.25902, 50.634436], [-1.25829, 50.633393], [-1.25834, 50.632572], [-1.257452, 50.63252], [-1.257632, 50.631484], [-1.26345, 50.6316], [-1.263193, 50.632152], [-1.262321, 50.633131], [-1.261873, 50.632989], [-1.261425, 50.633305], [-1.261433, 50.633495], [-1.261607, 50.633647], [-1.261848, 50.633721], [-1.261259, 50.634303], [-1.26141, 50.634462]]]}, "properties": {"title": "Isle of Wight Fields #2", "group": 3551539057, "fill": "#3cd44b"}}, {"type": "Feature", "id": 3746506140, "geometry": {"type": "Polygon", "coordinates": [[[-1.288936, 50.631938], [-1.285762, 50.631986], [-1.286552, 50.629886], [-1.281555, 50.629944], [-1.282086, 50.628181], [-1.28198, 50.627689], [-1.28195, 50.627063], [-1.282117, 50.626678], [-1.282405, 50.62608], [-1.282891, 50.625685], [-1.28321, 50.625194], [-1.283651, 50.62503], [-1.284, 50.624992], [-1.287417, 50.627612], [-1.288678, 50.627005], [-1.288936, 50.631938]]]}, "properties": {"description": "fields made by jaedenplays12348", "title": "Isle of Wight Fields #3", "group": 3551539057, "fill": "#3cd44b"}}, {"type": "Feature", "id": 2973391541, "geometry": {"type": "Polygon", "coordinates": [[[-1.254191, 50.633176], [-1.254251, 50.632935], [-1.254463, 50.63299], [-1.254609, 50.633091], [-1.254645, 50.633201], [-1.254616, 50.633397], [-1.255051, 50.633355], [-1.255014, 50.633204], [-1.25496, 50.633107], [-1.254738, 50.63317], [-1.2547, 50.63305], [-1.254613, 50.632971], [-1.254463, 50.632921], [-1.254247, 50.632867], [-1.253954, 50.632809], [-1.253924, 50.632725], [-1.254174, 50.6325], [-1.254781, 50.632383], [-1.2546, 50.631784], [-1.254136, 50.631875], [-1.254248, 50.632067], [-1.25421, 50.632143], [-1.253675, 50.632285], [-1.253438, 50.632222], [-1.253154, 50.632004], [-1.252744, 50.63196], [-1.252701, 50.632099], [-1.252805, 50.63219], [-1.252688, 50.63225], [-1.252421, 50.632211], [-1.252365, 50.632247], [-1.252175, 50.632168], [-1.252059, 50.632326], [-1.25205, 50.632444], [-1.252365, 50.63254], [-1.252119, 50.632914], [-1.252986, 50.633084], [-1.253197, 50.632919], [-1.253274, 50.632769], [-1.25396, 50.632881], [-1.253917, 50.633168], [-1.254191, 50.633176]]]}, "properties": {"title": "Godshill Completed Area (1/1/25)", "group": 3551539057, "fill": "#3cd44b"}}, {"type": "Feature", "id": 2085083294, "geometry": {"type": "Polygon", "coordinates": [[[-1.256289, 50.633645], [-1.256193, 50.633353], [-1.255226, 50.633259], [-1.254874, 50.633633], [-1.25474, 50.633629], [-1.254804, 50.633966], [-1.255246, 50.634436], [-1.255681, 50.634599], [-1.256385, 50.634745], [-1.256577, 50.634522], [-1.256929, 50.634384], [-1.256903, 50.633982], [-1.256679, 50.633547], [-1.256423, 50.633616], [-1.256289, 50.633645]]]}, "properties": {"title": "Godshill Church", "group": 3551539057, "fill": "#3cd44b"}}, {"type": "Feature", "id": 1368105225, "geometry": {"type": "Polygon", "coordinates": [[[-6.325423, 49.979516], [-6.326113, 49.979663], [-6.326039, 49.980107], [-6.324337, 49.980207], [-6.323501, 49.980288], [-6.322759, 49.980281], [-6.321892, 49.98012], [-6.321328, 49.979764], [-6.320722, 49.97875], [-6.320639, 49.978058], [-6.320325, 49.977184], [-6.320513, 49.976257], [-6.321453, 49.975989], [-6.322529, 49.975915], [-6.323146, 49.976499], [-6.324023, 49.977413], [-6.32489, 49.978071], [-6.324995, 49.978783], [-6.325423, 49.979516]]]}, "properties": {"description": "round island lighthouse", "title": "Round Island, Isles of Scilly", "group": 3650614079, "fill": "#3cff54"}}, {"type": "Feature", "id": 176745571, "geometry": {"type": "Polygon", "coordinates": [[[0.114217, 52.203749], [0.113351, 52.205243], [0.117323, 52.205803], [0.117712, 52.205631], [0.1178, 52.205209], [0.117493, 52.203963], [0.114217, 52.203749]]]}, "properties": {"description": "Plastic_Guy", "title": "Cambridge", "group": 3650614079, "fill": "#fff700"}}, {"type": "Feature", "id": 2254407539, "geometry": {"type": "LineString", "coordinates": [[0.060926, 51.51444], [0.060981, 51.514235], [0.062856, 51.514388], [0.062794, 51.514562], [0.060926, 51.51444]]}, "properties": {"description": "infoStop", "stroke": "#ccff00", "title": "Beckton DLR Station", "group": 3650614079}}, {"type": "Feature", "id": 1938481787, "geometry": {"type": "Polygon", "coordinates": [[[-0.723239, 51.500135], [-0.72289, 51.500806], [-0.721235, 51.50228], [-0.717729, 51.503215], [-0.712477, 51.503905], [-0.712189, 51.503962], [-0.712189, 51.504425], [-0.720036, 51.503187], [-0.721706, 51.502412], [-0.723178, 51.501259], [-0.724013, 51.500135], [-0.723239, 51.500135]]]}, "properties": {"description": "Boxredux", "title": "A 308 (M)", "group": 3650614079, "fill": "#3cc954"}}, {"type": "Feature", "id": 2902165561, "geometry": {"type": "Polygon", "coordinates": [[[-2.534241, 51.513822], [-2.534275, 51.513973], [-2.534481, 51.513966], [-2.534519, 51.51416], [-2.535944, 51.51429], [-2.536491, 51.514368], [-2.538582, 51.51425], [-2.538863, 51.514286], [-2.538993, 51.514333], [-2.539114, 51.513881], [-2.541254, 51.513928], [-2.541934, 51.513962], [-2.543117, 51.514049], [-2.543048, 51.514354], [-2.543398, 51.51438], [-2.543584, 51.514068], [-2.54439, 51.514099], [-2.544439, 51.513708], [-2.543462, 51.513593], [-2.542258, 51.5135], [-2.541334, 51.51345], [-2.539958, 51.51346], [-2.536626, 51.513474], [-2.535463, 51.513497], [-2.534241, 51.513822]]]}, "properties": {"description": "Yindee8191", "title": "Bristol Parkway + Rails", "group": 3650614079, "fill": "#3cc954"}}, {"type": "Feature", "id": 1394189659, "geometry": {"type": "Polygon", "coordinates": [[[-2.807395, 54.049278], [-2.806334, 54.049363], [-2.806489, 54.050037], [-2.806081, 54.050259], [-2.805592, 54.050421], [-2.804933, 54.050418], [-2.803606, 54.050205], [-2.803219, 54.050012], [-2.803242, 54.048758], [-2.803082, 54.048362], [-2.803388, 54.048232], [-2.804066, 54.048303], [-2.80407, 54.048604], [-2.805427, 54.048294], [-2.805514, 54.048888], [-2.80609, 54.048709], [-2.806736, 54.04869], [-2.806678, 54.049009], [-2.80721, 54.048955], [-2.807395, 54.049278]]]}, "properties": {"description": "Rozaline", "title": "Lancaster", "group": 3650614079, "fill": "#3cc954"}}, {"type": "Feature", "id": 3979474404, "geometry": {"type": "Polygon", "coordinates": [[[-3.836518, 51.2338], [-3.836079, 51.233978], [-3.833029, 51.232198], [-3.832874, 51.233428], [-3.826153, 51.23346], [-3.825507, 51.231696], [-3.827963, 51.230126], [-3.825688, 51.229138], [-3.823724, 51.228896], [-3.82406, 51.228345], [-3.82817, 51.228345], [-3.829746, 51.228151], [-3.829953, 51.229381], [-3.831581, 51.23066], [-3.831762, 51.231356], [-3.833236, 51.231777], [-3.835407, 51.23278], [-3.836518, 51.2338]]]}, "properties": {"description": "Novacrowe", "title": "Lynmouth", "group": 3650614079, "fill": "#f1ae29"}}, {"type": "Feature", "id": 1545857171, "geometry": {"type": "Polygon", "coordinates": [[[-2.455982, 50.517272], [-2.45574, 50.517132], [-2.455835, 50.516968], [-2.455907, 50.516749], [-2.455927, 50.516579], [-2.455944, 50.516389], [-2.455972, 50.515403], [-2.45391, 50.515404], [-2.45339, 50.515172], [-2.453431, 50.514915], [-2.453818, 50.514677], [-2.454104, 50.514759], [-2.454343, 50.514631], [-2.45461, 50.514537], [-2.454877, 50.514223], [-2.455091, 50.514003], [-2.455, 50.513942], [-2.455403, 50.5137], [-2.455428, 50.513538], [-2.455568, 50.513367], [-2.455767, 50.513274], [-2.456004, 50.512986], [-2.45639, 50.512867], [-2.456704, 50.51287], [-2.457131, 50.513032], [-2.457617, 50.513185], [-2.457828, 50.5132], [-2.458173, 50.513431], [-2.458369, 50.513605], [-2.458733, 50.513743], [-2.459164, 50.513905], [-2.459251, 50.514027], [-2.459628, 50.514059], [-2.459692, 50.514252], [-2.459501, 50.514388], [-2.459628, 50.514723], [-2.459602, 50.515429], [-2.459636, 50.516062], [-2.459454, 50.516211], [-2.459433, 50.516442], [-2.458634, 50.51649], [-2.458533, 50.516299], [-2.458264, 50.516381], [-2.458317, 50.516473], [-2.457722, 50.516675], [-2.457642, 50.516577], [-2.455982, 50.517272]]]}, "properties": {"title": "Portland Bill", "group": 3650614079, "fill": "#fff200"}}, {"type": "Feature", "id": 2439889898, "geometry": {"type": "Polygon", "coordinates": [[[1.291197, 52.628062], [1.292012, 52.628014], [1.291997, 52.627528], [1.291661, 52.627179], [1.291169, 52.627281], [1.290873, 52.627327], [1.290705, 52.62739], [1.29014, 52.627519], [1.290213, 52.627692], [1.290282, 52.627858], [1.290385, 52.628098], [1.291197, 52.628062]]]}, "properties": {"description": "FattM", "title": "The Forum (Norwich)", "group": 3650614079, "fill": "#fff200"}}, {"type": "Feature", "id": 978627750, "geometry": {"type": "Polygon", "coordinates": [[[-1.076552, 50.779236], [-1.076032, 50.777826], [-1.076205, 50.777629], [-1.07572, 50.777448], [-1.075242, 50.777535], [-1.074991, 50.777799], [-1.07526, 50.777936], [-1.075902, 50.779351], [-1.076552, 50.779236]]]}, "properties": {"description": "NovaCrowe", "title": "South Parade Pier", "group": 3650614079, "fill": "#fff700"}}, {"type": "Feature", "id": 3543922504, "geometry": {"type": "Polygon", "coordinates": [[[-0.978191, 51.453542], [-0.974535, 51.454264], [-0.976051, 51.456362], [-0.97186, 51.456681], [-0.970991, 51.456681], [-0.971013, 51.458709], [-0.976497, 51.45939], [-0.977456, 51.45682], [-0.978548, 51.455487], [-0.978816, 51.454514], [-0.978191, 51.453542]]]}, "properties": {"description": "Unknown", "title": "Reading Centre", "group": 3650614079, "fill": "#f18729"}}, {"type": "Feature", "id": 649709080, "geometry": {"type": "Polygon", "coordinates": [[[-0.976066, 51.459915], [-0.973368, 51.459987], [-0.971589, 51.459761], [-0.970848, 51.460541], [-0.974553, 51.461721], [-0.975344, 51.461003], [-0.976066, 51.459915]]]}, "properties": {"description": "Unknown", "title": "Reading shops", "group": 3650614079, "fill": "#f18729"}}, {"type": "Feature", "id": 951518439, "geometry": {"type": "Polygon", "coordinates": [[[-0.693681, 52.007561], [-0.693058, 52.007526], [-0.692637, 52.007598], [-0.689545, 52.009059], [-0.690818, 52.010078], [-0.693807, 52.008689], [-0.694153, 52.00846], [-0.694179, 52.00827], [-0.694062, 52.008228], [-0.694145, 52.008097], [-0.694101, 52.007873], [-0.693928, 52.007708], [-0.69382, 52.00762], [-0.693681, 52.007561]]]}, "properties": {"description": "CTCuberHD", "title": "Red Bull Racing Factory", "group": 3650614079, "fill": "#fff200"}}, {"type": "Feature", "id": 598399655, "geometry": {"type": "Polygon", "coordinates": [[[-1.025462, 52.066473], [-1.01847, 52.062036], [-1.012326, 52.063143], [-1.013001, 52.064579], [-1.012395, 52.064931], [-1.01288, 52.065686], [-1.010439, 52.066207], [-1.010716, 52.066633], [-1.006822, 52.06741], [-1.007341, 52.068899], [-1.00568, 52.071038], [-1.006285, 52.072484], [-1.008622, 52.073686], [-1.00947, 52.074155], [-1.009591, 52.076495], [-1.008778, 52.078526], [-1.010007, 52.079409], [-1.013001, 52.080771], [-1.016531, 52.080611], [-1.01731, 52.079824], [-1.019733, 52.079622], [-1.021429, 52.07875], [-1.022312, 52.079399], [-1.025929, 52.077761], [-1.026206, 52.073309], [-1.025947, 52.068192], [-1.025695, 52.066995], [-1.025462, 52.066473]]]}, "properties": {"description": "CTCuberJD + Thraqul\n/tpll 52.0674, -1.0243", "title": "Silverstone", "group": 3650614079, "fill": "#f1ae29"}}, {"type": "Feature", "id": 1536241035, "geometry": {"type": "Polygon", "coordinates": [[[1.285811, 52.627981], [1.287265, 52.626447], [1.287981, 52.625904], [1.287957, 52.626438], [1.288914, 52.627736], [1.287079, 52.628344], [1.286029, 52.628557], [1.285811, 52.627981]]]}, "properties": {"description": "FattM", "title": "Chapelfield Gardens", "group": 3650614079, "fill": "#fb6033"}}, {"type": "Feature", "id": 2844009835, "geometry": {"type": "Polygon", "coordinates": [[[0.262356, 52.399036], [0.262377, 52.398572], [0.263417, 52.39846], [0.263451, 52.398358], [0.263865, 52.398312], [0.26394, 52.398442], [0.264621, 52.398368], [0.264734, 52.399149], [0.263973, 52.399195], [0.263885, 52.398804], [0.262356, 52.399036]]]}, "properties": {"title": "Ely Cathedral", "group": 3650614079, "fill": "#3cc954"}}, {"type": "Feature", "id": 2623192030, "geometry": {"type": "Polygon", "coordinates": [[[1.291182, 52.62651], [1.291027, 52.626585], [1.291246, 52.627128], [1.292039, 52.62693], [1.292794, 52.626585], [1.292226, 52.626231], [1.292012, 52.626322], [1.291734, 52.626302], [1.291538, 52.626191], [1.29143, 52.626246], [1.291364, 52.626451], [1.291182, 52.62651]]]}, "properties": {"description": "FattM", "title": "St Stephen's Church", "group": 3650614079, "fill": "#fb6033"}}, {"type": "Feature", "id": 1223830707, "geometry": {"type": "Polygon", "coordinates": [[[0.263864, 52.398821], [0.26393, 52.39919], [0.262559, 52.399319], [0.260615, 52.399064], [0.260662, 52.39893], [0.262352, 52.398715], [0.262334, 52.39907], [0.263864, 52.398821]]]}, "properties": {"description": "FattM", "title": "Ely Cathedral park", "group": 3650614079, "fill": "#ff3a15"}}, {"type": "Feature", "id": 734245634, "geometry": {"type": "Polygon", "coordinates": [[[-0.150919, 51.502644], [-0.150648, 51.502635], [-0.15067, 51.502448], [-0.150933, 51.502458], [-0.150919, 51.502644]]]}, "properties": {"description": "Sole (1.12)", "title": "Wellington Arch", "group": 3650614079, "fill": "#3cc954"}}, {"type": "Feature", "id": 1867604214, "geometry": {"type": "Polygon", "coordinates": [[[1.290887, 52.626185], [1.291187, 52.626505], [1.29136, 52.626443], [1.291424, 52.626242], [1.291534, 52.62618], [1.291723, 52.62628], [1.292015, 52.626299], [1.292212, 52.626218], [1.29166, 52.625768], [1.290887, 52.626185]]]}, "properties": {"description": "unknown author", "title": "Chantry Hall", "group": 3650614079, "fill": "#3cc954"}}, {"type": "Feature", "id": 3836996190, "geometry": {"type": "Polygon", "coordinates": [[[-1.798978, 51.068732], [-1.797105, 51.06847], [-1.796569, 51.068641], [-1.796419, 51.068935], [-1.796478, 51.069224], [-1.798312, 51.069326], [-1.798978, 51.068732]]]}, "properties": {"description": "Being built by ELgamer", "title": "Salisbury", "group": 3650614079, "fill": "#fff700"}}, {"type": "Feature", "id": 544386085, "geometry": {"type": "Polygon", "coordinates": [[[-2.359351, 51.381521], [-2.359325, 51.381313], [-2.359321, 51.381261], [-2.359245, 51.381252], [-2.359245, 51.381252], [-2.359229, 51.381203], [-2.358792, 51.381235], [-2.358778, 51.381212], [-2.358584, 51.381223], [-2.358577, 51.381304], [-2.358266, 51.381334], [-2.358238, 51.381358], [-2.358264, 51.381424], [-2.358311, 51.38143], [-2.358341, 51.381503], [-2.358286, 51.381507], [-2.358318, 51.381606], [-2.358646, 51.381582], [-2.358659, 51.38165], [-2.358893, 51.381612], [-2.358882, 51.38157], [-2.359351, 51.381521]]]}, "properties": {"description": "By BoshyWashy", "title": "Bath Abbey", "group": 3650614079, "fill": "#f1bf29"}}, {"type": "Feature", "id": 2319078663, "geometry": {"type": "Polygon", "coordinates": [[[-0.972534, 52.140506], [-0.972534, 52.140506], [-0.973129, 52.141771], [-0.973253, 52.142051], [-0.973604, 52.142473], [-0.973452, 52.142578], [-0.973375, 52.142665], [-0.973403, 52.143433], [-0.973412, 52.143449], [-0.973476, 52.143461], [-0.97345, 52.143801], [-0.973355, 52.145229], [-0.972299, 52.145211], [-0.971903, 52.145194], [-0.97156, 52.144233], [-0.970115, 52.1438], [-0.969754, 52.143723], [-0.969197, 52.143821], [-0.972534, 52.140506]]]}, "properties": {"title": "Hulcote", "group": 3650614079, "fill": "#fb4f33"}}, {"type": "Feature", "id": 4233338864, "geometry": {"type": "Polygon", "coordinates": [[[-0.144, 50.819296], [-0.142812, 50.819059], [-0.142052, 50.820624], [-0.143329, 50.820767], [-0.144, 50.819296]]]}, "properties": {"description": "Unknown", "title": "Brighton", "group": 3650614079}}, {"type": "Feature", "id": 2078878830, "geometry": {"type": "Polygon", "coordinates": [[[0.179766, 51.449989], [0.177582, 51.449241], [0.178346, 51.448397], [0.178792, 51.448531], [0.178827, 51.448495], [0.179622, 51.448759], [0.179332, 51.448994], [0.180324, 51.449408], [0.179766, 51.449989]]]}, "properties": {"description": "By BoshyWashy and Dillsteamgamer", "title": "Sainsbury's Crayford", "group": 3650614079, "fill": "#cc1b15"}}, {"type": "Feature", "id": 1146904702, "geometry": {"type": "Polygon", "coordinates": [[[-0.12551, 51.498232], [-0.125498, 51.498235], [-0.125481, 51.49823], [-0.125456, 51.498236], [-0.12546, 51.498244], [-0.125448, 51.498247], [-0.125418, 51.498244], [-0.12527, 51.498233], [-0.125261, 51.498218], [-0.125202, 51.498214], [-0.12519, 51.498216], [-0.125182, 51.498227], [-0.125152, 51.498225], [-0.124177, 51.498153], [-0.124147, 51.498151], [-0.124113, 51.498141], [-0.124132, 51.497978], [-0.124136, 51.49796], [-0.12416, 51.497928], [-0.124266, 51.497376], [-0.124262, 51.497368], [-0.124371, 51.496798], [-0.124367, 51.49679], [-0.124476, 51.49622], [-0.124472, 51.496212], [-0.124651, 51.495027], [-0.124658, 51.494964], [-0.124657, 51.494938], [-0.124674, 51.494846], [-0.124673, 51.49482], [-0.124688, 51.494773], [-0.124723, 51.494686], [-0.124748, 51.49468], [-0.12479, 51.494679], [-0.124845, 51.494676], [-0.12484, 51.494668], [-0.124951, 51.494591], [-0.125065, 51.494468], [-0.125097, 51.494426], [-0.125122, 51.49442], [-0.125131, 51.494436], [-0.125128, 51.49448], [-0.125155, 51.494527], [-0.125081, 51.494693], [-0.125056, 51.494699], [-0.12504, 51.49472], [-0.125029, 51.494749], [-0.125017, 51.494778], [-0.125035, 51.494809], [-0.125044, 51.494825], [-0.12507, 51.494846], [-0.125092, 51.494858], [-0.125151, 51.494863], [-0.125365, 51.494964], [-0.125332, 51.494981], [-0.125328, 51.494999], [-0.125303, 51.495005], [-0.125275, 51.495029], [-0.125263, 51.495058], [-0.12526, 51.495102], [-0.125253, 51.495139], [-0.125263, 51.495181], [-0.125278, 51.49523], [-0.125306, 51.495303], [-0.12547, 51.496006], [-0.125505, 51.496016], [-0.125509, 51.496023], [-0.125519, 51.496065], [-0.125538, 51.496123], [-0.125517, 51.496136], [-0.125509, 51.496147], [-0.125524, 51.496196], [-0.125608, 51.496538], [-0.125699, 51.49694], [-0.125745, 51.496948], [-0.125778, 51.497028], [-0.125757, 51.497042], [-0.125759, 51.497094], [-0.125765, 51.497154], [-0.125808, 51.497523], [-0.125791, 51.497615], [-0.125784, 51.497898], [-0.125778, 51.498084], [-0.125783, 51.498215], [-0.125785, 51.498268], [-0.125583, 51.49826], [-0.125574, 51.498245], [-0.12551, 51.498232]]]}, "properties": {"description": "StillSquare", "title": "Victoria Tower Gardens", "group": 3650614079, "fill": "#3cc954"}}, {"type": "Feature", "id": 3101492091, "geometry": {"type": "Polygon", "coordinates": [[[-0.015539, 51.504774], [-0.015566, 51.504698], [-0.015504, 51.504615], [-0.015501, 51.504536], [-0.015528, 51.50446], [-0.015568, 51.504407], [-0.015649, 51.504424], [-0.015694, 51.504256], [-0.016937, 51.504401], [-0.016782, 51.504919], [-0.015539, 51.504774]]]}, "properties": {"description": "thomasenrosa, infoStop", "title": "21 Canada Square", "group": 3650614079, "fill": "#fb6033"}}, {"type": "Feature", "id": 349928243, "geometry": {"type": "Polygon", "coordinates": [[[-0.014357, 51.503974], [-0.014559, 51.503366], [-0.015299, 51.503447], [-0.015097, 51.504055], [-0.014357, 51.503974]]]}, "properties": {"description": "infoStop", "title": "25 Churchill Place", "group": 3650614079, "fill": "#fff700"}}, {"type": "Feature", "id": 2201518272, "geometry": {"type": "Polygon", "coordinates": [[[-1.5418, 53.802477], [-1.541648, 53.802587], [-1.541648, 53.802587], [-1.541573, 53.802586], [-1.541497, 53.802628], [-1.541301, 53.802523], [-1.541776, 53.802223], [-1.541924, 53.802321], [-1.5419, 53.802378], [-1.5418, 53.802477]]]}, "properties": {"description": "Standing at 114 metres tall it towers above leeds as yorkshires tallest building", "title": "Atlus House - iQ Student Accommodation", "group": 3650614079, "fill": "#3cc954"}}, {"type": "Feature", "id": 685872808, "geometry": {"type": "Polygon", "coordinates": [[[-0.115296, 51.51448], [-0.11239, 51.515073], [-0.111685, 51.513769], [-0.113798, 51.513362], [-0.114119, 51.513916], [-0.114727, 51.513786], [-0.114958, 51.514291], [-0.115195, 51.514252], [-0.115296, 51.51448]]]}, "properties": {"description": "Waggiswagen", "title": "Royal Courts of Justice", "group": 3650614079, "fill": "#fb4f33"}}, {"type": "Feature", "id": 3278472123, "geometry": {"type": "Polygon", "coordinates": [[[-0.016722, 51.505874], [-0.014997, 51.505678], [-0.014769, 51.505526], [-0.013471, 51.505385], [-0.013579, 51.504956], [-0.012943, 51.504711], [-0.013003, 51.504522], [-0.013167, 51.504512], [-0.013312, 51.504444], [-0.013386, 51.504375], [-0.013833, 51.502938], [-0.015484, 51.503054], [-0.015492, 51.50292], [-0.017571, 51.503143], [-0.016807, 51.505872], [-0.016722, 51.505874]]]}, "properties": {"description": "thomasenrosa, infoStop, Epdan", "title": "Canary Wharf (East)", "group": 3650614079, "fill": "#ffcc00"}}, {"type": "Feature", "id": 1502791880, "geometry": {"type": "Polygon", "coordinates": [[[-2.374354, 55.003434], [-2.373912, 55.003466], [-2.373621, 55.003714], [-2.373635, 55.003737], [-2.373893, 55.003649], [-2.373982, 55.003648], [-2.374359, 55.003441], [-2.374354, 55.003434]]]}, "properties": {"title": "Sycamore Gap", "group": 3650614079, "fill": "#fb6033"}}, {"type": "Feature", "id": 3116578391, "geometry": {"type": "Polygon", "coordinates": [[[-0.419602, 51.689927], [-0.419158, 51.689798], [-0.418701, 51.689672], [-0.418696, 51.689664], [-0.418577, 51.689629], [-0.418462, 51.689602], [-0.418351, 51.68968], [-0.417968, 51.689731], [-0.417943, 51.689736], [-0.417834, 51.689866], [-0.417678, 51.690086], [-0.417602, 51.6902], [-0.417124, 51.690061], [-0.417152, 51.690037], [-0.417168, 51.690016], [-0.417066, 51.689986], [-0.416951, 51.689959], [-0.416938, 51.689962], [-0.41693, 51.689972], [-0.416917, 51.689975], [-0.416608, 51.690687], [-0.416617, 51.690703], [-0.416805, 51.690757], [-0.417054, 51.691599], [-0.417259, 51.691658], [-0.417716, 51.691785], [-0.418173, 51.691911], [-0.418277, 51.691773], [-0.418489, 51.691479], [-0.418694, 51.691196], [-0.418906, 51.690902], [-0.419006, 51.690756], [-0.41924, 51.690598], [-0.419464, 51.690275], [-0.419602, 51.689927], [-0.419602, 51.689927]]]}, "properties": {"title": "Leavesden Studios", "group": 3650614079, "fill": "#fb6033"}}, {"type": "Feature", "id": 1383284827, "geometry": {"type": "Polygon", "coordinates": [[[-0.00616, 51.507701], [-0.007377, 51.507553], [-0.008777, 51.507135], [-0.008789, 51.506983], [-0.009045, 51.506838], [-0.009846, 51.506853], [-0.010237, 51.506598], [-0.010637, 51.505621], [-0.010442, 51.505577], [-0.01079, 51.504804], [-0.008546, 51.504223], [-0.007074, 51.504023], [-0.006922, 51.503512], [-0.006433, 51.503252], [-0.006169, 51.50331], [-0.005146, 51.505025], [-0.003085, 51.50668], [-0.00282, 51.506933], [-0.002975, 51.507153], [-0.003251, 51.507338], [-0.003564, 51.507514], [-0.00402, 51.507668], [-0.004402, 51.50789], [-0.004661, 51.50807], [-0.00616, 51.507701]]]}, "properties": {"title": "New Provindence Wharf", "group": 3650614079, "fill": "#fff700"}}, {"type": "Feature", "id": 2705798339, "geometry": {"type": "Polygon", "coordinates": [[[1.339936, 52.093531], [1.339376, 52.093447], [1.339341, 52.09351], [1.339281, 52.093514], [1.339232, 52.093452], [1.339203, 52.093402], [1.339183, 52.093363], [1.339175, 52.093327], [1.339162, 52.093298], [1.339167, 52.093264], [1.339215, 52.093179], [1.339283, 52.093158], [1.339326, 52.093159], [1.339393, 52.093164], [1.339444, 52.093175], [1.339492, 52.093089], [1.339559, 52.093095], [1.339665, 52.093109], [1.339715, 52.093119], [1.340069, 52.09322], [1.340011, 52.093373], [1.339936, 52.093531], [1.339936, 52.093531]]]}, "properties": {"description": "Sutton Hoo", "title": "Sutton Hoo", "group": 3650614079, "fill": "#fb6033"}}, {"type": "Feature", "id": 1570508119, "geometry": {"type": "Polygon", "coordinates": [[[-0.110913, 51.530873], [-0.110788, 51.530901], [-0.109653, 51.531093], [-0.109578, 51.53111], [-0.109488, 51.530954], [-0.109377, 51.530689], [-0.109924, 51.530557], [-0.110012, 51.530538], [-0.110092, 51.530529], [-0.110151, 51.530533], [-0.110615, 51.530429], [-0.110703, 51.530436], [-0.110913, 51.530873]]]}, "properties": {"title": "Claremont Square", "group": 3650614079, "fill": "#fb6033"}}, {"type": "Feature", "id": 2132894315, "geometry": {"type": "Polygon", "coordinates": [[[-0.020829, 51.50609], [-0.020465, 51.507495], [-0.020575, 51.50769], [-0.021012, 51.507828], [-0.021723, 51.508022], [-0.021707, 51.508158], [-0.020169, 51.507757], [-0.019741, 51.507691], [-0.019171, 51.507809], [-0.018755, 51.507894], [-0.018171, 51.507866], [-0.017613, 51.507913], [-0.016288, 51.507749], [-0.01534, 51.507592], [-0.014264, 51.507526], [-0.011315, 51.507631], [-0.008961, 51.507805], [-0.006744, 51.508128], [-0.005665, 51.508338], [-0.004706, 51.508775], [-0.003722, 51.509179], [0.001155, 51.510101], [0.002131, 51.51053], [0.002639, 51.510917], [0.003541, 51.512047], [0.003803, 51.512724], [0.004034, 51.513453], [0.004304, 51.513882], [0.005196, 51.514483], [0.005808, 51.514714], [0.006479, 51.514882], [0.007017, 51.514852], [0.00758, 51.514679], [0.008902, 51.513756], [0.00931, 51.513095], [0.010913, 51.510545], [0.01205, 51.509711], [0.012942, 51.509369], [0.013832, 51.509194], [0.014721, 51.509093], [0.01588, 51.509043], [0.016996, 51.509131], [0.018455, 51.509289], [0.019871, 51.509446], [0.021358, 51.509504], [0.023098, 51.50967], [0.024898, 51.509789], [0.031341, 51.509792], [0.034546, 51.509428], [0.035461, 51.509107], [0.03632, 51.508667], [0.036863, 51.508462], [0.0375, 51.50831], [0.038215, 51.508214], [0.044161, 51.508018], [0.044767, 51.508086], [0.045211, 51.508229], [0.047409, 51.508986], [0.048296, 51.509043], [0.050919, 51.508955], [0.0603, 51.508655], [0.065091, 51.50847], [0.065885, 51.508355], [0.066415, 51.508054], [0.067818, 51.507328], [0.068682, 51.507174], [0.069605, 51.507152], [0.070123, 51.507177], [0.070581, 51.50727], [0.07094, 51.5074], [0.071239, 51.507562], [0.071511, 51.507806], [0.071707, 51.508082], [0.071707, 51.50919], [0.071615, 51.510135], [0.071424, 51.512831], [0.071248, 51.513169], [0.070935, 51.513492], [0.070173, 51.513962], [0.069539, 51.514152], [0.068901, 51.514245], [0.067795, 51.514296], [0.065965, 51.514386], [0.063843, 51.514459], [0.062964, 51.514409], [0.062054, 51.51432], [0.060804, 51.514191], [0.060824, 51.514394], [0.063181, 51.514583], [0.0652, 51.514505], [0.067184, 51.514452], [0.068504, 51.514411], [0.06979, 51.514307], [0.070423, 51.514071], [0.070894, 51.513744], [0.071202, 51.51345], [0.071441, 51.513145], [0.071534, 51.512908], [0.071597, 51.512653], [0.071655, 51.512088], [0.071712, 51.511273], [0.071786, 51.510455], [0.07188, 51.509364], [0.071945, 51.508246], [0.071858, 51.507998], [0.071736, 51.507796], [0.071381, 51.507471], [0.070922, 51.507264], [0.070394, 51.507097], [0.069476, 51.507034], [0.068531, 51.507051], [0.067831, 51.507187], [0.06737, 51.507373], [0.066338, 51.507916], [0.065761, 51.50821], [0.06209, 51.508482], [0.054909, 51.508708], [0.048077, 51.508953], [0.047656, 51.508916], [0.047269, 51.508831], [0.045489, 51.508188], [0.04465, 51.507954], [0.044229, 51.507915], [0.041944, 51.507977], [0.040081, 51.508041], [0.038185, 51.508092], [0.03714, 51.508261], [0.036619, 51.508404], [0.036217, 51.508571], [0.035481, 51.508898], [0.034875, 51.509125], [0.03441, 51.509228], [0.033284, 51.509327], [0.031205, 51.50958], [0.029597, 51.509647], [0.026712, 51.509523], [0.025102, 51.509539], [0.023999, 51.50957], [0.023268, 51.509561], [0.021311, 51.509361], [0.019718, 51.509324], [0.018436, 51.509169], [0.017402, 51.509021], [0.015849, 51.508905], [0.01456, 51.508913], [0.013258, 51.509107], [0.012066, 51.509454], [0.011328, 51.509734], [0.010884, 51.510144], [0.010232, 51.510384], [0.00978, 51.510706], [0.009234, 51.51171], [0.008986, 51.512586], [0.008841, 51.51299], [0.008526, 51.513407], [0.007709, 51.514171], [0.00742, 51.514487], [0.007225, 51.514633], [0.006869, 51.514749], [0.006522, 51.514746], [0.005997, 51.514623], [0.005412, 51.514352], [0.00476, 51.513867], [0.004455, 51.513574], [0.004244, 51.51325], [0.004036, 51.512766], [0.003913, 51.512277], [0.003358, 51.511372], [0.002947, 51.510882], [0.001938, 51.510215], [0.00155, 51.510066], [0.000941, 51.509918], [-0.003473, 51.509093], [-0.003898, 51.508979], [-0.004289, 51.508811], [-0.005733, 51.508137], [-0.006981, 51.507885], [-0.008923, 51.507667], [-0.010536, 51.507537], [-0.013185, 51.507342], [-0.01399, 51.507338], [-0.015247, 51.507399], [-0.017034, 51.507551], [-0.018468, 51.507764], [-0.018893, 51.5077], [-0.019638, 51.507541], [-0.019814, 51.5075], [-0.019886, 51.507329], [-0.020068, 51.507016], [-0.02015, 51.506697], [-0.02035, 51.506042], [-0.020829, 51.50609]]]}, "properties": {"description": "InfoStop, Auraxfloral, Crayfish547", "title": "DLR Canary Wharf ? Beckton", "group": 3650614079, "fill": "#fb6033"}}, {"type": "Feature", "id": 2530441333, "geometry": {"type": "Polygon", "coordinates": [[[-0.020568, 51.507285], [-0.021002, 51.505722], [-0.020344, 51.505679], [-0.019902, 51.507217], [-0.020568, 51.507285]]]}, "properties": {"description": "InfoStop, Crayfish547", "title": "West India Quay + Bridge", "group": 3650614079, "fill": "#fff700"}}, {"type": "Feature", "id": 2145352610, "geometry": {"type": "Polygon", "coordinates": [[[-0.615752, 53.566083], [-0.614833, 53.566053], [-0.61454, 53.565977], [-0.612742, 53.564865], [-0.612759, 53.564309], [-0.613049, 53.564162], [-0.613434, 53.564149], [-0.614262, 53.564173], [-0.614864, 53.564183], [-0.615384, 53.564203], [-0.615701, 53.564222], [-0.616603, 53.564273], [-0.617154, 53.56432], [-0.617908, 53.564342], [-0.618597, 53.564352], [-0.618702, 53.564502], [-0.618697, 53.564762], [-0.618702, 53.565063], [-0.6187, 53.565399], [-0.618699, 53.565762], [-0.618688, 53.566109], [-0.618666, 53.566364], [-0.618668, 53.566415], [-0.618122, 53.566401], [-0.617632, 53.566384], [-0.615752, 53.566083]]]}, "properties": {"title": "Lakeside Retail Park", "group": 3650614079, "fill": "#fb6002"}}, {"type": "Feature", "id": 2972101560, "geometry": {"type": "Polygon", "coordinates": [[[-1.466965, 52.522825], [-1.468269, 52.522859], [-1.468235, 52.523209], [-1.468572, 52.523265], [-1.468515, 52.524341], [-1.46726, 52.52441], [-1.467087, 52.523289], [-1.466965, 52.522825]]]}, "properties": {"description": "-HyperLeopard99-", "title": "Nuneaton Town Center", "group": 3650614079, "fill": "#e32c31"}}, {"type": "Feature", "id": 2886902207, "geometry": {"type": "Polygon", "coordinates": [[[-1.585318, 52.280304], [-1.584171, 52.280096], [-1.583838, 52.279378], [-1.585198, 52.2787], [-1.584867, 52.277726], [-1.587039, 52.276892], [-1.589638, 52.274268], [-1.58987, 52.273176], [-1.591481, 52.276126], [-1.5908, 52.277355], [-1.589863, 52.278351], [-1.589019, 52.279644], [-1.588594, 52.279749], [-1.586127, 52.280094], [-1.585318, 52.280304]]]}, "properties": {"title": "Warwick Castle grounds", "group": 3650614079, "fill": "#f18729"}}, {"type": "Feature", "id": 4236947092, "geometry": {"type": "LineString", "coordinates": [[0.000839, 51.497855], [-0.002056, 51.499523], [0.000839, 51.497855]]}, "properties": {"title": "Top Golf London", "group": 3650614079}}, {"type": "Feature", "id": 3636267749, "geometry": {"type": "Polygon", "coordinates": [[[0.055122, 51.519681], [0.056201, 51.519751], [0.057255, 51.51992], [0.058425, 51.520161], [0.059499, 51.520423], [0.060506, 51.520764], [0.062108, 51.521478], [0.062414, 51.521218], [0.061058, 51.520662], [0.059668, 51.520156], [0.058479, 51.519881], [0.056811, 51.51955], [0.055129, 51.519368], [0.055122, 51.519681]]]}, "properties": {"description": "infoStop", "title": "A13 Beckton Alps Flyover", "group": 3650614079, "fill": "#f1ae29"}}, {"type": "Feature", "id": 366798512, "geometry": {"type": "Polygon", "coordinates": [[[-0.015439, 51.50492], [-0.015255, 51.505585], [-0.015793, 51.505659], [-0.015801, 51.505648], [-0.01586, 51.505653], [-0.015852, 51.505663], [-0.016579, 51.505747], [-0.01659, 51.505692], [-0.016619, 51.505694], [-0.016773, 51.50515], [-0.016705, 51.50513], [-0.016755, 51.505119], [-0.016753, 51.505066], [-0.016263, 51.505], [-0.016166, 51.50525], [-0.016183, 51.505255], [-0.016179, 51.505273], [-0.015893, 51.50539], [-0.015997, 51.50498], [-0.015439, 51.50492]]]}, "properties": {"description": "thomasenrosa, infoStop", "title": "15 Canada Square", "group": 3650614079, "fill": "#fff700"}}, {"type": "Feature", "id": 826749195, "geometry": {"type": "Polygon", "coordinates": [[[-0.461954, 53.211456], [-0.462115, 53.212263], [-0.461485, 53.212396], [-0.461725, 53.213238], [-0.46368, 53.213196], [-0.465535, 53.212837], [-0.464994, 53.212267], [-0.463364, 53.210689], [-0.462546, 53.210871], [-0.461954, 53.211456]]]}, "properties": {"description": "Heighington is a village that sits on the outskirts of Lincoln. Curtis Drive road leads to Kenyon and Stevenson Close.", "title": "Heighington - Curtis Drive - Kenyon Close - Stevenson Close", "group": 3650614079, "fill": "#fb6033"}}, {"type": "Feature", "id": 2407623630, "geometry": {"type": "Polygon", "coordinates": [[[-0.085221, 51.513385], [-0.085155, 51.513102], [-0.084817, 51.513106], [-0.084716, 51.513393], [-0.085221, 51.513385]]]}, "properties": {"description": "SoleSol.", "title": "Cornhill", "group": 3650614079, "fill": "#ffcc00"}}, {"type": "Feature", "id": 2472773597, "geometry": {"type": "Polygon", "coordinates": [[[-1.212955, 50.955363], [-1.211105, 50.954861], [-1.211901, 50.953715], [-1.212589, 50.952772], [-1.213654, 50.952781], [-1.214581, 50.953107], [-1.212955, 50.955363]]]}, "properties": {"description": "Village Of Bishops Waltham", "title": "Bishops Waltham", "group": 3650614079, "fill": "#ff2c31"}}, {"type": "Feature", "id": 3957383400, "geometry": {"type": "Polygon", "coordinates": [[[-2.998162, 53.409802], [-2.996814, 53.4102], [-2.99656, 53.41045], [-2.996342, 53.410498], [-2.996282, 53.410521], [-2.996223, 53.410543], [-2.996176, 53.410562], [-2.996117, 53.410584], [-2.996083, 53.4106], [-2.99598, 53.410623], [-2.996739, 53.411801], [-2.99706, 53.412866], [-2.997716, 53.412719], [-2.99916, 53.412588], [-2.99946, 53.41211], [-2.999982, 53.41138], [-2.999488, 53.410738], [-2.998162, 53.409802]]]}, "properties": {"description": "Building Xact Prepack and other buildlings around it", "title": "Xact Prepack", "group": 3650614079, "fill": "#e32c31"}}, {"type": "Feature", "id": 4220738995, "geometry": {"type": "Polygon", "coordinates": [[[-1.93073, 52.449894], [-1.930842, 52.449816], [-1.930886, 52.449534], [-1.930872, 52.44944], [-1.930665, 52.449478], [-1.930582, 52.44977], [-1.930575, 52.449877], [-1.93058, 52.449884], [-1.93073, 52.449894], [-1.93073, 52.449894]]]}, "properties": {"title": "Old Joe", "group": 3650614079, "fill": "#fb6033"}}, {"type": "Feature", "id": 3186946838, "geometry": {"type": "Polygon", "coordinates": [[[-1.909091, 52.478261], [-1.910459, 52.47963], [-1.907171, 52.480611], [-1.906015, 52.479185], [-1.909091, 52.478261]]]}, "properties": {"title": "Library of Birmingham", "group": 3650614079, "fill": "#fb6033"}}, {"type": "Feature", "id": 797398708, "geometry": {"type": "Polygon", "coordinates": [[[-1.904564, 52.483563], [-1.904293, 52.483783], [-1.903941, 52.483608], [-1.904242, 52.48339], [-1.904564, 52.483563]]]}, "properties": {"title": "BT Tower Birmingham", "group": 3650614079, "fill": "#fb6033"}}, {"type": "Feature", "id": 1892572797, "geometry": {"type": "Polygon", "coordinates": [[[-2.146776, 51.263945], [-2.147385, 51.263774], [-2.147331, 51.263332], [-2.146717, 51.263353], [-2.146691, 51.263805], [-2.146776, 51.263945]]]}, "properties": {"description": "legoworks1234", "title": "Westbury White Horse", "group": 3650614079, "fill": "#fff700"}}, {"type": "Feature", "id": 1970966679, "geometry": {"type": "Polygon", "coordinates": [[[-0.350936, 51.566289], [-0.350936, 51.566289], [-0.351692, 51.56664], [-0.351977, 51.566179], [-0.351741, 51.56609], [-0.351863, 51.565984], [-0.351845, 51.565952], [-0.351858, 51.565949], [-0.351933, 51.565933], [-0.351605, 51.565759], [-0.350936, 51.566289]]]}, "properties": {"description": "Echo Court is an apartment building that sits between the A312, Stanly Road and Sherwood Road \nBuilt by Farmtesticwwww", "title": "Echo Court", "group": 3650614079, "fill": "#fb6033"}}, {"type": "Feature", "id": 1938062002, "geometry": {"type": "Polygon", "coordinates": [[[-1.900984, 52.480885], [-1.901552, 52.481249], [-1.901992, 52.481], [-1.901548, 52.480626], [-1.900984, 52.480885]]]}, "properties": {"group": 3650614079, "description": "legoworks1234\nroof not done", "media_url": "https://i.imgur.com/wwOrkkf.png", "title": "103 Colmore Row", "fill": "#fb6033"}}, {"type": "Feature", "id": 3060522600, "geometry": {"type": "Polygon", "coordinates": [[[0.214473, 51.444262], [0.214385, 51.443999], [0.214017, 51.44399], [0.213765, 51.443196], [0.213363, 51.443214], [0.213339, 51.443066], [0.213804, 51.442942], [0.214569, 51.442788], [0.215369, 51.442731], [0.216171, 51.442641], [0.216406, 51.442754], [0.216678, 51.443174], [0.216273, 51.443327], [0.215754, 51.443473], [0.215763, 51.443991], [0.215531, 51.444023], [0.215479, 51.444176], [0.214473, 51.444262]]]}, "properties": {"title": "Sainsbury's Dartford", "group": 3650614079, "fill": "#bfd43c"}}, {"type": "Feature", "id": 2038124739, "geometry": {"type": "Polygon", "coordinates": [[[-0.261123, 51.462708], [-0.2604, 51.462708], [-0.260206, 51.465059], [-0.260892, 51.465105], [-0.261123, 51.462708]]]}, "properties": {"description": "Mstr_Polar", "title": "Gilpin Ave", "group": 3650614079, "fill": "#fb4f33"}}, {"type": "Feature", "id": 2245903902, "geometry": {"type": "Polygon", "coordinates": [[[-0.351082, 51.567394], [-0.351082, 51.567394], [-0.350947, 51.567698], [-0.351525, 51.567912], [-0.351651, 51.567884], [-0.351703, 51.567828], [-0.352234, 51.567912], [-0.352526, 51.567952], [-0.35262, 51.567675], [-0.352446, 51.567644], [-0.352474, 51.567593], [-0.35241, 51.567581], [-0.352453, 51.567413], [-0.351876, 51.567322], [-0.35183, 51.567217], [-0.351782, 51.567184], [-0.351082, 51.567394]]]}, "properties": {"description": "Waitrose South Harrow Car park and main building.\n\nBuilt by Farmtasticwwww", "title": "Waitrose South Harrow", "group": 3650614079, "fill": "#f18729"}}, {"type": "Feature", "id": 2744846463, "geometry": {"type": "Polygon", "coordinates": [[[-0.094488, 51.514109], [-0.094866, 51.51321], [-0.094187, 51.5131], [-0.094091, 51.513344], [-0.094301, 51.513389], [-0.094114, 51.513806], [-0.093832, 51.513741], [-0.093745, 51.513996], [-0.094488, 51.514109]]]}, "properties": {"description": "SoleSol.", "title": "Bow Bells House", "group": 3650614079, "fill": "#3cd44b"}}, {"type": "Feature", "id": 2515810172, "geometry": {"type": "Polygon", "coordinates": [[[-1.022317, 52.065907], [-1.023275, 52.065896], [-1.024556, 52.066619], [-1.024847, 52.067053], [-1.024893, 52.067418], [-1.024556, 52.068056], [-1.023896, 52.068453], [-1.022212, 52.067349], [-1.021591, 52.066822], [-1.020716, 52.06726], [-1.020053, 52.067163], [-1.019768, 52.067116], [-1.019655, 52.06708], [-1.019575, 52.067012], [-1.019553, 52.066909], [-1.019676, 52.06663], [-1.019547, 52.066507], [-1.019417, 52.066432], [-1.018945, 52.066296], [-1.018364, 52.066162], [-1.017969, 52.066049], [-1.017778, 52.065804], [-1.017517, 52.065407], [-1.017458, 52.065322], [-1.017465, 52.065241], [-1.017712, 52.06524], [-1.017779, 52.064841], [-1.01707, 52.064622], [-1.017149, 52.064404], [-1.017347, 52.064024], [-1.017315, 52.063894], [-1.016711, 52.064292], [-1.016179, 52.064712], [-1.013875, 52.067014], [-1.013831, 52.067103], [-1.013786, 52.067096], [-1.013441, 52.067496], [-1.013192, 52.067414], [-1.01357, 52.066971], [-1.014251, 52.066173], [-1.014766, 52.065587], [-1.015293, 52.065017], [-1.015789, 52.064524], [-1.015623, 52.064454], [-1.016287, 52.063671], [-1.017203, 52.062972], [-1.018345, 52.063107], [-1.019249, 52.063353], [-1.019612, 52.063603], [-1.019927, 52.063821], [-1.020877, 52.065276], [-1.020938, 52.065224], [-1.021671, 52.065745], [-1.021959, 52.065879], [-1.022317, 52.065907]]]}, "properties": {"title": "Silverstone 100% Complete Area", "group": 3650614079, "fill": "#3cc954"}}, {"type": "Feature", "id": 145664141, "geometry": {"type": "Polygon", "coordinates": [[[-1.566558, 51.578207], [-1.566405, 51.578047], [-1.566395, 51.577935], [-1.56643, 51.577874], [-1.566488, 51.57778], [-1.566622, 51.577599], [-1.566566, 51.577506], [-1.566566, 51.577435], [-1.566618, 51.577308], [-1.566709, 51.577269], [-1.566816, 51.57728], [-1.566882, 51.577344], [-1.567075, 51.577379], [-1.567005, 51.577501], [-1.566695, 51.577626], [-1.566707, 51.577836], [-1.566757, 51.577992], [-1.566558, 51.578207]]]}, "properties": {"description": "Oldest surviving hill figure in the country\n\nlegoworks1234", "title": "Uffington White Horse", "group": 3650614079, "fill": "#a0c514"}}, {"type": "Feature", "id": 2553494026, "geometry": {"type": "Polygon", "coordinates": [[[-1.590612, 52.282496], [-1.590612, 52.282496], [-1.589283, 52.282295], [-1.589865, 52.281399], [-1.590395, 52.280752], [-1.590458, 52.280667], [-1.59157, 52.28046], [-1.591678, 52.280805], [-1.591809, 52.281118], [-1.591831, 52.281298], [-1.591832, 52.281561], [-1.591785, 52.282151], [-1.591626, 52.282556], [-1.590612, 52.282496]]]}, "properties": {"description": "The area around market pl and the museum", "title": "Warwick Museum Area", "group": 3650614079, "fill": "#fb6033"}}, {"type": "Feature", "id": 4180957732, "geometry": {"type": "Polygon", "coordinates": [[[-0.138535, 51.505656], [-0.138208, 51.505337], [-0.139301, 51.504983], [-0.139548, 51.505268], [-0.138535, 51.505656]]]}, "properties": {"description": "Sole", "title": "St James's", "group": 3650614079, "fill": "#3cd44b"}}, {"type": "Feature", "id": 2612346931, "geometry": {"type": "Polygon", "coordinates": [[[-1.673864, 54.956794], [-1.673864, 54.956794], [-1.673519, 54.958228], [-1.672473, 54.959175], [-1.669652, 54.959344], [-1.664206, 54.958389], [-1.664206, 54.958389], [-1.663046, 54.957451], [-1.663046, 54.957451], [-1.664699, 54.954677], [-1.666571, 54.954992], [-1.66844, 54.95518], [-1.669834, 54.955345], [-1.6705, 54.955533], [-1.670676, 54.955769], [-1.670798, 54.956111], [-1.670798, 54.956111], [-1.670763, 54.956246], [-1.673864, 54.956794]]]}, "properties": {"title": "Metrocentre", "group": 3650614079, "fill": "#e32c31"}}, {"type": "Feature", "id": 284120803, "geometry": {"type": "Polygon", "coordinates": [[[-0.366934, 51.502444], [-0.366077, 51.500873], [-0.369552, 51.499667], [-0.3701, 51.503117], [-0.366934, 51.502444]]]}, "properties": {"group": 3650614079, "description": "W.I.P by allied_galaxy7.\nI plan to recreate my neighbourhood first, then expand into Old Southall", "media_url": "https://en.wikipedia.org/wiki/File:The_Three_Horseshoes,_Southall_-_DSC07008.JPG", "title": "Southall", "fill": "#fb6033"}}, {"type": "Feature", "id": 1431918148, "geometry": {"type": "Polygon", "coordinates": [[[-1.468394, 53.378935], [-1.468126, 53.378766], [-1.467559, 53.378951], [-1.46809, 53.379398], [-1.468394, 53.378935]]]}, "properties": {"description": "unknown builder", "title": "st pauls tower", "group": 3650614079, "fill": "#f1ae29"}}, {"type": "Feature", "id": 3032444775, "geometry": {"type": "Polygon", "coordinates": [[[-2.12953, 51.838745], [-2.131684, 51.83823], [-2.134182, 51.8372], [-2.140867, 51.839611], [-2.140765, 51.841531], [-2.138733, 51.842021], [-2.13849, 51.843], [-2.134731, 51.842422], [-2.134751, 51.841343], [-2.133349, 51.841832], [-2.133045, 51.841381], [-2.131643, 51.841167], [-2.131155, 51.842686], [-2.129022, 51.842611], [-2.128534, 51.840966], [-2.12953, 51.838745]]]}, "properties": {"description": "Built by all bte uk builders", "title": "Bte Uk Event", "group": 3650614079, "fill": "#3cff54"}}, {"type": "Feature", "id": 671783503, "geometry": {"type": "Polygon", "coordinates": [[[-2.218684, 51.745483], [-2.218262, 51.745545], [-2.218079, 51.745536], [-2.217141, 51.745906], [-2.217289, 51.746272], [-2.21719, 51.746719], [-2.217136, 51.746989], [-2.217266, 51.747208], [-2.217509, 51.747325], [-2.21815, 51.74705], [-2.219142, 51.746636], [-2.219729, 51.746353], [-2.218684, 51.745483]]]}, "properties": {"description": "built by jaedenplays12348 and some help from james", "title": "Stroud Town", "group": 3650614079, "fill": "#ff0000"}}, {"type": "Feature", "id": 3158709581, "geometry": {"type": "Polygon", "coordinates": [[[0.960421, 51.86614], [0.96131, 51.867948], [0.96171, 51.868165], [0.963882, 51.867775], [0.962919, 51.866449], [0.961526, 51.86601], [0.96102, 51.866181], [0.96086, 51.86599], [0.960421, 51.86614]]]}, "properties": {"title": "Wivenhoe", "group": 3650614079, "fill": "#fb6033"}}, {"type": "Feature", "id": 2163935341, "geometry": {"type": "Polygon", "coordinates": [[[-2.809628, 51.283504], [-2.809688, 51.276735], [-2.807607, 51.275619], [-2.805585, 51.275173], [-2.802612, 51.275024], [-2.800412, 51.275396], [-2.797736, 51.275917], [-2.796131, 51.276772], [-2.794763, 51.277702], [-2.79405, 51.278595], [-2.793931, 51.279934], [-2.794288, 51.281124], [-2.79518, 51.282351], [-2.79619, 51.283244], [-2.797558, 51.284062], [-2.799282, 51.285029], [-2.801482, 51.285475], [-2.803682, 51.28555], [-2.806239, 51.285401], [-2.808023, 51.284955], [-2.809628, 51.283504]]]}, "properties": {"description": "the cheddar reservoir", "title": "Chedder Reservoir", "group": 3650614079, "fill": "#ff0000"}}, {"type": "Feature", "id": 3418643993, "geometry": {"type": "Polygon", "coordinates": [[[-1.827655, 51.179774], [-1.827536, 51.178236], [-1.825678, 51.177833], [-1.824583, 51.178445], [-1.82444, 51.179326], [-1.827655, 51.179774]]]}, "properties": {"title": "Stonehenge", "group": 3650614079, "fill": "#3cd44b"}}, {"type": "Feature", "id": 1733503784, "geometry": {"type": "Polygon", "coordinates": [[[-1.258278, 53.214227], [-1.258278, 53.214227], [-1.256366, 53.21258], [-1.256392, 53.212575], [-1.256405, 53.212572], [-1.256405, 53.212572], [-1.256405, 53.212572], [-1.256405, 53.212572], [-1.256405, 53.212572], [-1.256405, 53.212572], [-1.256405, 53.212572], [-1.256405, 53.212572], [-1.256405, 53.212572], [-1.257251, 53.212171], [-1.258278, 53.214227]]]}, "properties": {"title": "New Feature", "group": 3650614079, "fill": "#bf40ff"}}, {"type": "Feature", "id": 1103493995, "geometry": {"type": "Polygon", "coordinates": [[[-6.316407, 49.918842], [-6.317189, 49.918213], [-6.31863, 49.918394], [-6.319069, 49.917977], [-6.318727, 49.917418], [-6.31808, 49.917214], [-6.317763, 49.917245], [-6.317616, 49.916522], [-6.318129, 49.91631], [-6.317983, 49.916129], [-6.317384, 49.916341], [-6.316651, 49.916184], [-6.31659, 49.916412], [-6.317189, 49.91653], [-6.316981, 49.917623], [-6.315955, 49.918677], [-6.316407, 49.918842]]]}, "properties": {"title": "Ferry dock", "group": 3650614079, "fill": "#ff0000"}}, {"type": "Feature", "id": 74960390, "geometry": {"type": "Polygon", "coordinates": [[[-4.272277, 50.186124], [-4.254165, 50.185641], [-4.255208, 50.178738], [-4.273175, 50.179202], [-4.272277, 50.186124]]]}, "properties": {"description": "Needs Rebuilding (Unknown Builder)", "title": "Eddystone Lighthouse", "group": 4070034240, "fill": "#cc1b15"}}, {"type": "Feature", "id": 2450105457, "geometry": {"type": "Polygon", "coordinates": [[[-4.139061, 50.373745], [-4.138538, 50.37388], [-4.138189, 50.37433], [-4.139493, 50.374456], [-4.139865, 50.37389], [-4.139554, 50.373783], [-4.139061, 50.373745]]]}, "properties": {"description": "Builder unknown", "title": "Roland Levinsky Building", "group": 4070034240, "fill": "#8dd43c"}}, {"type": "Feature", "id": 1884850470, "geometry": {"type": "Polygon", "coordinates": [[[-4.13642, 50.376634], [-4.136791, 50.376096], [-4.136974, 50.375708], [-4.13759, 50.375815], [-4.137641, 50.375525], [-4.137244, 50.375414], [-4.137007, 50.37534], [-4.137481, 50.374689], [-4.137035, 50.374526], [-4.13723, 50.374094], [-4.136655, 50.373926], [-4.136774, 50.373449], [-4.135702, 50.373376], [-4.135761, 50.373677], [-4.135567, 50.373689], [-4.135545, 50.373363], [-4.137582, 50.373487], [-4.138065, 50.373295], [-4.139446, 50.373084], [-4.139525, 50.373486], [-4.140109, 50.373638], [-4.141455, 50.374432], [-4.141452, 50.374501], [-4.141403, 50.374604], [-4.141337, 50.374736], [-4.139717, 50.373763], [-4.138588, 50.373799], [-4.137422, 50.375104], [-4.13823, 50.375229], [-4.13847, 50.375476], [-4.138479, 50.375743], [-4.138693, 50.375823], [-4.138651, 50.376387], [-4.139873, 50.376431], [-4.140321, 50.376374], [-4.140385, 50.376634], [-4.139201, 50.377119], [-4.138543, 50.377195], [-4.138609, 50.377405], [-4.138268, 50.377481], [-4.13801, 50.377333], [-4.137847, 50.377244], [-4.137522, 50.377345], [-4.137327, 50.377256], [-4.137634, 50.376974], [-4.13642, 50.376634]]]}, "properties": {"description": "built by DeezTasty", "title": "Plymouth Uni", "group": 4070034240, "fill": "#fff200"}}, {"type": "Feature", "id": 2609422499, "geometry": {"type": "Polygon", "coordinates": [[[-4.143407, 50.364532], [-4.144116, 50.363812], [-4.141932, 50.362663], [-4.141083, 50.363467], [-4.141074, 50.364621], [-4.143407, 50.364532]]]}, "properties": {"description": "YaBoidun", "title": "Plymouth Hoe", "group": 4070034240, "fill": "#f1ae29"}}, {"type": "Feature", "id": 2181157827, "geometry": {"type": "Polygon", "coordinates": [[[-4.142136, 50.372287], [-4.139225, 50.3723], [-4.139076, 50.372045], [-4.139086, 50.371384], [-4.142156, 50.371371], [-4.142136, 50.372287]]]}, "properties": {"description": "WIP Deez, Sonny", "title": "Plymouth City Centre", "group": 4070034240, "fill": "#f1ae29"}}, {"type": "Feature", "id": 1674427541, "geometry": {"type": "Polygon", "coordinates": [[[-4.146303, 50.365151], [-4.145874, 50.364477], [-4.144207, 50.364372], [-4.143299, 50.364014], [-4.142738, 50.363835], [-4.142292, 50.364046], [-4.141896, 50.363919], [-4.140889, 50.36432], [-4.139965, 50.364972], [-4.139536, 50.365562], [-4.139337, 50.366088], [-4.138743, 50.365962], [-4.1381, 50.366183], [-4.137968, 50.366425], [-4.138298, 50.366541], [-4.139371, 50.366794], [-4.139932, 50.366962], [-4.143563, 50.366657], [-4.143678, 50.365425], [-4.145742, 50.365436], [-4.145808, 50.365204], [-4.146303, 50.365151]]]}, "properties": {"description": "Deez Tasty", "title": "Hoe Park", "group": 4070034240, "fill": "#f18729"}}, {"type": "Feature", "id": 2221788495, "geometry": {"type": "Polygon", "coordinates": [[[-2.377506, 51.800323], [-2.378771, 51.800886], [-2.37733, 51.802468], [-2.375889, 51.802523], [-2.375654, 51.80125], [-2.373655, 51.801177], [-2.374096, 51.802668], [-2.373243, 51.804613], [-2.370437, 51.804444], [-2.370019, 51.806186], [-2.368611, 51.806119], [-2.368394, 51.806693], [-2.36776, 51.806549], [-2.367373, 51.806913], [-2.368131, 51.807162], [-2.368332, 51.808109], [-2.367822, 51.809132], [-2.366692, 51.809266], [-2.36629, 51.807649], [-2.366522, 51.806587], [-2.364356, 51.806626], [-2.363737, 51.804827], [-2.365949, 51.804923], [-2.36646, 51.805631], [-2.367327, 51.805602], [-2.367992, 51.804157], [-2.369218, 51.804118], [-2.368547, 51.80223], [-2.367905, 51.800661], [-2.369377, 51.8004], [-2.369706, 51.799102], [-2.370568, 51.799015], [-2.370505, 51.800187], [-2.372119, 51.800535], [-2.374813, 51.800235], [-2.37688, 51.800196], [-2.377506, 51.800323]]]}, "properties": {"title": "Rodley", "fill": "#ff2c31"}}, {"type": "Feature", "id": 2645836416, "geometry": {"type": "LineString", "coordinates": [[-1.483802, 53.381096], [-1.483497, 53.380858], [-1.483802, 53.381096]]}, "properties": {"title": "New Feature"}}, {"type": "Feature", "id": 3954199098, "geometry": {"type": "Polygon", "coordinates": [[[-0.925953, 52.22488], [-0.92918, 52.225781], [-0.92918, 52.225781], [-0.925953, 52.22488]]]}, "properties": {"title": "New Feature", "fill": "#fb6033"}}, {"type": "Feature", "id": 1305828792, "geometry": {"type": "Polygon", "coordinates": [[[-6.403479, 49.863354], [-6.402549, 49.863618], [-6.40116, 49.863583], [-6.40066, 49.863507], [-6.400794, 49.863132], [-6.402312, 49.863042], [-6.40321, 49.863045], [-6.403479, 49.863354]]]}, "properties": {"title": "South West Isles", "fill": "#00ff00"}}, {"type": "Feature", "id": 4270659466, "geometry": {"type": "Polygon", "coordinates": [[[-2.415483, 51.817454], [-2.390897, 51.825427], [-2.385175, 51.826177], [-2.373925, 51.827076], [-2.362044, 51.826432], [-2.363111, 51.818789], [-2.361492, 51.808144], [-2.360187, 51.805045], [-2.352719, 51.803036], [-2.348258, 51.802706], [-2.34884, 51.799497], [-2.353835, 51.796858], [-2.362175, 51.794729], [-2.369062, 51.794489], [-2.377111, 51.797698], [-2.394047, 51.803188], [-2.403746, 51.806216], [-2.412765, 51.81614], [-2.415483, 51.817454]]]}, "properties": {"title": "FINAL AREA", "fill": "#ff3a15"}}, {"type": "Feature", "id": 2620582648, "geometry": {"type": "Polygon", "coordinates": [[[-2.370886, 51.817011], [-2.365724, 51.817025], [-2.36569, 51.817953], [-2.367091, 51.817953], [-2.366967, 51.817164], [-2.368853, 51.817081], [-2.36909, 51.817388], [-2.367498, 51.81787], [-2.368017, 51.820064], [-2.367148, 51.821549], [-2.366493, 51.821479], [-2.366278, 51.821786], [-2.366504, 51.82208], [-2.365685, 51.823358], [-2.366238, 51.823875], [-2.367345, 51.823456], [-2.366938, 51.822982], [-2.367966, 51.822242], [-2.369163, 51.821683], [-2.369615, 51.822123], [-2.370744, 51.82192], [-2.370903, 51.821006], [-2.370688, 51.820517], [-2.369909, 51.820538], [-2.370696, 51.819293], [-2.370934, 51.819056], [-2.371431, 51.81909], [-2.371397, 51.819488], [-2.371769, 51.8199], [-2.372232, 51.819921], [-2.372131, 51.819398], [-2.372018, 51.819056], [-2.374344, 51.818602], [-2.373622, 51.817589], [-2.373023, 51.817715], [-2.373328, 51.818483], [-2.371397, 51.818685], [-2.370671, 51.81786], [-2.370886, 51.817011]]]}, "properties": {"title": "Bollow", "fill": "#ff0000"}}, {"type": "Feature", "id": 1393355310, "geometry": {"type": "Polygon", "coordinates": [[[-0.136882, 50.819286], [-0.137378, 50.815858], [-0.137803, 50.81559], [-0.137873, 50.814771], [-0.137525, 50.814438], [-0.136765, 50.814397], [-0.136353, 50.814649], [-0.136185, 50.815553], [-0.136546, 50.815822], [-0.136359, 50.816359], [-0.13609, 50.819262], [-0.136882, 50.819286]]]}, "properties": {"description": "Letter27", "title": "Brighton Pier", "fill": "#3cc954"}}, {"type": "Feature", "id": 1443323165, "geometry": {"type": "Polygon", "coordinates": [[[-4.205881, 50.407594], [-4.206105, 50.407768], [-4.206929, 50.407699], [-4.20713, 50.407642], [-4.207514, 50.407347], [-4.208346, 50.407412], [-4.209324, 50.407546], [-4.209379, 50.407251], [-4.209918, 50.406859], [-4.209851, 50.406749], [-4.210288, 50.406412], [-4.210508, 50.406426], [-4.210912, 50.406269], [-4.210549, 50.405956], [-4.209775, 50.406586], [-4.209117, 50.407087], [-4.208351, 50.407424], [-4.207647, 50.407354], [-4.207067, 50.407334], [-4.206956, 50.407154], [-4.206911, 50.4069], [-4.20695, 50.406637], [-4.206543, 50.406598], [-4.206432, 50.406734], [-4.206069, 50.406778], [-4.20606, 50.40684], [-4.205729, 50.407194], [-4.205693, 50.407286], [-4.205939, 50.407537], [-4.205881, 50.407594]]]}, "properties": {"description": "DeezTasty", "title": "Saltash Station and Waterfront", "fill": "#f18729"}}, {"type": "Feature", "id": 1692003446, "geometry": {"type": "Polygon", "coordinates": [[[-2.369368, 51.80979], [-2.366833, 51.810164], [-2.366903, 51.810782], [-2.367196, 51.81168], [-2.366306, 51.811936], [-2.367334, 51.813774], [-2.366118, 51.814208], [-2.366356, 51.814572], [-2.367447, 51.814394], [-2.367987, 51.8152], [-2.366446, 51.81545], [-2.36612, 51.815946], [-2.368235, 51.816512], [-2.369954, 51.816719], [-2.371479, 51.81638], [-2.370991, 51.815506], [-2.370279, 51.815217], [-2.369151, 51.815123], [-2.369191, 51.814481], [-2.369974, 51.814752], [-2.370056, 51.814456], [-2.370011, 51.813944], [-2.36999, 51.813296], [-2.369258, 51.813391], [-2.369579, 51.812948], [-2.36901, 51.811948], [-2.368164, 51.812124], [-2.367798, 51.811105], [-2.368276, 51.810621], [-2.369537, 51.81064], [-2.369368, 51.80979]]]}, "properties": {"title": "Boxbush", "fill": "#ff2c31"}}, {"type": "Feature", "id": 3698951940, "geometry": {"type": "Polygon", "coordinates": [[[-0.306071, 51.51286], [-0.306036, 51.512892], [-0.304939, 51.51302], [-0.304609, 51.513036], [-0.304567, 51.513], [-0.304758, 51.512476], [-0.304993, 51.512438], [-0.305048, 51.512599], [-0.305242, 51.512591], [-0.305271, 51.512681], [-0.305436, 51.512665], [-0.305465, 51.512743], [-0.305987, 51.512675], [-0.306071, 51.51286]]]}, "properties": {"title": "Ealing Broadway", "fill": "#a8d43c"}}, {"type": "Feature", "id": 1378591101, "geometry": {"type": "Polygon", "coordinates": [[[-0.128591, 51.48512], [-0.12715, 51.485932], [-0.127665, 51.486309], [-0.127093, 51.486608], [-0.126613, 51.486167], [-0.126087, 51.486929], [-0.124292, 51.486224], [-0.125092, 51.48532], [-0.126304, 51.484565], [-0.12731, 51.484707], [-0.128293, 51.4848], [-0.128591, 51.48512]]]}, "properties": {"description": "jaedenplays", "title": "Vauxhall", "fill": "#ff2c31"}}, {"type": "Feature", "id": 2661143252, "geometry": {"type": "Polygon", "coordinates": [[[1.145128, 52.053836], [1.144463, 52.055721], [1.144463, 52.055721], [1.145671, 52.057928], [1.147785, 52.057744], [1.148624, 52.056783], [1.15129, 52.055568], [1.151876, 52.055031], [1.148778, 52.054623], [1.146876, 52.0538], [1.147692, 52.053582], [1.148294, 52.053972], [1.151694, 52.053391], [1.152027, 52.051617], [1.152001, 52.051638], [1.147961, 52.052099], [1.147062, 52.053091], [1.147095, 52.053159], [1.145128, 52.053836]]]}, "properties": {"title": "New Feature", "fill": "#fb6033"}}, {"type": "Feature", "id": 2394015663, "geometry": {"type": "Polygon", "coordinates": [[[-3.806627, 51.664346], [-3.805322, 51.664567], [-3.805864, 51.665582], [-3.807255, 51.665358], [-3.806627, 51.664346]]]}, "properties": {"title": "New Feature", "fill": "#fb6033"}}, {"type": "Feature", "id": 3303413653, "geometry": {"type": "Polygon", "coordinates": [[[-0.128329, 51.511834], [-0.127239, 51.511857], [-0.125295, 51.511291], [-0.125427, 51.511173], [-0.127011, 51.511028], [-0.127026, 51.511141], [-0.1263, 51.511214], [-0.126319, 51.51132], [-0.126805, 51.511479], [-0.126847, 51.511687], [-0.127395, 51.511693], [-0.127949, 51.511474], [-0.127858, 51.51137], [-0.127526, 51.511373], [-0.127524, 51.511247], [-0.128338, 51.511241], [-0.128329, 51.511834]]]}, "properties": {"description": "SoleSol", "title": "Covent Garden West", "fill": "#3cc954"}}, {"type": "Feature", "id": 2385258721, "geometry": {"type": "Polygon", "coordinates": [[[-0.125884, 51.509453], [-0.123713, 51.509478], [-0.124005, 51.509337], [-0.1232, 51.50881], [-0.122622, 51.508461], [-0.123252, 51.507804], [-0.124711, 51.508512], [-0.125091, 51.508777], [-0.125359, 51.508643], [-0.125879, 51.508657], [-0.12586, 51.509068], [-0.126975, 51.509058], [-0.12697, 51.509454], [-0.125884, 51.509453]]]}, "properties": {"description": "Sole, Ozy", "title": "Charing Cross Redevelopment Area", "fill": "#f1ae29"}}, {"type": "Feature", "id": 3352543694, "geometry": {"type": "Polygon", "coordinates": [[[-0.153371, 51.500857], [-0.152852, 51.50054], [-0.153311, 51.50028], [-0.153416, 51.500444], [-0.153432, 51.50075], [-0.153371, 51.500857]]]}, "properties": {"description": "Aki", "title": "Argentinian Ambassador's Residence", "fill": "#3cc954"}}, {"type": "Feature", "id": 795041697, "geometry": {"type": "Polygon", "coordinates": [[[-0.152438, 51.50279], [-0.15219, 51.502333], [-0.152101, 51.502191], [-0.151994, 51.502063], [-0.151652, 51.501807], [-0.151171, 51.501484], [-0.152022, 51.500983], [-0.153503, 51.501935], [-0.153756, 51.502543], [-0.152438, 51.50279]]]}, "properties": {"description": "Jtupps, Cray", "title": "Hyde Park Ring of Chaos", "fill": "#fff700"}}, {"type": "Feature", "id": 3186718929, "geometry": {"type": "Polygon", "coordinates": [[[-2.254422, 51.828147], [-2.25435, 51.828058], [-2.254269, 51.827909], [-2.253909, 51.827757], [-2.253727, 51.82787], [-2.253808, 51.828011], [-2.254024, 51.828095], [-2.254231, 51.828265], [-2.254447, 51.828236], [-2.254422, 51.828147]]]}, "properties": {"title": "Grange road bridge", "fill": "#00ff00"}}, {"type": "Feature", "id": 603206968, "geometry": {"type": "LineString", "coordinates": [[-1.367348, 51.323316], [-1.370238, 51.328857], [-1.367572, 51.33389], [-1.360108, 51.336344], [-1.344449, 51.33502], [-1.346554, 51.332793], [-1.347059, 51.330759], [-1.346862, 51.328427], [-1.34588, 51.326691], [-1.343061, 51.323828], [-1.351227, 51.322776], [-1.355492, 51.322636], [-1.356614, 51.32292], [-1.356951, 51.321465], [-1.356165, 51.320728], [-1.358073, 51.320254], [-1.358662, 51.320886], [-1.359588, 51.320588], [-1.360178, 51.321096], [-1.361974, 51.320746], [-1.361777, 51.3195], [-1.363433, 51.319571], [-1.363545, 51.319132], [-1.36464, 51.318623], [-1.365678, 51.318869], [-1.367348, 51.323316]]}, "properties": {"description": "CaptainMquackers", "title": "Highclare Castle and Park"}}, {"type": "Feature", "id": 3241239432, "geometry": {"type": "Polygon", "coordinates": [[[-1.138799, 52.95304], [-1.138804, 52.953047], [-1.138834, 52.95305], [-1.138869, 52.953059], [-1.138904, 52.953069], [-1.138938, 52.953079], [-1.138965, 52.953099], [-1.139005, 52.953117], [-1.139014, 52.953132], [-1.139031, 52.953137], [-1.139036, 52.953145], [-1.13904, 52.953152], [-1.139045, 52.95316], [-1.139063, 52.953165], [-1.139067, 52.953173], [-1.139076, 52.953188], [-1.139081, 52.953196], [-1.139103, 52.953208], [-1.139108, 52.953216], [-1.139117, 52.953232], [-1.139122, 52.953239], [-1.139144, 52.953252], [-1.139166, 52.953264], [-1.13917, 52.953272], [-1.139188, 52.953277], [-1.139192, 52.953285], [-1.13921, 52.95329], [-1.139214, 52.953297], [-1.139219, 52.953305], [-1.139236, 52.95331], [-1.139241, 52.953318], [-1.139246, 52.953325], [-1.139263, 52.95333], [-1.139268, 52.953338], [-1.139285, 52.953343], [-1.139272, 52.953346], [-1.13929, 52.95335], [-1.139307, 52.953355], [-1.139312, 52.953363], [-1.139321, 52.953378], [-1.139338, 52.953383], [-1.13936, 52.953396], [-1.139378, 52.953401], [-1.139383, 52.953409], [-1.1394, 52.953413], [-1.139422, 52.953426], [-1.139427, 52.953434], [-1.139444, 52.953439], [-1.139466, 52.953451], [-1.139471, 52.953459], [-1.139488, 52.953464], [-1.13951, 52.953476], [-1.139515, 52.953484], [-1.139532, 52.953489], [-1.139554, 52.953502], [-1.139559, 52.953509], [-1.139576, 52.953514], [-1.139594, 52.953519], [-1.139616, 52.953532], [-1.13962, 52.953539], [-1.139638, 52.953544], [-1.13966, 52.953557], [-1.139677, 52.953562], [-1.139695, 52.953567], [-1.139712, 52.953572], [-1.139729, 52.953577], [-1.139729, 52.953577], [-1.139729, 52.953577], [-1.13975, 52.953563], [-1.139763, 52.95356], [-1.139771, 52.95355], [-1.139771, 52.95355], [-1.139797, 52.953544], [-1.139818, 52.953531], [-1.139856, 52.953523], [-1.139877, 52.953509], [-1.139898, 52.953496], [-1.139919, 52.953483], [-1.139945, 52.953477], [-1.13997, 52.953472], [-1.140004, 52.953456], [-1.14003, 52.95345], [-1.14005, 52.953437], [-1.140076, 52.953431], [-1.140084, 52.953421], [-1.140123, 52.953412], [-1.140148, 52.953407], [-1.140152, 52.953388], [-1.140142, 52.953373], [-1.140151, 52.953363], [-1.140141, 52.953347], [-1.140154, 52.953344], [-1.140162, 52.953334], [-1.140153, 52.953318], [-1.140123, 52.953316], [-1.140096, 52.953296], [-1.140074, 52.953283], [-1.140082, 52.953273], [-1.140086, 52.953255], [-1.140089, 52.953237], [-1.140085, 52.953229], [-1.140084, 52.953203], [-1.140092, 52.953192], [-1.140095, 52.953174], [-1.140086, 52.953159], [-1.14009, 52.953141], [-1.140098, 52.95313], [-1.140097, 52.953104], [-1.1401, 52.953086], [-1.140091, 52.953071], [-1.140107, 52.95305], [-1.140124, 52.953029], [-1.140127, 52.953011], [-1.140122, 52.953003], [-1.140139, 52.952982], [-1.140125, 52.952959], [-1.140128, 52.952941], [-1.140119, 52.952925], [-1.140118, 52.952899], [-1.140109, 52.952884], [-1.140108, 52.952858], [-1.140103, 52.95285], [-1.140102, 52.952824], [-1.140093, 52.952809], [-1.140083, 52.952794], [-1.140082, 52.952768], [-1.140078, 52.95276], [-1.140064, 52.952737], [-1.140067, 52.952719], [-1.140066, 52.952693], [-1.140065, 52.952667], [-1.140047, 52.952636], [-1.140037, 52.952621], [-1.140028, 52.952605], [-1.140054, 52.9526], [-1.140067, 52.952597], [-1.140084, 52.952602], [-1.140127, 52.952601], [-1.140157, 52.952603], [-1.140175, 52.952608], [-1.1402, 52.952603], [-1.140226, 52.952597], [-1.140269, 52.952596], [-1.140294, 52.952591], [-1.14032, 52.952585], [-1.140345, 52.95258], [-1.140358, 52.952577], [-1.140384, 52.952571], [-1.140427, 52.952571], [-1.14044, 52.952568], [-1.140465, 52.952562], [-1.140486, 52.952549], [-1.140512, 52.952543], [-1.140537, 52.952538], [-1.140563, 52.952532], [-1.140593, 52.952534], [-1.140619, 52.952529], [-1.140644, 52.952523], [-1.140643, 52.952497], [-1.140634, 52.952482], [-1.140625, 52.952466], [-1.140615, 52.952451], [-1.140598, 52.952446], [-1.140571, 52.952426], [-1.140554, 52.952421], [-1.14054, 52.952398], [-1.140531, 52.952382], [-1.140504, 52.952362], [-1.140499, 52.952354], [-1.140464, 52.952345], [-1.140442, 52.952332], [-1.140433, 52.952317], [-1.140424, 52.952301], [-1.140432, 52.952291], [-1.140436, 52.952272], [-1.140444, 52.952262], [-1.140435, 52.952247], [-1.140438, 52.952228], [-1.140429, 52.952213], [-1.140394, 52.952203], [-1.140398, 52.952185], [-1.140393, 52.952177], [-1.140396, 52.952159], [-1.140413, 52.952138], [-1.140391, 52.952126], [-1.140381, 52.95211], [-1.14039, 52.9521], [-1.140385, 52.952092], [-1.140406, 52.952079], [-1.140414, 52.952068], [-1.140409, 52.95206], [-1.140333, 52.952077], [-1.140315, 52.952072], [-1.140277, 52.952081], [-1.140239, 52.952089], [-1.140208, 52.952087], [-1.140183, 52.952093], [-1.140153, 52.952091], [-1.140114, 52.952099], [-1.140097, 52.952094], [-1.140059, 52.952102], [-1.140028, 52.9521], [-1.140003, 52.952106], [-1.139977, 52.952111], [-1.139947, 52.952109], [-1.139917, 52.952107], [-1.139891, 52.952113], [-1.139866, 52.952118], [-1.139889, 52.952157], [-1.13989, 52.952183], [-1.139886, 52.952201], [-1.139892, 52.952235], [-1.139871, 52.952248], [-1.139828, 52.952249], [-1.139798, 52.952246], [-1.139755, 52.952247], [-1.139729, 52.952253], [-1.139704, 52.952258], [-1.139661, 52.952259], [-1.139648, 52.952262], [-1.139618, 52.95226], [-1.139628, 52.952301], [-1.139629, 52.952327], [-1.139574, 52.95233], [-1.139518, 52.952334], [-1.139503, 52.952381], [-1.139472, 52.952379], [-1.139417, 52.952382], [-1.139361, 52.952386], [-1.13931, 52.952397], [-1.139228, 52.952406], [-1.139173, 52.952409], [-1.139142, 52.952407], [-1.139124, 52.952377], [-1.13911, 52.952353], [-1.139088, 52.952341], [-1.139058, 52.952339], [-1.139015, 52.952339], [-1.138976, 52.952348], [-1.138925, 52.952359], [-1.138895, 52.952357], [-1.138857, 52.952365], [-1.138831, 52.952371], [-1.138832, 52.952397], [-1.13885, 52.952402], [-1.138872, 52.952414], [-1.138894, 52.952427], [-1.13889, 52.952445], [-1.138887, 52.952463], [-1.138883, 52.952481], [-1.138884, 52.952507], [-1.138881, 52.952525], [-1.138877, 52.952544], [-1.138878, 52.95257], [-1.13887, 52.95258], [-1.138871, 52.952606], [-1.138868, 52.952624], [-1.138869, 52.95265], [-1.138865, 52.952668], [-1.13887, 52.952676], [-1.138866, 52.952694], [-1.138863, 52.952712], [-1.138859, 52.95273], [-1.138856, 52.952749], [-1.138839, 52.95277], [-1.138831, 52.95278], [-1.138823, 52.952791], [-1.138797, 52.952796], [-1.138799, 52.952822], [-1.138795, 52.95284], [-1.138791, 52.952859], [-1.138788, 52.952877], [-1.138797, 52.952892], [-1.138794, 52.95291], [-1.13879, 52.952928], [-1.138782, 52.952939], [-1.138783, 52.952965], [-1.138788, 52.952973], [-1.138797, 52.952988], [-1.138793, 52.953006], [-1.13879, 52.953024], [-1.138804, 52.953047], [-1.138799, 52.95304]]]}, "properties": {"description": "Located in the heart of Nottingham, the Motorpoint Arena is one of the UK?s premier indoor entertainment venues. Opened in 2000, the arena has a capacity of up to 10,000 and regularly hosts world-class concerts, sporting events, comedy shows, exhibitions, and family performances. As part of the National Ice Centre complex, it also serves as a key hub for ice sports, including figure skating and ice hockey.\nWith its striking modern facade and central location, the Motorpoint Arena is a landmark destination that attracts hundreds of thousands of visitors each year. It features state-of-the-art facilities, multiple hospitality suites, and convenient access to public transport, making it a cornerstone of Nottingham's cultural and entertainment scene.", "title": "Motorpoint Arena", "fill": "#a0c514"}}, {"type": "Feature", "id": 3080310993, "geometry": {"type": "Polygon", "coordinates": [[[-1.138826, 52.952363], [-1.138889, 52.952323], [-1.138958, 52.952317], [-1.139026, 52.952311], [-1.139069, 52.95231], [-1.139119, 52.952369], [-1.139175, 52.952365], [-1.139213, 52.952357], [-1.139312, 52.952353], [-1.139403, 52.952359], [-1.139471, 52.952353], [-1.139505, 52.952337], [-1.139548, 52.952336], [-1.139604, 52.952333], [-1.139629, 52.952327], [-1.139614, 52.952278], [-1.139626, 52.952249], [-1.139699, 52.952251], [-1.139755, 52.952247], [-1.139811, 52.952244], [-1.139879, 52.952237], [-1.139883, 52.952219], [-1.139882, 52.952193], [-1.139876, 52.95216], [-1.139866, 52.952118], [-1.139887, 52.952105], [-1.139942, 52.952102], [-1.139998, 52.952098], [-1.140054, 52.952095], [-1.14011, 52.952091], [-1.140148, 52.952083], [-1.140191, 52.952082], [-1.140247, 52.952079], [-1.140303, 52.952075], [-1.140371, 52.952069], [-1.140427, 52.952065], [-1.140465, 52.952057], [-1.140491, 52.952051], [-1.14049, 52.952025], [-1.140489, 52.952], [-1.140488, 52.951974], [-1.140482, 52.95194], [-1.140481, 52.951914], [-1.140475, 52.951881], [-1.140461, 52.951858], [-1.140468, 52.951821], [-1.140467, 52.951795], [-1.140453, 52.951772], [-1.140456, 52.951728], [-1.14045, 52.951695], [-1.140449, 52.951669], [-1.140422, 52.951648], [-1.140392, 52.951646], [-1.140311, 52.951655], [-1.140255, 52.951659], [-1.140173, 52.951668], [-1.140143, 52.951666], [-1.140136, 52.951606], [-1.140089, 52.951599], [-1.14002, 52.951606], [-1.139965, 52.951609], [-1.139909, 52.951613], [-1.139866, 52.951613], [-1.13981, 52.951617], [-1.139754, 52.95162], [-1.139698, 52.951624], [-1.139643, 52.951627], [-1.139609, 52.951643], [-1.139605, 52.951662], [-1.139575, 52.951659], [-1.139549, 52.951639], [-1.139535, 52.951616], [-1.139492, 52.951617], [-1.139457, 52.951607], [-1.139419, 52.951615], [-1.139407, 52.951644], [-1.139378, 52.951668], [-1.139344, 52.951684], [-1.139315, 52.951708], [-1.139259, 52.951711], [-1.139234, 52.951717], [-1.139217, 52.951738], [-1.139223, 52.951771], [-1.139237, 52.951794], [-1.139156, 52.951803], [-1.139104, 52.951815], [-1.13904, 52.951829], [-1.139002, 52.951837], [-1.138964, 52.951845], [-1.138925, 52.951854], [-1.138887, 52.951862], [-1.138849, 52.951871], [-1.138823, 52.951876], [-1.138772, 52.951887], [-1.138782, 52.951929], [-1.138783, 52.951955], [-1.138807, 52.951993], [-1.138804, 52.952037], [-1.138814, 52.952078], [-1.13882, 52.952112], [-1.138821, 52.952138], [-1.138818, 52.952156], [-1.138819, 52.952182], [-1.138816, 52.952226], [-1.138822, 52.95226], [-1.138815, 52.952296], [-1.138816, 52.952322], [-1.138822, 52.952355], [-1.138826, 52.952363]]]}, "properties": {"title": "New Feature", "fill": "#ffcc00"}}, {"type": "Feature", "id": 613198991, "geometry": {"type": "Polygon", "coordinates": [[[-0.107721, 51.508611], [-0.107308, 51.50703], [-0.106432, 51.505052], [-0.105431, 51.505192], [-0.104292, 51.505145], [-0.104117, 51.508627], [-0.10642, 51.508775], [-0.107721, 51.508611]]]}, "properties": {"title": "BTEUK - Live Event Area", "fill": "#f18729"}}, {"type": "Feature", "id": 3879576489, "geometry": {"type": "Polygon", "coordinates": [[[-4.316982, 53.257007], [-4.316926, 53.256872], [-4.31667, 53.256723], [-4.316586, 53.256626], [-4.316594, 53.25645], [-4.317326, 53.255626], [-4.317532, 53.255677], [-4.319365, 53.253669], [-4.320995, 53.254285], [-4.321918, 53.254872], [-4.322975, 53.255517], [-4.324082, 53.25634], [-4.320776, 53.257748], [-4.320126, 53.257615], [-4.318424, 53.257249], [-4.316982, 53.257007]]]}, "properties": {"description": "Multiple Schools and a Leisure Centre", "title": "School Grounds", "fill": "#00ff00"}}, {"type": "Feature", "id": 556287411, "geometry": {"type": "Polygon", "coordinates": [[[-4.315016, 53.257135], [-4.315007, 53.256971], [-4.314812, 53.256783], [-4.314883, 53.256732], [-4.314723, 53.256414], [-4.31448, 53.256088], [-4.314179, 53.255712], [-4.313569, 53.255294], [-4.312725, 53.255124], [-4.312127, 53.254607], [-4.312119, 53.25388], [-4.311659, 53.253855], [-4.311329, 53.253538], [-4.310714, 53.253081], [-4.310839, 53.253652], [-4.310794, 53.254297], [-4.310531, 53.254572], [-4.310242, 53.255277], [-4.309983, 53.255669], [-4.309692, 53.255787], [-4.308968, 53.255651], [-4.308939, 53.255876], [-4.309208, 53.256265], [-4.309215, 53.256937], [-4.309014, 53.25704], [-4.308568, 53.257005], [-4.308443, 53.257359], [-4.308979, 53.257433], [-4.308935, 53.257634], [-4.309636, 53.257721], [-4.310468, 53.257444], [-4.311345, 53.257687], [-4.31309, 53.258258], [-4.314223, 53.258129], [-4.315016, 53.257135]]]}, "properties": {"title": "Llangefni Town Centre", "fill": "#f18729"}}, {"type": "Feature", "id": 2005844266, "geometry": {"type": "Polygon", "coordinates": [[[-0.108112, 51.50687], [-0.107784, 51.506605], [-0.107211, 51.506702], [-0.107332, 51.506979], [-0.108112, 51.50687]]]}, "properties": {"description": "Builder Unknown", "title": "Native Hotel", "fill": "#3cc954"}}, {"type": "Feature", "id": 1325346529, "geometry": {"type": "Polygon", "coordinates": [[[-0.107847, 51.506528], [-0.107776, 51.50645], [-0.107302, 51.506533], [-0.10724, 51.506502], [-0.107129, 51.506274], [-0.107222, 51.506237], [-0.107843, 51.506148], [-0.108072, 51.506371], [-0.107992, 51.5065], [-0.107847, 51.506528]]]}, "properties": {"description": "Crayfish547", "title": "London Nautical School", "fill": "#f18729"}}, {"type": "Feature", "id": 216398587, "geometry": {"type": "Polygon", "coordinates": [[[-0.107058, 51.506257], [-0.106915, 51.505911], [-0.107553, 51.505822], [-0.107659, 51.506168], [-0.107058, 51.506257]]]}, "properties": {"description": "Crayfish547", "title": "Hatfields 5-a-side Pitches", "fill": "#3cc954"}}], "groups": [{"title": "Team Builds", "id": 2863042272}, {"title": "Airports", "id": 1182029936}, {"title": "Rail", "id": 25180420}, {"title": "London", "id": 2651410562}, {"title": "Stadiums", "id": 2726418706}, {"title": "Northern Ireland", "id": 280659209}, {"title": "Scotland", "id": 2324632462}, {"title": "Wales", "id": 1978510984}, {"title": "Barrow-In-Furness", "id": 4054877720}, {"title": "Birmingham", "id": 2063151423}, {"title": "Colchester", "id": 2116166683}, {"title": "East London", "id": 1208017137}, {"title": "Gloucestershire", "id": 1101310907}, {"title": "Gravesend", "id": 2605677445}, {"title": "Kenilworth", "id": 2827288510}, {"title": "Stevanage", "id": 260546950}, {"title": "Manchester", "id": 2322582888}, {"title": "Yorkshire and Lincolnshire", "id": 3238267104}, {"title": "Northampton", "id": 2755482033}, {"title": "Liverpool", "id": 1377565569}, {"title": "Nottingham", "id": 2959709471}, {"title": "Poole", "id": 1812531257}, {"title": "Medway", "id": 3504232284}, {"title": "Newcastle", "id": 3635558638}, {"title": "York", "id": 263485724}, {"title": "Coventry", "id": 3126789920}, {"title": "Lake District", "id": 655747322}, {"title": "Southampton", "id": 3999620631}, {"title": "Isle of Wight", "id": 3551539057}, {"title": "Other/Not Specified", "id": 3650614079}, {"title": "Plymouth Area", "id": 4070034240}], "markers": [], "properties": {"simplify": 11}}